vine_id,year,vineyard,block,row,vine_position,variety,year,actual_yield,PC1,PC2,PC3,PC4,PC5,PC6,PC7,PC8,PC9,PC10
ALB_ALBCS2006R,2021,ALB,ALBCS2006R,2006,,CS,2021,0.0,7.303646262752705,-2.90699468756996,0.04048743216761677,1.464552275262297,-2.195745620716892,-1.0498698435278204,0.1828511100163133,1.414148326555138,-0.25820731603064484,1.5531327144129083
ALB_ALBCS2006R,2022,ALB,ALBCS2006R,2006,,CS,2022,0.0,4.540969227491451,-3.2053214431348347,0.47373918281214117,1.2087742200658835,-1.8027282664082438,-0.6140640602320574,-0.05530201691873263,1.0246618223027586,-0.3174449034733607,0.7585980619924949
ALB_ALBCS2006R,2023,ALB,ALBCS2006R,2006,,CS,2023,1.35,5.370477609853232,-2.4198490650236733,0.4919254638546608,2.0115123029060404,-2.2657934131112607,-0.6358952159080055,0.1493723456953385,0.7891306228065614,0.00985726903676263,-0.9027457974204579
ALB_ALBCS2106R,2021,ALB,ALBCS2106R,2106,,CS,2021,0.0,7.339737946199509,-2.848406312715624,-0.08284606268651454,1.2965783515785563,-2.429986726333249,-1.0965140842852907,0.08557362448280445,1.5565668223986802,-0.10445559156523639,1.4134345030583586
ALB_ALBCS2106R,2022,ALB,ALBCS2106R,2106,,CS,2022,0.0,4.577060910938256,-3.146733068280499,0.35040568795800986,1.0408002963821426,-2.036969372024601,-0.6607083009895282,-0.15257950245224122,1.1670803181463005,-0.16369317900795213,0.6188998506379452
ALB_ALBCS2106R,2023,ALB,ALBCS2106R,2106,,CS,2023,0.0,5.5242715707011385,-3.2346701402731015,0.2721225233045457,1.3840850812992354,-2.184387509269095,-0.6863175592361868,0.05139447520375498,0.9219180413213116,0.13946194913273346,-0.047306038825809846
ALH_ALHCS1116914,2020,ALH,ALHCS1116914,1116,,CS,2020,6.51,0.14049661296392196,2.304674052567889,2.71167760341153,1.459945463061593,0.8948588135400082,-0.579976509679612,0.1866604636407664,-0.04532743374371135,0.8998183208248286,-1.8079571440481905
ALH_ALHCS1116914,2021,ALH,ALHCS1116914,1116,,CS,2021,5.54,0.12701517702413825,0.5555727414437444,0.9888828687634607,-0.1792611114964448,0.7148833289295486,-1.1908523433209137,0.8011199766190629,-0.014103952842635636,-1.2733497412731731,1.0810762340370723
ALH_ALHCS1116914,2022,ALH,ALHCS1116914,1116,,CS,2022,8.79,0.07099456142125005,1.6886967523340273,0.9644304816658633,1.4225052315719606,1.7010693161208237,-0.8949202834336625,-0.11307748432990082,0.7174322315151618,-0.7211809319363834,-0.16413794538040527
ALH_ALHCS1116914,2023,ALH,ALHCS1116914,1116,,CS,2023,7.54,0.06993672716728197,0.5815832413705143,-0.9932833738208646,1.390245266231978,1.2037798520995318,-0.8054502218772853,0.44654796302407057,0.4161447626287626,-0.07142182215533849,-0.8640378356005114
ALH_ALHCS11338RPE,2020,ALH,ALHCS11338RPE,1133,,CS,2020,6.21,0.05562248324730778,1.760225962341582,2.247487872311064,0.8341662018819112,0.29205910159003284,-0.5873211270018418,0.45171641475025937,-0.11772842718686861,0.39002523073305756,-1.0790030087334899
ALH_ALHCS11338RPE,2021,ALH,ALHCS11338RPE,1133,,CS,2021,6.05,0.10368010402479015,-0.3150348380458802,-1.2019843518992466,1.2635684082412257,0.9336411281453249,-0.6491582218274912,0.4489548322654476,0.016479918205089646,-0.3680074149114278,0.333050023356168
ALH_ALHCS11338RPE,2022,ALH,ALHCS11338RPE,1133,,CS,2022,6.97,0.0052962311433059584,1.5795129492724806,2.8522643166613273,-0.04477910576016392,0.11237337880742126,-0.8073128391628018,-0.05387070960809842,1.2119740048033587,-0.7656456200367171,0.06295562534140187
ALH_ALHCS11338RPE,2023,ALH,ALHCS11338RPE,1133,,CS,2023,6.32,-0.007361949949939615,0.1302926919849888,-1.4334106383234646,1.5356220193969627,1.0779770411488572,-0.6237927064369309,0.6370469423715966,-0.1440687340980199,-0.1609191214213728,-0.5340317043416599
ALH_ALHCS11338RPW,2020,ALH,ALHCS11338RPW,1133,,CS,2020,5.25,-1.504377977388241,0.8391570062314742,2.9847106192811252,3.3773542906376632,0.37260892734654444,-5.654174625255632,4.056716186655967,2.977469229676837,1.82532755522999,-0.257618570167761
ALH_ALHCS11338RPW,2021,ALH,ALHCS11338RPW,1133,,CS,2021,4.0,-1.495277877698997,-0.8632440889533493,1.3804534245432978,2.478215371065268,0.4190320224218427,-5.990112373053591,4.550000276282563,2.708313756537096,0.45637640550825925,1.8266362624492012
ALH_ALHCS11338RPW,2022,ALH,ALHCS11338RPW,1133,,CS,2022,5.36,-1.5498523423550508,0.9397141682970837,2.423349103052566,3.7802136901967667,1.0732824244257078,-5.823006857721566,3.5522603581951193,3.621831722184896,0.6171796499850994,0.8040769623490993
ALH_ALHCS11338RPW,2023,ALH,ALHCS11338RPW,1133,,CS,2023,4.39,-1.599680521322384,-0.8290254063772239,-0.07388683743970222,3.852592950657948,0.6302162514212017,-5.686021222144434,4.374176267021556,2.8011363438701955,1.1156498522944618,0.18774129249059204
ALH_ALHCS12169RE,2020,ALH,ALHCS12169RE,1216,,CS,2020,11.85,0.1001972346902489,1.791314840706683,1.9840692609802755,0.19529017500650842,-0.06170729824755433,-0.7860638074915701,0.6595055434278931,-0.10664907064055136,0.29499515810193055,-1.0832110847972973
ALH_ALHCS12169RE,2021,ALH,ALHCS12169RE,1216,,CS,2021,11.26,0.18798273428001247,0.08736754065853668,-1.9018844519626628,0.5962827411450043,0.5637015642821603,-0.9452406583905978,0.5467924145984535,0.2082097434117989,0.03111227766561149,0.3870874368159925
ALH_ALHCS12169RE,2022,ALH,ALHCS12169RE,1216,,CS,2022,11.72,0.10075737006813414,2.2528869727153715,1.776844694326575,-0.06380077557980215,-0.2590300557620573,-1.0432478975514656,-0.23333205427441575,1.557934696597587,-0.383311508489578,-0.1354767464601258
ALH_ALHCS12169RE,2023,ALH,ALHCS12169RE,1216,,CS,2023,10.71,0.06055328391032313,0.4234947523344534,-1.6882995428630694,0.8171889475718955,0.40782120145467915,-0.8628467201664083,0.5820799514017004,0.2872352304318156,0.09373946774486554,-0.5439592450763826
ALH_ALHCS12169RWE,2020,ALH,ALHCS12169RWE,1216,,CS,2020,2.5,0.16172907338152862,3.715993388578954,4.286688755329227,4.804278064924046,3.9036294478485094,0.09224971530032251,-3.091505636217159,2.8493709046800193,1.1392835213742758,-0.9827821541149876
ALH_ALHCS12169RWE,2021,ALH,ALHCS12169RWE,1216,,CS,2021,1.93,0.12202856139385562,1.1442587959254638,1.8780812699269938,4.067339252971511,3.836034783049621,-0.0855350575568482,-2.4892929577624607,2.2573048992271483,0.00888896679789847,0.8055768782700542
ALH_ALHCS12169RWE,2022,ALH,ALHCS12169RWE,1216,,CS,2022,2.29,0.056009553623164295,3.1131312427958377,3.6549671340052003,4.778382808926417,4.058977439269391,-0.07058571219845268,-3.165350953901631,3.109557101485837,-0.23439836832417388,0.023302011074090242
ALH_ALHCS12169RWE,2023,ALH,ALHCS12169RWE,1216,,CS,2023,1.92,-0.05003539418209045,0.15151938739374363,-0.4079271370728231,2.7886466477890224,1.9959478366625143,-0.4062868132381943,0.11435570410273863,0.1378896340266091,-0.4968201541374261,-0.6238227086338788
ALH_ALHCS12169RWW,2020,ALH,ALHCS12169RWW,1216,,CS,2020,9.8,0.12455106595052662,1.9186016993913686,2.139582320177694,1.3267869569230837,0.7565698432471362,-0.576524320681797,-0.20590811205806317,0.6464233916614941,0.7100354675436096,-1.4729044753294032
ALH_ALHCS12169RWW,2021,ALH,ALHCS12169RWW,1216,,CS,2021,6.45,0.15624293143941514,0.7506811558380038,0.4788190483553112,-0.07868368365254363,0.47213755832032045,-1.1724547971151573,0.5246916556528044,0.35524372353683203,-0.6877303571259799,0.9141920280616516
ALH_ALHCS12169RWW,2022,ALH,ALHCS12169RWW,1216,,CS,2022,7.63,0.046780294189679404,2.0081472063390815,0.5359950131861456,2.093955334874398,0.9365085184008863,-0.8422675073536378,-0.6025065521018673,1.015556382425057,-0.590386530724651,-0.4021485337813663
ALH_ALHCS12169RWW,2023,ALH,ALHCS12169RWW,1216,,CS,2023,5.93,-0.006507921039484465,0.382833821014367,-0.9444995446942693,1.3352129539074542,-0.017456758575772377,-0.8209805138672379,0.46050825276740154,0.2680111576988405,-0.363667871837415,-0.8817187275500584
ALH_ALHCS1341214,2020,ALH,ALHCS1341214,1341,,CS,2020,17.49,0.15033802687341716,2.202505813354143,1.6525885135502165,-0.2535624744151796,-0.966727432866145,-0.9250056202072472,1.098601141978458,-0.6869624762475772,0.6721947304608933,-1.572191561916164
ALH_ALHCS1341214,2021,ALH,ALHCS1341214,1341,,CS,2021,13.7,0.2528692517150307,0.9019166908760208,-2.655919016419146,0.17314087979153964,-0.4281506750183679,-1.270536668772951,0.5063461633686562,0.41452499904822726,0.11193533999883522,0.4912616876295539
ALH_ALHCS1341214,2022,ALH,ALHCS1341214,1341,,CS,2022,17.55,0.13366633464772207,2.308350282300897,1.2505438614538615,-1.4475392672111274,-1.490821031254936,-1.4201604760411184,0.5084800907118301,1.1100603327847873,-0.6003364066095602,0.05653404168509392
ALH_ALHCS1341214,2023,ALH,ALHCS1341214,1341,,CS,2023,17.04,0.1764317669072282,1.2436390460610456,-2.54270054043977,0.2704936730287604,0.1300342416925816,-1.1533476855559317,0.5504183733101672,0.5642638152020139,0.5275658318853863,-0.44839421592565915
ALH_ALHCS17412S,2020,ALH,ALHCS17412S,1741,,CS,2020,11.65,0.1747409174419544,1.0322353105491389,1.8376638290492524,-0.7190253753522332,-0.4005619565807308,-0.004857391620557863,0.6185873095537873,-0.7078423702044346,0.33699231177921285,-1.0191845063121423
ALH_ALHCS17412S,2021,ALH,ALHCS17412S,1741,,CS,2021,16.66,0.3354717700458204,0.368607824911436,-2.3297740436327645,0.04238020163541692,0.5013584410011082,-0.2521283001693587,0.2820079017987027,-0.19246053312411476,0.2219822852810205,0.24336299210579515
ALH_ALHCS17412S,2022,ALH,ALHCS17412S,1741,,CS,2022,17.64,0.2573470461993701,2.955017374516534,0.7770563570679535,-1.28508606907218,-1.3196385758805163,-0.6949027634868987,-0.1139917145784915,0.9934571487925334,-0.38997577788650495,-0.0019339891031499906
ALH_ALHCS17412S,2023,ALH,ALHCS17412S,1741,,CS,2023,0.0,0.28227923033510305,-0.12033689234124655,-2.5763421009456793,0.008026108632208817,0.15849980938234012,-0.3265919515685612,0.3013983742472291,-0.06361600175005291,-0.07146815136467662,0.7218212773521173
ALH_ALHCS17412SE,2023,ALH,ALHCS17412SE,1741,,CS,2023,8.09,-0.055623973702326135,0.03467343737644693,0.0661287645587018,1.0306482064123474,-0.8408295131602165,-0.6787442290056206,-0.13475918734314699,1.2137360032441988,0.18828115752218302,-1.070207443711825
ALH_ALHCS17412SW,2023,ALH,ALHCS17412SW,1741,,CS,2023,8.76,-0.05965920317674718,-0.15330952407774537,0.10891340066002474,0.9430804403074341,-0.7490472410862193,-0.6547548440477957,-0.11540323732195809,1.2393123473506873,0.1996044978535592,-1.0266953686922764
ALH_ALHCS18412REN,2020,ALH,ALHCS18412REN,1841,,CS,2020,0.0,-0.06921683753312127,-2.268904098965129,-0.16363478972815837,0.19712212730645529,-1.1687662351035293,-0.5925695460049876,0.22456691759722616,0.7985870260765896,0.10448085371615003,0.15492049262713062
ALH_ALHCS18412REN,2021,ALH,ALHCS18412REN,1841,,CS,2021,3.19,-0.08400105732320719,-1.7264242531202627,0.33986643825538504,1.0439512741018506,-0.9955981084659217,-0.4670013770077365,0.001019039889695349,0.6284941163224326,-0.14617103430779296,-0.2170267602576484
ALH_ALHCS18412REN,2022,ALH,ALHCS18412REN,1841,,CS,2022,5.32,-0.12449650535660908,0.815952577808321,2.5472589381758985,0.30860777989414995,-1.1735002049542198,-0.9241457891745665,-0.13107119510437387,1.1435750947178989,-1.0193892718529665,-0.04450508039686962
ALH_ALHCS18412REN,2023,ALH,ALHCS18412REN,1841,,CS,2023,3.82,-0.1138682373250423,-0.3563920316363714,-1.2372076939077559,1.7688205527718002,-0.002937275730560171,-0.7307302141121133,0.3527453828375253,0.11425462493607831,-0.13587525621162186,-0.6124101222937303
ALH_ALHCS18412RES,2020,ALH,ALHCS18412RES,1841,,CS,2020,0.0,-0.0707698676001175,-2.2733612322061836,-0.15875578585410222,0.20394174891248004,-1.1626440973577814,-0.5921056831575289,0.22690807518063558,0.7952404888305814,0.09913342889027978,0.15971082850911447
ALH_ALHCS18412RES,2021,ALH,ALHCS18412RES,1841,,CS,2021,2.84,-0.08994935394305484,-1.7710733270335746,0.3387275745381942,1.0469240868100562,-1.0131005451172599,-0.46431500739171305,0.01608419264614467,0.606821970615514,-0.15681678687375403,-0.20764798993618178
ALH_ALHCS18412RES,2022,ALH,ALHCS18412RES,1841,,CS,2022,4.53,-0.1547316657792863,0.1455683400232905,2.2382392704599035,0.07290347151142945,-1.3553319783278972,-0.8815748758553713,0.1523234221590709,0.9055329405320942,-1.0103127267730982,-0.09792366964678116
ALH_ALHCS18412RES,2023,ALH,ALHCS18412RES,1841,,CS,2023,4.63,-0.12234543798940406,-0.6992790513539784,-0.9745821064532167,1.5603539509228976,0.01582759156927408,-0.6494151177841866,0.34575401361767377,0.2127203021049437,-0.0024886635808122216,-0.6810705512284603
ALH_ALHCS18412RM,2020,ALH,ALHCS18412RM,1841,,CS,2020,0.0,-0.1247943476573867,-2.3203785678318534,-0.09429531913541286,0.38398838577401445,-1.2174598198354598,-0.3827327099251794,0.11078964329692019,0.7340410218676658,0.1396186837401098,0.5189005453188404
ALH_ALHCS18412RM,2021,ALH,ALHCS18412RM,1841,,CS,2021,1.78,-0.11777779505150243,-1.6691993710599433,0.6610479474374163,1.4907934299125292,-0.5272310670314362,-0.18814258300146938,-0.3339516070730157,0.8236362270404382,-0.08651208090861119,0.1849757512715132
ALH_ALHCS18412RM,2022,ALH,ALHCS18412RM,1841,,CS,2022,3.67,-0.1483911447909718,0.9826998226784444,3.224339667159155,1.9329335838740527,0.20877820482499948,-0.30019318940986683,-1.53420009450999,2.137922785498461,-0.41731920338660894,0.12932205208932915
ALH_ALHCS18412RM,2023,ALH,ALHCS18412RM,1841,,CS,2023,3.2,-0.14124702594680158,-0.4004724800011574,-0.5482014521866884,2.282665886393944,0.7630258146586892,-0.34189435412853025,-0.11100012144217997,0.4646332327939069,0.04263206539985712,-0.3251897880640291
ALH_ALHCS18412RW,2021,ALH,ALHCS18412RW,1841,,CS,2021,2.66,0.001889462021977145,-1.2500299024738692,-0.11836475714728659,0.6139933404778768,-0.9148952956320244,-0.7542828886851669,0.02800508022817031,0.9923019949133686,0.051230206835175505,-0.0985912631950654
ALH_ALHCS18412RW,2022,ALH,ALHCS18412RW,1841,,CS,2022,4.8,-0.12336798189350877,0.595470230074681,2.433642637780024,0.10844875178109407,-1.2843670132545493,-1.0135636737561513,0.13602593589288683,0.9382537615910178,-1.0155492976948568,-0.2512206411179986
ALH_ALHCS18412RW,2023,ALH,ALHCS18412RW,1841,,CS,2023,4.21,-0.0995919526198472,-0.1368209654080728,-1.2398428341800212,1.8465985391238753,-0.15329683591282223,-0.850922907780848,0.37357526755921655,0.1036807666551639,-0.3360287497556457,-0.7771183939146402
ALH_ALHCS18412RWN,2020,ALH,ALHCS18412RWN,1841,,CS,2020,0.0,0.11462900117220211,-1.4692840109645686,-0.15273428028171712,0.15402203025413125,-0.28106807468552963,0.2359148218381825,-0.016616422374799333,0.2661781262643643,-0.18571815350358453,0.07258888818233447
ALH_ALHCS18412RWN,2021,ALH,ALHCS18412RWN,1841,,CS,2021,0.0,0.05527208830104901,-1.9928414230975717,0.347769768556469,0.48558247950975086,-0.1987768966239737,0.4541406113675237,-0.013541795913876423,-0.012795098152842807,-0.39193091307929695,-0.18188862614392823
ALH_ALHCS18412RWS,2020,ALH,ALHCS18412RWS,1841,,CS,2020,0.0,0.07474940766612061,-1.5837368252616457,-0.027448430801488878,0.32914017078026914,-0.12386032328578384,0.2478261570997119,0.04350115985632061,0.1802438305543659,-0.32303238385361055,0.19559787029470585
ALH_ALHCS18412RWS,2021,ALH,ALHCS18412RWS,1841,,CS,2021,0.0,0.015392494794967508,-2.1072942373946493,0.4730556180366972,0.6607006200358887,-0.041569145224227805,0.4660519466290531,0.04657578631724352,-0.0987293938628412,-0.5292451434293229,-0.05887964403155681
ALN_ALHCS09169AN,2020,ALN,ALHCS09169AN,0916,,CS,2020,5.04,-0.3327563281422268,3.0107811759272876,3.3402624588303382,2.583482901204741,1.3052628960151527,0.07969831996950079,-0.04762797744890185,0.41193662103428963,0.627839081392473,0.05637168171126483
ALN_ALHCS09169AN,2021,ALN,ALHCS09169AN,0916,,CS,2021,4.33,-0.32100065694616353,1.3310409140965247,1.4334750266477607,1.604409973926013,1.5786940684871482,-0.35080486103534125,0.49563611043680966,0.10373752085418203,-1.060220764820714,2.4641495061527188
ALN_ALHCS09169AN,2022,ALN,ALHCS09169AN,0916,,CS,2022,7.24,-0.39047601999015596,2.2159112791816997,2.1776664544972464,2.061681538368251,2.1378262016041787,-0.20405377538841113,0.11350519295009981,0.6387692944489056,-0.7859661154977772,1.5119159452710635
ALN_ALHCS09169AN,2023,ALN,ALHCS09169AN,0916,,CS,2023,3.81,-0.45087251701953907,0.15904977139207588,-1.3679744026411194,2.3810453326298204,1.3401081508191717,-0.025617553236096154,1.0942940791429137,-0.383751697304444,0.1590616998832921,0.461802103425838
ALN_ALHCS09169AS,2020,ALN,ALHCS09169AS,0916,,CS,2020,8.44,-0.32729930572176785,2.4685896267370415,3.580477646315631,0.25130050886455674,0.5401881118777127,-0.33066299075583455,1.445789959348738,-0.6618779958983794,0.008884629405692589,0.6057491207680072
ALN_ALHCS09169AS,2021,ALN,ALHCS09169AS,0916,,CS,2021,6.76,-0.24482057113631434,1.25286253191985,0.8724562946808414,0.25164942790525957,2.082522436162707,-0.6531916826742302,1.405624450047792,-0.518139661506697,-0.8998632822257419,2.9344920562747894
ALN_ALHCS09169AS,2022,ALN,ALHCS09169AS,0916,,CS,2022,4.5,-0.41220778756361853,0.8063445234719003,-1.5677047513565785,2.7335949781956206,1.5058893039907657,-0.089805146332314,0.9993680576125021,-0.43298468867653694,0.07753737619733614,0.4002101702254755
ALN_ALHCS09169AS,2023,ALN,ALHCS09169AS,0916,,CS,2023,2.31,-0.5466713555453492,0.13613502443504297,0.14590590433364906,1.9723488188878204,-1.1039504429408677,0.04800572144701848,0.6952034995765688,0.2557445838293846,-0.23186335772681807,-0.07256416847913463
ALN_ALHCS09169PE,2020,ALN,ALHCS09169PE,0916,,CS,2020,6.07,-0.1940372672869381,3.184003644545369,3.967724727604444,2.498779090887056,1.937904292212232,-0.06500113439922624,0.1906585020755253,0.11784616806086497,1.0918364101498657,-0.8414823150884483
ALN_ALHCS09169PE,2021,ALN,ALHCS09169PE,0916,,CS,2021,4.81,-0.21381688093395937,0.12909945111612886,-1.123886886624717,2.445209277028687,2.241737714737038,-0.31270327427153005,0.8521050800735868,-0.08896158708951893,-0.18161334411871222,0.934032551858682
ALN_ALHCS09169PE,2022,ALN,ALHCS09169PE,0916,,CS,2022,4.11,-0.48969895703033894,-0.9002760653288485,0.1507947453930862,1.1308093425475116,-0.7635115053550316,-0.1572403764968044,1.109112870362258,0.208650320429012,-0.1254458984602903,-0.42139618015722136
ALN_ALHCS09169PE,2023,ALN,ALHCS09169PE,0916,,CS,2023,4.4,-0.41847297660858235,0.17355626919651668,0.6161380897904832,2.022061658509596,0.14494946991462646,-0.11088897387565466,0.541746561704799,0.7185504670295483,-0.20283695399143334,-0.4763993960149785
ALN_ALHCS09169PW,2020,ALN,ALHCS09169PW,0916,,CS,2020,3.55,-0.1736704859104048,3.913294214526444,4.329456778348917,4.309337511494251,3.0716838969482585,0.2413252570863717,-1.3110470625306903,1.3490768808051374,1.4083578169464477,-0.9069312117948608
ALN_ALHCS09169PW,2021,ALN,ALHCS09169PW,0916,,CS,2021,3.36,-0.26265189560229424,-0.2141050427468798,-0.7689635380651376,2.5917974603722196,2.057346676745089,-0.2127132360682169,0.8169920522124225,-0.1404499998857738,-0.408471052783737,0.8788045356780778
ALN_ALHCS09169PW,2022,ALN,ALHCS09169PW,0916,,CS,2022,3.05,-0.5092322384342025,-1.1106538228343181,0.3122673809626047,1.2152339921066935,-0.6546410079995894,-0.08615122956476073,1.116637291215561,0.1481537595565587,-0.14241110426844927,-0.46655679230215175
ALN_ALHCS09169PW,2023,ALN,ALHCS09169PW,0916,,CS,2023,1.56,-0.4481589871611975,0.12625727778899226,0.7485560166093376,2.3213726070000633,0.17687627972399853,-0.06312797494029825,0.5093008205058314,0.6298520220284467,-0.3083953648372977,-0.4930382821558621
ALN_ALHCS09338AE,2020,ALN,ALHCS09338AE,0933,,CS,2020,10.08,-0.3436018485143131,1.347188430022174,0.5006135991744234,2.08718786709396,0.4553299908432934,-0.1546826245631616,0.2584260625243329,1.1815183033038716,0.14191072062616286,-0.4246860062848407
ALN_ALHCS09338AE,2021,ALN,ALHCS09338AE,0933,,CS,2021,9.24,-0.24272041670696187,0.23908321038419164,-0.10748050116348448,1.112917201505453,0.20401792676680366,-0.296409363673624,0.5539036505382839,0.9841520533977343,0.26223012189328343,0.7134000216852282
ALN_ALHCS09338AE,2022,ALN,ALHCS09338AE,0933,,CS,2022,8.06,-0.37000874120918087,1.042278933210986,0.1218012228084709,1.7126069664478394,-0.01336737586376266,-0.2444840442403219,0.504981628965724,1.0009810036137865,0.22128836950403086,-0.30058723047073244
ALN_ALHCS09338AE,2023,ALN,ALHCS09338AE,0933,,CS,2023,4.73,-0.4751436792270402,0.8554516498777298,-0.00443891185265669,1.8505071892827067,-0.7668104939884421,-0.2548137826083296,0.7334180084331936,0.5867901743402554,-0.05216713112639732,-0.5418968025483997
ALN_ALHCS09338AEF,2020,ALN,ALHCS09338AEF,0933,,CS,2020,0.0,0.09993716951138075,-1.3165442554851279,0.6151776762399789,0.5231105550408085,-0.037637816789469786,0.3755340350438876,0.48106639882063695,-0.6966457836204748,0.38762785191217636,-0.47620395812392374
ALN_ALHCS09338AEF,2021,ALN,ALHCS09338AEF,0933,,CS,2021,0.0,0.006434462458467426,-0.45926719965428403,4.380899041800182,-1.3865279091376588,-0.10740917804818001,-0.111842938043807,0.26185990938732834,-0.007171725356556023,-1.9475840989352662,1.7230479511783068
ALN_ALHCS09338AEF,2022,ALN,ALHCS09338AEF,0933,,CS,2022,0.0,0.037798644357153556,-1.9845377657932959,-1.845825923007338,1.7027276358991157,2.0767347133815823,0.26496865308015227,0.8356790782094424,-1.6992957716327255,-0.8697522730425283,0.6340121048467342
ALN_ALHCS09338AEF,2023,ALN,ALHCS09338AEF,0933,,CS,2023,0.0,-0.007681094771833469,-2.1735145026903155,0.5455436755941032,0.762020712468258,0.04938832985545824,0.47294362321986844,0.08135869898504033,-0.14844937580353582,-0.6086925979851099,0.012291060500775058
ALN_ALHCS09338AEI,2020,ALN,ALHCS09338AEI,0933,,CS,2020,0.0,0.07546596998439177,-0.7504373064193448,1.5170960610620274,-0.42034603315648694,0.2682958189203763,-0.04322790270407029,0.37550281428035936,-0.2364239654607963,-1.0039222898735114,1.0925789474389755
ALN_ALHCS09338AEI,2021,ALN,ALHCS09338AEI,0933,,CS,2021,0.0,0.0172393102303512,-2.069965605760442,-0.7647958304888782,1.2774765609235226,1.1602630605547044,0.3589847354720787,0.4946849341764935,-0.9982282228332289,-0.751738995276846,0.35296012589582115
ALN_ALHCS09338AEI,2022,ALN,ALHCS09338AEI,0933,,CS,2022,0.0,0.003147277897986388,-0.8584754757037705,3.4877340935056163,-0.8861809698595686,-0.07089468990623682,0.024340233757322905,0.21982538093748058,-0.04007200011818148,-1.6357874480290653,1.324652510883539
ALN_ALHCS09338AEI,2023,ALN,ALHCS09338AEI,0933,,CS,2023,0.0,0.02720747223122507,-2.0285460469884926,-1.2889316329220708,1.4836589003056284,1.6046129528344029,0.3134011803729629,0.6600154282530749,-1.338139761645106,-0.8089575541935404,0.4892277520538396
ALN_ALHCS09338AN,2020,ALN,ALHCS09338AN,0933,,CS,2020,6.97,-0.25548930248101376,3.241761239286268,3.6046832417276544,1.8970215095556682,1.3741201702994519,-0.2312968859442864,0.5226573342836472,0.05214746348527043,0.5471406972679883,-0.29057757046895305
ALN_ALHCS09338AN,2021,ALN,ALHCS09338AN,0933,,CS,2021,4.15,-0.24321845413783474,2.0729137298197737,1.5067523256301036,1.2056729359816791,1.8031937375078617,-0.7746833651675823,0.8400728534701801,-0.03869151449798147,-1.2179708385737353,2.4046324553790335
ALN_ALHCS09338AN,2022,ALN,ALHCS09338AN,0933,,CS,2022,5.78,-0.37751107273890455,2.4625583732698932,1.4292264902437188,2.1507724986923087,1.742882315662075,-0.5734106937188495,0.6012567208581476,0.06928745937425237,-1.2936654838482695,1.2335765506909815
ALN_ALHCS09338AN,2023,ALN,ALHCS09338AN,0933,,CS,2023,3.46,-0.457817662235929,0.2037345205343813,-1.4541991465735575,2.3629315181017314,0.7539092351368438,-0.2805577324755053,1.338186733582639,-0.6301103217900001,-0.2559082892089723,0.08500668472863951
ALN_ALHCS09338AW,2020,ALN,ALHCS09338AW,0933,,CS,2020,10.07,-0.37125756781517094,1.1147330391724368,0.39703513641177657,1.9825624758298228,0.20463664959486663,-0.16606200278984282,0.38815196674898883,1.019758846694287,0.10920188672412615,-0.39987764326042485
ALN_ALHCS09338AW,2021,ALN,ALHCS09338AW,0933,,CS,2021,9.97,-0.2362592293730884,0.32807940682571773,-0.06891976314625506,1.1745382715419768,0.2666739446355008,-0.3018108867292793,0.49763562594886945,1.0507810964643753,0.18074767488089707,0.7475190317776133
ALN_ALHCS09338AW,2022,ALN,ALHCS09338AW,0933,,CS,2022,7.41,-0.36257898785078685,1.061102622266941,0.1295241911171136,1.7095366052292726,0.13304325516224483,-0.2392281092677376,0.48823653085169094,1.0559601525477293,0.34342080923773277,-0.2896869836990231
ALN_ALHCS09338AW,2023,ALN,ALHCS09338AW,0933,,CS,2023,5.12,-0.45294941201456945,0.6892222406440076,0.0037861566165548702,1.8348121495310246,-0.7311944538938029,-0.2544266620699209,0.720585267349528,0.5470140469853799,-0.1494085413821512,-0.30318960680710694
ALN_ALHCS09338AWF,2020,ALN,ALHCS09338AWF,0933,,CS,2020,0.0,0.11882204615088296,-1.1860783635003609,0.8382751738641768,0.5593650170605273,-0.03949063058296312,0.42280993992128946,0.6386768743279704,-1.0203208571034015,0.6968004263858356,-0.7669323405829953
ALN_ALHCS09338AWF,2021,ALN,ALHCS09338AWF,0933,,CS,2021,0.0,0.005532098069315774,-0.5688537852364961,4.135716506974223,-1.2491777689436732,-0.09738559306803868,-0.0744593222552615,0.25032101922462513,-0.016203173330335677,-1.861992861431603,1.613684496979743
ALN_ALHCS09338AWF,2022,ALN,ALHCS09338AWF,0933,,CS,2022,0.0,0.03489126377356535,-1.9966184704351144,-1.6929529806309902,1.6425911202460015,1.9471326614666704,0.27826385665072767,0.787457684103773,-1.6001549061459281,-0.8530635266918257,0.5942673805506454
ALN_ALHCS09338AWF,2023,ALN,ALHCS09338AWF,0933,,CS,2023,0.0,-0.007681094771833469,-2.1735145026903155,0.5455436755941032,0.762020712468258,0.04938832985545824,0.47294362321986844,0.08135869898504033,-0.14844937580353582,-0.6086925979851099,0.012291060500775058
ALN_ALHCS09338AWI,2020,ALN,ALHCS09338AWI,0933,,CS,2020,0.0,0.15728279169841627,0.2681452875226876,3.2180997426590556,-0.8161051620695584,0.4474472146048364,-0.05886900058330989,1.1191805068338945,-1.613553156523791,-0.2755315368144814,0.5681277618063045
ALN_ALHCS09338AWI,2021,ALN,ALHCS09338AWI,0933,,CS,2021,0.0,0.03260689331503175,-2.0061104526536866,-1.5728385259067168,1.595341000804269,1.8453024778192395,0.2887100880276084,0.7495694458778898,-1.5222585118348728,-0.8399509402734164,0.5630393828894329
ALN_ALHCS09338AWI,2022,ALN,ALHCS09338AWI,0933,,CS,2022,0.0,0.0020515497111593846,-0.9915449010535993,3.1900124440740942,-0.719398656766872,-0.05872319385892237,0.06973462435769953,0.20581387145419788,-0.05103875837205675,-1.531855231060332,1.191854030785283
ALN_ALHCS09338AWI,2023,ALN,ALHCS09338AWI,0933,,CS,2023,0.0,0.02367708152258224,-2.043215474053558,-1.1033002028936485,1.4106359884411326,1.4472390326520097,0.32954535613723307,0.601460878267619,-1.2177544249825663,-0.7886926479105444,0.44096630112287477
ALN_ALHCS09338RE,2020,ALN,ALHCS09338RE,0933,,CS,2020,4.61,-0.36219274905131915,0.9243656198352953,0.4231410262242136,2.1062801517389174,0.18209365436663086,-0.22841855079435228,0.41921884437223966,0.8952746352875283,-0.03252635825159019,-0.5084636463895581
ALN_ALHCS09338RE,2021,ALN,ALHCS09338RE,0933,,CS,2021,5.78,-0.27884659397897316,-0.04891804823277036,0.2807568531516865,1.6788159924959971,0.0608557530892497,-0.24808427148644394,0.5155385586949105,0.654784677037809,-0.3560764788964302,0.46134473842917884
ALN_ALHCS09338RE,2022,ALN,ALHCS09338RE,0933,,CS,2022,5.1,-0.39924119753146464,0.7139403389790883,0.5448490239806356,2.0085252281546526,0.19462359532366644,-0.1627586839439662,0.464435422526981,0.9169106177891537,-0.02699946035005315,-0.7355406337013369
ALN_ALHCS09338RE,2023,ALN,ALHCS09338RE,0933,,CS,2023,2.84,-0.470214725556844,0.016999866478013298,0.33403546264690387,1.6976408077298248,-0.4372910618959959,-0.1582383227135311,0.805526943355328,0.48634824759486245,-0.07914987394255941,-0.7388578196712297
ALN_ALHCS09338REF,2020,ALN,ALHCS09338REF,0933,,CS,2020,0.0,-0.2848525111012046,-0.8860468390623321,1.222369309487791,1.2419632037570705,-0.04334424641369297,0.0543509425599563,1.686700980861701,-1.1410465544466737,1.2586104516359662,-0.6296796929318376
ALN_ALHCS09338REF,2021,ALN,ALHCS09338REF,0933,,CS,2021,0.0,-0.4323388482900344,-2.0184450804575835,0.6817517027463867,1.404336163587336,0.04759339601749893,0.051955842661422016,0.9542600549550677,0.09046389738977756,-0.3904076554834892,0.47257524421756764
ALN_ALHCS09338REF,2022,ALN,ALHCS09338REF,0933,,CS,2022,0.0,-0.4323388482900344,-2.0184450804575835,0.6817517027463867,1.404336163587336,0.04759339601749893,0.051955842661422016,0.9542600549550677,0.09046389738977756,-0.3904076554834892,0.47257524421756764
ALN_ALHCS09338REF,2023,ALN,ALHCS09338REF,0933,,CS,2023,0.0,-0.4323388482900344,-2.0184450804575835,0.6817517027463867,1.404336163587336,0.04759339601749893,0.051955842661422016,0.9542600549550677,0.09046389738977756,-0.3904076554834892,0.47257524421756764
ALN_ALHCS09338REI,2020,ALN,ALHCS09338REI,0933,,CS,2020,0.0,-0.2572131408714757,0.22385668088959856,3.0376512415232964,0.1744270597379176,0.33335995569367655,-0.32333410625300185,2.040712133000633,-1.5637674249860998,0.4724548790309734,0.4348864264396482
ALN_ALHCS09338REI,2021,ALN,ALHCS09338REI,0933,,CS,2021,0.0,-0.4011883420373035,-1.8890089592952413,-0.9561726798573401,2.0486559741564165,1.4361868093915566,-0.09049276702331509,1.4709178489443842,-0.9717596613973387,-0.5692156520981593,0.8984115759613752
ALN_ALHCS09338REI,2022,ALN,ALHCS09338REI,0933,,CS,2022,0.0,-0.4235085681961933,-0.9460620644030802,3.081037936400418,0.06026693454619155,-0.05049454271674046,-0.3138695404122012,1.0671763372615217,0.17884306684747722,-1.2279790510550483,1.5427747603035122
ALN_ALHCS09338REI,2023,ALN,ALHCS09338REI,0933,,CS,2023,0.0,-0.4038880525792069,-1.9002267564626445,-0.8142192333650171,1.992814923907096,1.3158420468991383,-0.07814722085063786,1.4261408401319766,-0.8797002863024553,-0.5537189590582212,0.8615057605435785
ALN_ALHCS09338RMZ,2020,ALN,ALHCS09338RMZ,0933,,CS,2020,8.76,-0.3236865184153808,1.1282932098578107,0.4403746511857289,1.999358393367109,0.3415831443115868,-0.2428959073293633,0.3481414881236465,1.0464911191814097,0.044301048501143976,-0.5401396359388424
ALN_ALHCS09338RMZ,2021,ALN,ALHCS09338RMZ,0933,,CS,2021,6.33,-0.21938452391663807,0.4653804983411402,0.0009487054927010632,1.503611161794623,0.1875283320384694,-0.37469617490454427,0.4653079354677778,0.888189333897692,-0.03019998419693263,0.529609695731556
ALN_ALHCS09338RMZ,2022,ALN,ALHCS09338RMZ,0933,,CS,2022,6.39,-0.3716969111879769,0.7536380990832898,0.2964790902069197,1.8800262370703757,-0.1369223395401681,-0.26206118113070903,0.5235805254517829,0.8044949461785339,-0.16707635695979767,-0.4780500213876186
ALN_ALHCS09338RMZ,2023,ALN,ALHCS09338RMZ,0933,,CS,2023,5.41,-0.4353207936601217,0.4286439708046986,0.2115380867528855,1.6871933989245036,-0.45427252725433037,-0.23885571790566243,0.732915930598361,0.6143749423355261,-0.07629778518005743,-0.7112637527583896
ALN_ALHCS09338RMZF,2020,ALN,ALHCS09338RMZF,0933,,CS,2020,0.0,-0.2953441092342613,-0.9585278901649807,1.0984262552521256,1.221821835968338,-0.042314905417307785,0.028086550961399795,1.599139605579849,-0.9612270691783813,1.086847910261711,-0.46816392489902026
ALN_ALHCS09338RMZF,2021,ALN,ALHCS09338RMZF,0933,,CS,2021,0.0,-0.4204792020326128,-0.5781642413770824,3.9041507318875674,-0.4008371075336171,-0.08414514943578605,-0.4393716791308895,1.1059140399505973,0.2091629279023083,-1.5153210626744882,1.90992349939869
ALN_ALHCS09338RMZF,2022,ALN,ALHCS09338RMZF,0933,,CS,2022,0.0,-0.3941275606200179,-1.8596701051651103,-1.3274355399141848,2.194701797885408,1.7509346497563432,-0.1227811185518555,1.5880269489152958,-1.2125303347224186,-0.6097454646641511,0.994934477823305
ALN_ALHCS09338RMZF,2023,ALN,ALHCS09338RMZF,0933,,CS,2023,0.0,-0.4323388482900344,-2.0184450804575835,0.6817517027463867,1.404336163587336,0.04759339601749893,0.051955842661422016,0.9542600549550677,0.09046389738977756,-0.3904076554834892,0.47257524421756764
ALN_ALHCS09338RMZI,2020,ALN,ALHCS09338RMZI,0933,,CS,2020,0.0,-0.2687450769559291,-0.08248767299400091,2.5341899525846463,0.4287024540029048,0.2409021030615678,-0.24197326083742363,1.9140451375130507,-1.3786973882058222,0.5891946183493734,0.24486786876409447
ALN_ALHCS09338RMZI,2021,ALN,ALHCS09338RMZI,0933,,CS,2021,0.0,-0.39746366951679796,-0.535448989559224,2.5476564295797806,0.15322555319208314,0.9669403477960746,-0.5279911571991188,1.4893601330078643,-0.5955612103708756,-1.6072274680390415,2.1760384755464104
ALN_ALHCS09338RMZI,2022,ALN,ALHCS09338RMZI,0933,,CS,2022,0.0,-0.38468842364276706,-0.5428438172436029,1.708704387387356,0.506621133431454,1.5651346336814678,-0.5674071644997235,1.7032071402550943,-1.053937422866967,-1.6346096013544458,2.2952352413579225
ALN_ALHCS09338RMZI,2023,ALN,ALHCS09338RMZI,0933,,CS,2023,0.0,-0.397242611245291,-1.8726137172813446,-1.163643101653812,2.1302698168285,1.6120753084189374,-0.10853625758338178,1.5363611695163644,-1.1063079788437067,-0.5918646650026841,0.952350844648924
ALN_ALHCS09338RN,2020,ALN,ALHCS09338RN,0933,,CS,2020,3.09,-0.22810477548020705,3.082589146907376,4.180594588941534,1.8248159456628816,1.5201857062942257,-0.2570627934786369,0.8583566865437444,-0.5282742039307852,0.6751564735240884,-0.5481349039564082
ALN_ALHCS09338RN,2021,ALN,ALHCS09338RN,0933,,CS,2021,3.17,-0.21239353273973638,1.460197555046604,1.1037482089203279,3.5468405958860205,3.4634419134657093,-0.16864209341373157,-0.6990420235415185,0.9331771525823985,-0.5288862594671138,1.6551333145858291
ALN_ALHCS09338RN,2022,ALN,ALHCS09338RN,0933,,CS,2022,2.43,-0.4142456683236397,1.490297460511742,1.9431896383526541,2.375857899151763,1.7275749272833247,-0.24816355567476292,0.12989379849516308,0.7188736613109572,-0.6563525705624541,0.3627309111952911
ALN_ALHCS09338RN,2023,ALN,ALHCS09338RN,0933,,CS,2023,1.89,-0.4114114465917261,0.33873827927081807,-0.39827729778123644,2.9028258263815268,1.3875933841891617,-0.14549013275040543,0.8273243098674905,-0.11417724782619319,-0.4082019565433903,-0.22609298834698502
ALN_ALHCS09338RW,2020,ALN,ALHCS09338RW,0933,,CS,2020,4.62,-0.19399469344642267,3.6429001484127514,4.382346502449956,2.2181663202922945,2.025641723812144,-0.2569257107303895,0.35034018550303814,0.02205248174212856,0.5671640826849041,-0.3715094331951988
ALN_ALHCS09338RW,2021,ALN,ALHCS09338RW,0933,,CS,2021,4.44,-0.1967092372572148,1.7425938056124401,1.472191215347872,2.0843309406070967,2.9600807969998235,-0.5792235545070689,0.30450927395403476,0.2512130277784846,-1.0933890034694944,2.185053036175436
ALN_ALHCS09338RW,2022,ALN,ALHCS09338RW,0933,,CS,2022,3.48,-0.3507617501056749,1.9139122577420957,1.9296641771994183,1.7119832335406173,2.0151577294360723,-0.5738551755510531,0.6699809588802169,0.17649692513430046,-1.127945930801191,1.164265759075318
ALN_ALHCS09338RW,2023,ALN,ALHCS09338RW,0933,,CS,2023,2.5,-0.41905851761568624,0.004404645684881868,-1.1623223868000343,2.6273461479754507,1.387625652196344,-0.242173941614457,1.223377870020128,-0.6004856608034416,-0.4123997664008758,-0.04922016121079221
ALN_ALHCS09338SO,2020,ALN,ALHCS09338SO,0933,,CS,2020,10.08,-0.31698091433013753,0.7079789394833614,0.10190196807449539,1.390006696622209,-0.21436979118510827,-0.4652113652681117,0.7639098570281038,0.7748647166460937,-0.0006521857732756303,-0.836085908439526
ALN_ALHCS09338SO,2021,ALN,ALHCS09338SO,0933,,CS,2021,10.06,-0.1720070956270058,0.3278195421653148,-0.35865228030417706,0.8437388575246285,-0.16701041369258507,-0.6402535855610828,0.7704432523908782,0.8441177824836518,-0.04482733144960744,0.2990144335068323
ALN_ALHCS09338SO,2022,ALN,ALHCS09338SO,0933,,CS,2022,6.69,-0.3417947912582295,0.700394746204471,-0.10449099971828454,1.1769674352972528,-0.352434558128247,-0.5243671764088496,0.8437408645858738,0.8781445876224155,0.10156827461520765,-0.8880141438191828
ALN_ALHCS09338SO,2023,ALN,ALHCS09338SO,0933,,CS,2023,5.94,-0.39193058657300744,0.5275676989356757,0.04600644209836005,1.452237010977875,-0.5830815702066586,-0.45197613401798004,0.9006580931577635,0.5865719373118623,-0.08805301183867055,-1.0304756306752993
ALN_ALHCS09338SOF,2020,ALN,ALHCS09338SOF,0933,,CS,2020,0.0,-0.25864291523358013,-0.9000691389727631,1.22698555684136,1.1741114320435324,0.0745483816300168,-0.11310781105917433,1.81039161344589,-1.1301812362180095,1.16174432368549,-0.8695870591992004
ALN_ALHCS09338SOF,2021,ALN,ALHCS09338SOF,0933,,CS,2021,0.0,-0.4047112512394575,-1.8602598887388244,1.0716547905407492,1.120648457283249,0.14973467623527242,-0.17424859291113715,1.096083229223504,0.11552149100580958,-0.62177429951115,0.4045247345479479
ALN_ALHCS09338SOF,2022,ALN,ALHCS09338SOF,0933,,CS,2022,0.0,-0.40156051150534283,-2.013483415930872,0.44613904065140897,1.430984630757263,0.3691463913560706,-0.13639537371146998,1.1537271639910227,-0.05446357300366862,-0.5134989562707837,0.29512387327263007
ALN_ALHCS09338SOF,2023,ALN,ALHCS09338SOF,0933,,CS,2023,0.0,-0.40612925242241005,-2.032467380368015,0.6863679500999555,1.3364843918737979,0.16548602406120874,-0.11550291095770857,1.0779506875392562,0.10132921561844177,-0.4872737834339654,0.23266787795020497
ALN_ALHCS09338SOI,2020,ALN,ALHCS09338SOI,0933,,CS,2020,0.0,-0.269134513366637,-0.9725501900754118,1.1030425026056945,1.1539700642547999,0.07557772262640199,-0.1393722026577309,1.722830238164038,-0.9503617509497171,0.9899817823112353,-0.7080712911663829
ALN_ALHCS09338SOI,2021,ALN,ALHCS09338SOI,0933,,CS,2021,0.0,-0.40612925242241005,-2.032467380368015,0.6863679500999555,1.3364843918737979,0.16548602406120874,-0.11550291095770857,1.0779506875392562,0.10132921561844177,-0.4872737834339654,0.23266787795020497
ALN_ALHCS09338SOI,2022,ALN,ALHCS09338SOI,0933,,CS,2022,0.0,-0.39710560853089355,-0.9366015245458945,3.1381932983595497,-0.037017010066057746,0.06525017425979618,-0.4893390688431629,1.1933395891662897,0.191643695356237,-1.3431861584705953,1.3263024199358417
ALN_ALHCS09338SOI,2023,ALN,ALHCS09338SOI,0933,,CS,2023,0.0,-0.3770554465865279,-1.9116603339498288,-0.8423614736635229,1.9378495484049398,1.4615065432103294,-0.2484549466634632,1.5601646285959518,-0.8900794392495335,-0.6541612469409908,0.6301151209110921
ANM_ANMCS23169SE,2023,ANM,ANMCS23169SE,2316,,CS,2023,0.0,0.1811807232578706,-2.529407729542417,-0.3721618514207451,-0.036916965829106856,-1.2992877411848756,-0.4574807510863136,-0.1304500626440685,0.7464381535408741,-0.39422789264257346,-1.0353188089836352
ANM_ANMCS23169SM,2023,ANM,ANMCS23169SM,2316,,CS,2023,0.0,0.19933074846345944,-2.491655996461753,-0.4162172485896706,-0.10384721154281674,-1.3512276781985026,-0.46446359159130535,-0.15657708501018316,0.7763597803672683,-0.34802981679619976,-1.0841765604192375
ANM_ANMCS23169SNN,2023,ANM,ANMCS23169SNN,2316,,CS,2023,0.0,0.1995499598607584,-2.424527620438146,-0.4786835125966994,-0.15555003009937243,-1.4691312750221834,-0.4178358256143492,-0.2035563600093781,0.8164019035841416,-0.24914575957842092,-1.0643723897094397
ANM_ANMCS23169SS,2023,ANM,ANMCS23169SS,2316,,CS,2023,0.0,0.2444112331284309,-2.347938733299485,-0.5708070091501751,-0.3145729883601182,-1.5485462065474767,-0.47636659558999006,-0.22576862139716558,0.8826900271283542,-0.1765113104464265,-1.230353912750121
ANM_ANMCS23338SM,2023,ANM,ANMCS23338SM,2333,,CS,2023,0.0,0.21680233671716703,-2.44151324749989,-0.4711060421728025,-0.18056795461059622,-1.4201017278381687,-0.4696820486252159,-0.18291510782353892,0.8140083243848615,-0.2878712875051592,-1.138067839091556
ANM_ANMCS23338SN,2023,ANM,ANMCS23338SN,2333,,CS,2023,0.0,0.19837498471390014,-2.4800608972307425,-0.4261793943120813,-0.11241991932438189,-1.3670685519413726,-0.46261637546889234,-0.156370021603244,0.7834891016216801,-0.33502426064186686,-1.088354670534171
ANM_ANMCS23338SS,2023,ANM,ANMCS23338SS,2333,,CS,2023,0.0,0.2407762246739916,-2.3870472647652714,-0.5334577038694387,-0.2730717813468993,-1.494999681398351,-0.478404374808178,-0.21782147112743888,0.8564794658837867,-0.22162036856177195,-1.204889350084598
BY1_BY1CS06/26,2023,BY1,BY1CS06/26,06,,CS,2023,0.0,0.05167581809931963,-1.649957090557312,0.045039626755917134,0.43046026321263825,-0.03290284820609771,0.2547178336905272,0.07828407252411745,0.13052384861367142,-0.40247983840939744,0.26676857482703764
BY1_BY1CS06/27,2023,BY1,BY1CS06/27,06,,CS,2023,0.0,0.05167581809931963,-1.649957090557312,0.045039626755917134,0.43046026321263825,-0.03290284820609771,0.2547178336905272,0.07828407252411745,0.13052384861367142,-0.40247983840939744,0.26676857482703764
BY1_BY1CS15/2,2023,BY1,BY1CS15/2,15,,CS,2023,0.0,0.05167581809931963,-1.649957090557312,0.045039626755917134,0.43046026321263825,-0.03290284820609771,0.2547178336905272,0.07828407252411745,0.13052384861367142,-0.40247983840939744,0.26676857482703764
BY1_BY1CS169/16,2023,BY1,BY1CS169/16,169,,CS,2023,0.0,0.05167581809931963,-1.649957090557312,0.045039626755917134,0.43046026321263825,-0.03290284820609771,0.2547178336905272,0.07828407252411745,0.13052384861367142,-0.40247983840939744,0.26676857482703764
BY1_BY1CS169/17,2023,BY1,BY1CS169/17,169,,CS,2023,0.0,0.05167581809931963,-1.649957090557312,0.045039626755917134,0.43046026321263825,-0.03290284820609771,0.2547178336905272,0.07828407252411745,0.13052384861367142,-0.40247983840939744,0.26676857482703764
BY1_BY1CS338/5,2023,BY1,BY1CS338/5,338,,CS,2023,0.0,0.05167581809931963,-1.649957090557312,0.045039626755917134,0.43046026321263825,-0.03290284820609771,0.2547178336905272,0.07828407252411745,0.13052384861367142,-0.40247983840939744,0.26676857482703764
BY1_BY1CS338/53,2023,BY1,BY1CS338/53,338,,CS,2023,0.0,0.05167581809931963,-1.649957090557312,0.045039626755917134,0.43046026321263825,-0.03290284820609771,0.2547178336905272,0.07828407252411745,0.13052384861367142,-0.40247983840939744,0.26676857482703764
BY1_BY1CS338/6,2023,BY1,BY1CS338/6,338,,CS,2023,0.0,0.05167581809931963,-1.649957090557312,0.045039626755917134,0.43046026321263825,-0.03290284820609771,0.2547178336905272,0.07828407252411745,0.13052384861367142,-0.40247983840939744,0.26676857482703764
BY1_BY1CS412/34,2023,BY1,BY1CS412/34,412,,CS,2023,0.0,0.05167581809931963,-1.649957090557312,0.045039626755917134,0.43046026321263825,-0.03290284820609771,0.2547178336905272,0.07828407252411745,0.13052384861367142,-0.40247983840939744,0.26676857482703764
BY1_BY1CS412/35,2023,BY1,BY1CS412/35,412,,CS,2023,0.0,0.05167581809931963,-1.649957090557312,0.045039626755917134,0.43046026321263825,-0.03290284820609771,0.2547178336905272,0.07828407252411745,0.13052384861367142,-0.40247983840939744,0.26676857482703764
CNF_CNFCS160614N,2020,CNF,CNFCS160614N,1606,,CS,2020,13.68,0.6294749057349935,-2.3962862338393176,-0.36826493102668567,-2.012034507143587,0.0719138333720578,-0.4865237112666452,-0.16987487524546807,1.1756841454830793,0.09413551253810998,-1.3570490360630962
CNF_CNFCS160614N,2021,CNF,CNFCS160614N,1606,,CS,2021,21.86,0.811625371520767,-3.122105847459061,-0.27623848151824737,-3.5764527090666887,2.03955342665033,-0.3480368926661047,-0.21055752029577474,2.1841027619171256,1.8635599766760873,-1.266332884982925
CNF_CNFCS160614N,2022,CNF,CNFCS160614N,1606,,CS,2022,23.78,0.9309389360820489,-2.6346185450424366,0.9275565194929395,-6.366010393254629,2.3970560856029173,-0.8889370064081897,0.7804028614107564,2.188941497793657,2.0077523329180633,-0.21920353577132448
CNF_CNFCS160614N,2023,CNF,CNFCS160614N,1606,,CS,2023,17.58,0.9355934943850529,-2.829852463432888,-1.8572432681152202,-3.8808362121323774,3.6972524347952307,-0.5731403898606471,0.1821433201664654,1.9755102008183523,2.9505753230544425,-0.796807410897476
CNF_CNFCS160614N19,2020,CNF,CNFCS160614N19,1606,,CS,2020,0.0,0.16815307312403607,-1.3156720974782274,-0.32088566379829586,-0.08101135723922492,-0.4920631791372052,0.21992812013112292,-0.09730274623158759,0.38151414206429274,-0.0014229764691266948,-0.09250661632175257
CNF_CNFCS160614NRT,2020,CNF,CNFCS160614NRT,1606,,CS,2020,0.0,0.10048533449062937,-1.5098757601241717,-0.10830049500013414,0.21612929845185744,-0.22531289164389523,0.24013928705611015,0.004704834188393439,0.23570073348821752,-0.23441791531061737,0.11621516139325896
CNF_CNFCS160614S,2020,CNF,CNFCS160614S,1606,,CS,2020,5.84,0.5002122437858385,-2.0730280870432436,0.38312300313404873,-2.5558467813435124,-0.4507663073216723,-0.9055546087621753,1.1007900734436793,-0.25713016416709444,-1.0829783315767998,-0.5883611922302072
CNF_CNFCS160614S,2021,CNF,CNFCS160614S,1606,,CS,2021,10.58,0.5636665333625405,-2.9362743941935494,-0.724944309836017,-1.4104374817728789,1.5225840615701014,-0.3948738810544034,0.23565903068504804,0.4708203740184415,0.2175598757951765,-1.0620893009059034
CNF_CNFCS160614S,2022,CNF,CNFCS160614S,1606,,CS,2022,12.52,0.6215685551635377,-2.5879969842292376,1.30365260926365,-4.106006346945911,0.8597327356076414,-0.8125081324701869,0.9610994446067466,0.7614891167138181,0.04664249968010151,-0.3523058340462453
CNF_CNFCS160614S,2023,CNF,CNFCS160614S,1606,,CS,2023,10.84,0.6584288757600378,-2.889796685836375,-1.203202724883898,-2.012301037857421,2.383214199256545,-0.47794681822219504,0.30999035003802666,0.799470058650867,1.067904373623433,-0.8637350910077427
ELA_ELACS07GOEZ,2020,ELA,ELACS07GOEZ,07,,CS,2020,15.5,1.249129626657721,0.28823395196606555,1.5821959892060167,-2.3526759216974478,1.6895408927109234,1.089547672714341,-1.3402507595484574,-0.4214859855055208,0.3442804989052372,-0.8168081423486777
ELA_ELACS07GOEZ,2021,ELA,ELACS07GOEZ,07,,CS,2021,12.58,1.2316010992132966,-2.3632891193447922,-1.5691374270321883,-3.1819351168565064,3.03264786481399,1.1685652370497122,-1.0315939074076241,0.15615351173766193,1.5627466530120402,-0.21565917651448197
ELA_ELACS07GOEZ,2022,ELA,ELACS07GOEZ,07,,CS,2022,23.6,1.2522667898693431,-2.1474366043479907,1.648906175843772,-6.06673795440131,2.014697313207782,0.8239922221816137,-0.4194418666643544,0.45825572620605437,0.45271498009377786,0.584344795491333
ELA_ELACS07GOEZ,2023,ELA,ELACS07GOEZ,07,,CS,2023,17.02,1.378511815413454,-2.4407007981967355,-2.1784581646735766,-4.136855972085634,4.42848069509035,1.0872451814569284,-0.9407557074916464,0.6672456892622899,2.683350119686739,0.0796541130629302
ELA_ELACS07GOM,2020,ELA,ELACS07GOM,07,,CS,2020,0.0,1.1359279376658011,0.9902266794210913,1.6528358868628406,-1.926768185376281,0.623093508739733,0.8070613783709885,-0.8523635684599298,-1.3778837710578888,-0.4186230177007773,-0.5623525359619618
ELA_ELACS07GOM,2021,ELA,ELACS07GOM,07,,CS,2021,13.78,1.04180198139122,-2.4620404201555597,-1.3457914879309882,-1.537066162877879,1.9339037240646935,1.2938548916518864,-0.9268323181551326,-1.1260404775343036,-0.46869222374124436,-0.42268703992321754
ELA_ELACS07GOM,2022,ELA,ELACS07GOM,07,,CS,2022,25.02,1.2775009490898497,-2.253547782830797,1.48710309267901,-6.197311923797655,2.233234868319327,0.8433442061301677,-0.43440496380082844,0.5952834613510922,0.6901567730146779,0.5586511600152493
ELA_ELACS07GOM,2023,ELA,ELACS07GOM,07,,CS,2023,14.96,1.3801626970804557,-2.370152707595195,-2.18307143696472,-4.17847830867181,4.364949283063061,1.0667745188473767,-0.9497893744220949,0.7302128573362937,2.825064727355217,0.07457047274646365
ELA_ELACS07GOMG,2020,ELA,ELACS07GOMG,07,,CS,2020,0.0,0.03061550597098942,0.1506995595542764,-0.7018015908126776,0.9905423756474346,-1.7173564988910797,-0.002517952889475127,0.06851191718333005,-0.28334007369233144,-0.3500263802158765,-0.6961321948115228
ELA_ELACS07GOMG,2021,ELA,ELACS07GOMG,07,,CS,2021,0.0,0.02370303438803723,-0.7632302716903371,-0.30789809081181974,1.0986723505437537,-2.04674268625129,0.0873780086342547,-0.09360548153711874,-0.3331385900500044,-1.7872819766756898,-0.016112390784658964
ELA_ELACS07GOW,2020,ELA,ELACS07GOW,07,,CS,2020,0.0,1.1284499370047163,0.9072491237706056,1.5737648606874632,-1.7518582720415787,0.6702911200510908,0.8549390191686099,-0.9516997039544869,-1.2953988579787028,-0.3558121180391132,-0.6166139545594218
ELA_ELACS07GOW,2021,ELA,ELACS07GOW,07,,CS,2021,12.96,1.0287571318264026,-2.4567977423779457,-1.2353773727797566,-1.5053588498883221,1.80819681162207,1.2992171950688702,-0.9474856949409178,-1.1015330031414403,-0.4939688553978421,-0.44129207419224004
ELA_ELACS07GOW,2022,ELA,ELACS07GOW,07,,CS,2022,19.26,1.2223015109344495,-1.749690136313855,2.161113611440124,-6.1299473613535955,1.770794711191973,0.7026487826434393,-0.34978864181714675,0.3056659503631295,0.1722423746198705,0.8414672534229023
ELA_ELACS07GOW,2023,ELA,ELACS07GOW,07,,CS,2023,12.52,1.2894206212184987,-2.2980384194276042,-2.430844930093528,-3.2445795124283654,4.039650628384322,1.0693179836978093,-0.7885709345862476,-0.07294838248177671,1.9510630897111478,0.06931249727687333
ELA_ELACS07GOWG,2020,ELA,ELACS07GOWG,07,,CS,2020,29.72,0.4001353355639375,-1.7960661005300051,0.06848640981590469,-2.1236513105202266,1.065741408756603,0.4262914961554217,-0.44405461591674195,1.873603208692203,1.0026855397853314,-0.5961007626040987
ELA_ELACS07GOWG,2021,ELA,ELACS07GOWG,07,,CS,2021,0.0,0.5766154938449891,-1.4589999584402944,-1.249524992695093,-3.0445254711392757,2.255189502663262,0.1213061883196306,-0.1630410097005426,2.2855282023767134,3.901009602553385,0.057179212982123306
ELA_ELACS0915S,2020,ELA,ELACS0915S,0915,,CS,2020,0.0,0.2419291408463672,0.9989027413758712,2.5569772415282213,-0.7860546535469538,0.3447715373823677,-0.17200313469413464,0.627865679456218,-0.8481021081029193,-0.3986482377415427,0.5015603029036294
ELA_ELACS0915S,2021,ELA,ELACS0915S,0915,,CS,2021,8.52,0.1390108948906936,-2.1770029157767214,-1.3666879265263376,0.7538320771078986,2.027923279385687,0.35078850286139396,0.5462847413932341,-0.9143480298043559,-0.4432512679413567,0.41858268786313874
ELA_ELACS0915S,2022,ELA,ELACS0915S,0915,,CS,2022,14.14,0.26430160162498517,-1.5744584717704557,2.307309040060721,-2.33749473010135,1.5338465458408477,0.1647225870568551,0.0067620433822930025,1.223463607277474,0.30756676794713617,1.0361244600062967
ELA_ELACS0915S,2023,ELA,ELACS0915S,0915,,CS,2023,10.3,0.3274617065794003,-2.208582877836412,-1.2478639751593925,-1.0357111613363286,2.9882667254867266,0.27986970592581134,0.344258069769052,0.5541656921748934,1.5078551004161134,0.5584170875686375
ELA_ELACS0915SG,2020,ELA,ELACS0915SG,0915,,CS,2020,12.67,0.1349907018978111,-1.6140744412171586,0.21034978294344242,-0.40837162474018207,0.5229969762160995,0.3514062711102859,-0.10140522499850692,0.8308299844835139,0.10155664211660251,-0.2782676271935282
ELA_ELACS0915SG,2021,ELA,ELACS0915SG,0915,,CS,2021,0.0,0.20903519328146575,-1.9618274531897957,-0.11800196208853767,-0.7185857605523245,1.117378507609566,0.3327065719693394,0.025974954814404823,0.8194187667775781,1.2023692441562943,0.13129306126469523
ELA_ELACS09338R,2020,ELA,ELACS09338R,0933,,CS,2020,0.0,0.2721081844237598,0.9731125011736143,2.0839727398320314,-0.6525089280352762,0.17961721139762402,-0.11305763868924931,0.48402400893166375,-0.6668494628705505,-0.14239149237229978,0.17276818803197067
ELA_ELACS09338R,2021,ELA,ELACS09338R,0933,,CS,2021,10.32,0.17210746055041637,-2.190106558985417,-1.0691552940957723,0.3836948016890585,1.742668563870076,0.38557373301109205,0.38217712567965967,-0.5523329995322711,-0.2695131972848129,0.2579397754577962
ELA_ELACS09338R,2022,ELA,ELACS09338R,0933,,CS,2022,14.28,0.3165653554837665,-1.409023430933242,2.3400959464782707,-2.7482326304806013,1.6090318614864694,0.11139053663569048,-0.023189527566771978,1.4165097656523222,0.5711702978278071,1.0762873803489021
ELA_ELACS09338R,2023,ELA,ELACS09338R,0933,,CS,2023,14.94,0.3919772182874281,-2.281728314867159,-1.3717213219917113,-1.4192893548086407,3.2947418464484546,0.29223483103011644,0.3055803224415436,0.7467568728141764,1.7182154850791747,0.5412833541466677
ELA_ELACS09338RG,2020,ELA,ELACS09338RG,0933,,CS,2020,16.6,0.19025642628437991,-1.6728117248050298,0.19602799657430445,-0.778053931089747,0.6711587387866089,0.3704144159286081,-0.1715670796490218,1.0585824401101416,0.2891236395560391,-0.333484167280658
ELA_ELACS09338RG,2021,ELA,ELACS09338RG,0933,,CS,2021,0.0,0.2879121886889595,-1.8627149258999536,-0.360438848392722,-1.2290243072239506,1.4027022403077498,0.2857263037571197,-0.008774620319105914,1.144749598402121,1.8042599976463154,0.13225345950091053
ELA_ELACS09GO,2020,ELA,ELACS09GO,09,,CS,2020,0.0,1.1405566169038743,1.9977114037707193,2.7055846501161906,0.9368761475054358,2.630781895412528,1.2380989337517174,-3.0754663210123607,0.4008998590921158,0.11405201330780662,-0.6120204554787743
ELA_ELACS09GO,2021,ELA,ELACS09GO,09,,CS,2021,4.86,0.9047962750735373,-2.4545784735177416,-1.1941677579579317,-0.7182459066930649,1.3585292496802748,1.1913146006207467,-0.8734606930257471,-1.4633190176986277,-0.8562166385882288,-0.3532202411521046
ELA_ELACS09GO,2022,ELA,ELACS09GO,09,,CS,2022,7.02,0.9591803964419531,-1.8084519408043505,2.10633130745246,-4.06924448253544,0.2644258568286712,0.7001907363938012,-0.27171344666547975,-0.8007971385526116,-1.220353067259969,0.5737299864365076
ELA_ELACS09GO,2023,ELA,ELACS09GO,09,,CS,2023,5.92,1.009494451232432,-2.4353728105898966,-1.65021473714835,-1.4142016811508735,2.28593324174001,1.1122525380513637,-0.8116648188303663,-1.0626403095516725,0.06017417824934425,-0.14787968790657866
ELA_ELACS09GOG,2020,ELA,ELACS09GOG,09,,CS,2020,6.15,0.0741604065003968,-1.4280679471237083,0.1371684965867848,0.06944354399631206,0.15555010833009555,0.3106545749296546,-0.03152117152130158,0.5194739388226214,-0.10337448668438572,-0.2818414077648032
ELA_ELACS09GOG,2021,ELA,ELACS09GOG,09,,CS,2021,0.0,0.10903301822592663,-2.0376990168374896,0.1872672481391562,-0.007251333062690647,0.522375394117344,0.40143183582920006,0.0371088651743412,0.3461769675527141,0.3100612987014108,0.03451988174476631
ELA_ELACS18338SM,2020,ELA,ELACS18338SM,1833,,CS,2020,0.0,0.6993237419823906,-2.4022881197907124,-0.4076149071071338,-1.1743133677153677,-0.5319601282549079,-1.0124588557101433,0.029732136195833432,0.9641069905275145,-0.452119721646357,-1.734314056049753
ELA_ELACS18338SM,2021,ELA,ELACS18338SM,1833,,CS,2021,16.18,0.7578887762556549,-3.4822451916835733,0.37827585193457497,-1.8834377860313176,0.5924082535827446,-0.6832371160990494,-0.0908188314461015,1.3866098259947917,-0.2635204823823441,-1.8780285453599648
ELA_ELACS18338SM,2022,ELA,ELACS18338SM,1833,,CS,2022,19.7,0.9977567337124802,-2.6969533875090828,1.9730272180744441,-5.961272684420765,1.8193670245482014,-1.3972021222604725,0.9311616146153145,2.0315534378167,0.7188588214561055,-0.344842301830678
ELA_ELACS18338SM,2023,ELA,ELACS18338SM,1833,,CS,2023,22.58,1.1687586175356162,-2.4263370441782546,-1.6438511998929448,-3.2117221413592203,4.722431789437122,-1.007430323716111,0.034218072680942006,2.344762481509368,2.3030709991495297,-1.1527056599930943
ELA_ELACS18338SN,2020,ELA,ELACS18338SN,1833,,CS,2020,0.0,0.8315671588092975,-2.3859670229060512,-0.4527335057707439,-1.3640905869195472,-0.4791891632809612,-0.833970618898657,-0.5719229133875963,0.48065106203680613,-0.574100936847042,-1.7963366961360647
ELA_ELACS18338SN,2021,ELA,ELACS18338SN,1833,,CS,2021,13.44,0.870162716248464,-3.371700666631915,0.2848284778718516,-1.896980361406937,0.468708789734287,-0.5235454740480079,-0.6715385208415318,0.7843625251874276,-0.45236108428394656,-1.9588083355417019
ELA_ELACS18338SN,2022,ELA,ELACS18338SN,1833,,CS,2022,16.5,1.0687212144134617,-2.7716995571261873,1.5676459441971429,-5.438638539766089,1.4108882626622163,-1.1502505056728645,0.3306935371522399,1.2072703464163106,0.30777764784072953,-0.6715972256329547
ELA_ELACS18338SN,2023,ELA,ELACS18338SN,1833,,CS,2023,13.12,1.1878618996405403,-2.074047798335925,-1.4372453495303508,-2.514936570550769,3.6941968506298837,-0.8339985027928332,-0.6171842721485999,1.4337066365714806,1.562252656371845,-1.4112764292996378
ELA_ELACS18338SS,2020,ELA,ELACS18338SS,1833,,CS,2020,0.0,0.7700006097248046,-2.5626605192478538,-0.2593158521920884,-1.0937413018235624,-0.23649013121737583,-0.8155817703029719,-0.47911273775958063,0.34798476407004914,-0.786088135301185,-1.6064340951002758
ELA_ELACS18338SS,2021,ELA,ELACS18338SS,1833,,CS,2021,5.14,0.7481046862431635,-3.2629728294751503,0.3318487461174269,-1.092781607779183,0.17684411405117242,-0.5620952154200949,-0.5153110132571675,0.29185374903518124,-0.8668785417226211,-1.8257248388095726
ELA_ELACS18338SS,2022,ELA,ELACS18338SS,1833,,CS,2022,7.62,0.8327018208045627,-2.6152846351724692,2.109159531721517,-3.860883428973028,0.25050089490897004,-1.136174233946852,0.4879507329455504,0.1299300658061415,-1.2575767805872102,-0.6424078313176069
ELA_ELACS18338SS,2023,ELA,ELACS18338SS,1833,,CS,2023,0.0,0.9765627078955254,-0.9055590795951917,-0.6559824145121875,0.6235194516188712,3.4992439586009376,-0.7266971202465369,-1.0704725302403528,0.6708147389711366,-0.1475671906601464,-1.4206629712977632
ELR_ELR23,2023,ELR,ELR23,23,,CS,2023,0.0,1.2109018323929261,1.6769745072297677,-3.596788264950299,-4.659900149855906,-4.602641379853786,-0.09152264887687761,-1.6692228379493288,2.62847486438414,3.588990835186631,-3.308874994225205
ELR_ELRCS04EE,2020,ELR,ELRCS04EE,04,,CS,2020,5.63,-7.949138576228436,1.3259290481320858,-0.6935061416416215,-0.7046942432115821,-0.559281115964066,3.1768560956050687,-1.5587981776759194,-1.0534895048864572,1.1033847174673874,-0.13153907734398723
ELR_ELRCS04EE,2021,ELR,ELRCS04EE,04,,CS,2021,9.03,-5.039638397009991,0.8260838357957301,-0.920028963347392,-0.3585937749584136,-1.317244780164636,2.7875650665324057,-1.0817141497965936,-1.4463688091609497,0.9603404815920994,1.1878672645623414
ELR_ELRCS04EE,2022,ELR,ELRCS04EE,04,,CS,2022,4.09,-6.445555408332483,1.9129559237722022,-1.1067841617078908,-0.14508646388091112,-2.002221926918542,2.7909761667843576,-1.131143773544057,-1.569200762189805,0.9759442739002596,0.48314211683769165
ELR_ELRCS04EE,2023,ELR,ELRCS04EE,04,,CS,2023,2.63,-9.416480224536281,1.09244265926651,-1.3207564435123744,-0.679340339730041,-1.365286005824777,3.01925951971392,-1.8121518791218818,-0.990687394351969,-1.540419621602307,-0.651058164425878
ELR_ELRCS04EEF,2020,ELR,ELRCS04EEF,04,,CS,2020,0.0,0.11042876764443751,-1.2440632043824797,0.7391207304756443,0.5432519228295412,-0.03866715778585497,0.40179842664244414,0.5686277741024889,-0.8764652688887674,0.5593903932864314,-0.6377197261567412
ELR_ELRCS04EEF,2021,ELR,ELRCS04EEF,04,,CS,2021,0.0,-0.007681094771833469,-2.1735145026903155,0.5455436755941032,0.762020712468258,0.04938832985545824,0.47294362321986844,0.08135869898504033,-0.14844937580353582,-0.6086925979851099,0.012291060500775058
ELR_ELRCS04EEF,2022,ELR,ELRCS04EEF,04,,CS,2022,0.0,-0.007681094771833469,-2.1735145026903155,0.5455436755941032,0.762020712468258,0.04938832985545824,0.47294362321986844,0.08135869898504033,-0.14844937580353582,-0.6086925979851099,0.012291060500775058
ELR_ELRCS04EEF,2023,ELR,ELRCS04EEF,04,,CS,2023,0.0,-0.007681094771833469,-2.1735145026903155,0.5455436755941032,0.762020712468258,0.04938832985545824,0.47294362321986844,0.08135869898504033,-0.14844937580353582,-0.6086925979851099,0.012291060500775058
ELR_ELRCS04EEI,2020,ELR,ELRCS04EEI,04,,CS,2020,0.0,0.13408739361047087,-0.6088865020118315,1.7828447192105974,0.013430976890338547,0.15377851415652424,0.23162809240142268,0.8293922336215589,-1.2557790378011848,0.31087485336302934,-0.23703735149033514
ELR_ELRCS04EEI,2021,ELR,ELRCS04EEI,04,,CS,2021,0.0,0.008309498437901694,-2.1070706271603132,-0.29525750747580987,1.092771548560386,0.7621996153874745,0.3998200035817034,0.34657636656622276,-0.6937241359809221,-0.7004807029139738,0.23088704412926292
ELR_ELRCS04EEI,2022,ELR,ELRCS04EEI,04,,CS,2022,0.0,-0.007681094771833469,-2.1735145026903155,0.5455436755941032,0.762020712468258,0.04938832985545824,0.47294362321986844,0.08135869898504033,-0.14844937580353582,-0.6086925979851099,0.012291060500775058
ELR_ELRCS04EEI,2023,ELR,ELRCS04EEI,04,,CS,2023,0.0,-0.007681094771833469,-2.1735145026903155,0.5455436755941032,0.762020712468258,0.04938832985545824,0.47294362321986844,0.08135869898504033,-0.14844937580353582,-0.6086925979851099,0.012291060500775058
ELR_ELRCS04EW,2020,ELR,ELRCS04EW,04,,CS,2020,7.37,-7.873772790285295,2.6905396503223016,1.7961172151434672,-1.2880490356492647,0.17569484519393688,3.0481674897509654,-0.7312394803252233,-2.4602939881130306,1.3983534037536176,-0.11158609659575872
ELR_ELRCS04EW,2021,ELR,ELRCS04EW,04,,CS,2021,8.18,-4.998871382178302,0.6449719211455811,-1.9668914551414178,0.11260331636051282,0.7202377534175867,2.7573575869456963,-0.7547812149207888,-1.981056545581113,1.0004140719021883,1.7454561264218948
ELR_ELRCS04EW,2022,ELR,ELRCS04EW,04,,CS,2022,6.03,-6.414740736999313,2.3382153654569167,1.5811331642913315,-1.6353739805125944,-0.9228541577304897,2.623603555126185,-0.9355034471975787,-1.2987308198422487,0.5406534376341441,1.4922252136845116
ELR_ELRCS04EW,2023,ELR,ELRCS04EW,04,,CS,2023,4.8,-9.360191819214156,1.0694429625206288,-2.4309943378012515,-0.29659210872024344,0.7015631477716494,2.9723413502748772,-1.4338671158154792,-1.5693341728300108,-1.216448850325035,-0.2090170898616694
ELR_ELRCS04WE,2020,ELR,ELRCS04WE,04,,CS,2020,3.31,-7.897999305031967,2.699773124736641,1.566015115076261,0.653761425405097,0.826144053289102,3.498440731866625,-2.139734049358099,-1.410947603968966,2.089995846622486,-0.603868125033336
ELR_ELRCS04WE,2021,ELR,ELRCS04WE,04,,CS,2021,5.05,-5.088721550550169,0.15150658936460057,-0.9850041144561866,0.26502218451720366,0.0970345401468925,2.9453611303931657,-0.9316686934438194,-1.8350720470819875,0.6772647087723632,1.536658346437086
ELR_ELRCS04WE,2022,ELR,ELRCS04WE,04,,CS,2022,3.02,-6.465046150146577,1.749183863722332,1.3591967228000745,-0.4208299331339907,-0.40531836351065287,2.998549402525654,-1.4993654709791766,-1.066063640965356,0.8255852409741222,1.0751267751452098
ELR_ELRCS04WE,2023,ELR,ELRCS04WE,04,,CS,2023,1.98,-9.40753242359418,0.7420169589691321,-1.5706071030172233,-0.1299579704313378,0.6282409510923783,3.1579858006101973,-1.644326117039629,-1.334548776253374,-1.3066361350633315,-0.38707123767990675
ELR_ELRCS04WW,2020,ELR,ELRCS04WW,04,,CS,2020,5.11,-7.85285515630562,3.5253173172275827,2.5811190476098176,0.038815274538021305,1.167792645412596,3.255868329695386,-1.575759506978303,-1.9783834087389907,1.7062519171015287,-0.23011653719732375
ELR_ELRCS04WW,2021,ELR,ELRCS04WW,04,,CS,2021,5.37,-5.0305876850979505,0.5972263274669635,-1.6007953694774897,0.7347432406219225,1.2929705837628058,2.8746163537656906,-0.9081024763901088,-1.983725433435595,0.721927187256925,1.8162912701256795
ELR_ELRCS04WW,2022,ELR,ELRCS04WW,04,,CS,2022,2.43,-6.467310808338558,1.8510373445675672,1.7613012371957375,-0.5273841924984382,-0.18538099680306594,2.97619712060116,-1.4921225531407354,-1.0250603006758285,0.7951768171321063,1.2450425639473564
ELR_ELRCS04WW,2023,ELR,ELRCS04WW,04,,CS,2023,3.26,-9.395267082557847,1.0210086543432677,-1.5924589011810084,0.24078409056840971,1.0682383187310418,3.159197601324173,-1.7243648728821501,-1.3529392374878804,-1.4216526625835393,-0.32425003666602725
ELR_ELRCS0522E,2020,ELR,ELRCS0522E,0522,,CS,2020,5.67,0.20617026831743832,1.1366016483867596,1.7457732501523087,-0.11628784148158826,-0.32575393205750086,0.11437740825546079,0.6695069491376818,-1.0436311602455242,0.7468981937914664,-1.4077475186721635
ELR_ELRCS0522E,2021,ELR,ELRCS0522E,0522,,CS,2021,6.08,0.19369043607639347,0.5893470764132338,0.10176649982522334,-0.07116370726684464,-0.15067596443919237,-0.273417629115054,0.28419602666213895,-0.4348677177584731,-0.87984495264117,0.6948234600911608
ELR_ELRCS0522E,2022,ELR,ELRCS0522E,0522,,CS,2022,4.92,0.05792620293218321,1.3434183181767854,0.6094443226395438,0.11999284662945027,-0.6271448031197159,-0.3357942360960438,0.2722530030592671,-0.3285293382715589,-1.4039238984660893,0.0993349134439707
ELR_ELRCS0522E,2023,ELR,ELRCS0522E,0522,,CS,2023,3.1,0.033689499120316935,0.19726048211119812,-1.452435662548047,1.3581585149263653,-0.17005033571331035,0.0341431461946627,0.3121524680275044,-0.6778072727564898,-0.5241107089863838,-0.8136655184417432
ELR_ELRCS0522W,2020,ELR,ELRCS0522W,0522,,CS,2020,5.76,0.17980886018325237,0.6646277991228681,1.044158945641859,0.18979530738523248,-0.4250861216628472,0.2011950220028412,0.4597183981043196,-0.6956598310226983,0.76123303727358,-1.514316929272942
ELR_ELRCS0522W,2021,ELR,ELRCS0522W,0522,,CS,2021,7.61,0.19710857902650755,-0.12397439970124519,-0.885742574317863,0.4982860482156869,-0.3423223702266959,0.01286964841547782,0.023007358357655956,-0.0610046637931055,-0.23739383347446028,-0.11666091749384097
ELR_ELRCS0522W,2022,ELR,ELRCS0522W,0522,,CS,2022,6.1,0.07786678090990148,0.43911644192898913,-0.3486361892757911,0.5749110957248175,-0.9629882303600842,0.04730489870540462,-0.167448950253806,0.4634838286965204,-0.3354967889572709,-0.999485551487398
ELR_ELRCS0522W,2023,ELR,ELRCS0522W,0522,,CS,2023,3.54,0.03378187084082601,0.011920393884884833,-0.2219248185372621,0.6874049426732566,-0.8960755868290906,0.15815834028272058,-0.07281685462173375,0.24546322752502503,-0.13141542583644544,-1.1103078635377985
ELR_ELRCS05NE,2020,ELR,ELRCS05NE,05,,CS,2020,5.92,0.1807465508923011,1.8682801073014863,1.7924894312829105,0.2058504643252511,-0.6224086341721822,0.05011467802021794,0.7348763387227158,-1.2788113712928209,0.7619972473667652,-1.7918097870483911
ELR_ELRCS05NE,2021,ELR,ELRCS05NE,05,,CS,2021,5.83,0.17722426145227213,0.6382871304796518,-0.05779383042813597,0.054147403435983475,-0.3951159144223614,-0.3289759332388823,0.29106772245832485,-0.4967528861052982,-1.2220260551690811,0.8166094677228478
ELR_ELRCS05NE,2022,ELR,ELRCS05NE,05,,CS,2022,5.24,0.07509849729661867,0.9832828105198241,0.5587238097056445,0.07380044935265472,-0.22194064464248944,-0.2171718635729777,0.22564536712957253,-0.1762706022539552,-1.1064299085589004,-0.03646481441477202
ELR_ELRCS05NE,2023,ELR,ELRCS05NE,05,,CS,2023,4.1,0.05887103533000104,0.10608805766812737,-1.1973749813024739,1.1221614145724828,0.0828709813038452,0.09215156365311407,0.23818154746640896,-0.42871965658863004,-0.24081611157539087,-0.888511524039055
ELR_ELRCS05NW,2020,ELR,ELRCS05NW,05,,CS,2020,2.91,0.14006824645048943,1.2087343994953847,1.7354619908199431,0.3682647684760223,-0.380060099597736,0.185758931321449,0.7190398683990051,-1.2015585037166319,0.8071530097191129,-1.7932964221548278
ELR_ELRCS05NW,2021,ELR,ELRCS05NW,05,,CS,2021,4.88,0.13313625193528716,-0.8621137606786479,-0.8124539320785351,0.7871268931405982,0.13803531944485595,0.14668532986386976,0.16012019547583137,-0.38154723392281237,-0.5768248345517141,0.05984992440947316
ELR_ELRCS05NW,2022,ELR,ELRCS05NW,05,,CS,2022,3.32,0.029656446932375666,0.21631495977124576,1.4442298193986545,-0.09578818176321273,-0.4609224871413719,0.06481750385522055,-0.04317217391765,0.41679100554754756,-0.6483491170242041,-0.45083780269451196
ELR_ELRCS05NW,2023,ELR,ELRCS05NW,05,,CS,2023,2.72,0.011645613793509618,-0.2725832871599219,-0.6847640149135585,1.2037734362585235,0.11646079560810259,0.21371576987274096,0.19369312696729576,-0.3737474322868691,-0.33742116075377127,-0.9308248124814146
ELR_ELRCS09338SON,2020,ELR,ELRCS09338SON,0933,,CS,2020,8.74,-8.067788235103608,3.4753289975844948,3.184932328057224,-0.544397467871722,1.4067030019161135,-0.09298951743264858,0.8857881200055674,-1.310373536765016,1.0547194194174945,-1.7229782980134463
ELR_ELRCS09338SON,2021,ELR,ELRCS09338SON,0933,,CS,2021,7.6,-5.239533723323256,0.374986100024882,-2.2498664782681237,0.8054496739880354,1.7841504703853168,-0.423505678220259,1.25584277131758,-1.137724797550501,0.46021471607962544,0.29146558250788623
ELR_ELRCS09338SON,2022,ELR,ELRCS09338SON,0933,,CS,2022,6.84,-6.658663156109987,2.021589185340234,2.8297321703378833,-1.5981488292149248,0.011483600764347655,-0.4835437859811368,0.8710570198424122,0.020512355935987995,-0.002128242464667027,0.09046702284640169
ELR_ELRCS09338SON,2023,ELR,ELRCS09338SON,0933,,CS,2023,5.2,-9.572626781692684,0.8859121106884726,-2.36543593163743,0.3793660609871006,2.1275763668326984,-0.12245171037745785,0.43236710969093267,-0.48665204421836616,-1.4169305972820592,-1.8313884817524961
ELR_ELRCS09338SOSE,2020,ELR,ELRCS09338SOSE,0933,,CS,2020,15.1,-8.060655325628284,3.6052022063118643,2.5139881441451846,-1.4342456077473418,0.14247832637637417,-0.36464563711932513,1.652739950101316,-2.0645421438148617,0.9607348152000589,-1.8980214112517473
ELR_ELRCS09338SOSE,2021,ELR,ELRCS09338SOSE,0933,,CS,2021,19.39,-5.115798642092819,1.3815559053428834,-3.118608290325727,0.02118506169074174,1.1147456718846174,-0.8029429546220139,1.273240906774621,-0.8050907242005227,0.5217537636949574,0.4761681250178729
ELR_ELRCS09338SOSE,2022,ELR,ELRCS09338SOSE,0933,,CS,2022,14.64,-6.508733105809806,3.059524552522361,2.3103960430670605,-3.716870943541275,-0.6386971359739634,-1.121781919305756,1.5242767157293766,0.1418142618119702,0.4392980974416866,0.7190595571467978
ELR_ELRCS09338SOSE,2023,ELR,ELRCS09338SOSE,0933,,CS,2023,13.2,-9.454032803264255,1.9570586837982333,-3.855839604725635,-0.15631959754963054,1.7861016006164172,-0.5691392333225788,0.673403897770259,-0.5761097749106453,-1.2325062492389942,-1.5273883076166712
ELR_ELRCS09338SOSW,2020,ELR,ELRCS09338SOSW,0933,,CS,2020,12.96,-8.066805700077214,3.3539938918520193,3.202762718785547,-0.965814356603152,1.2583179478788424,-0.1585391702951465,1.164682392211726,-1.5307159952077365,1.0116614103527495,-1.6514097409458854
ELR_ELRCS09338SOSW,2021,ELR,ELRCS09338SOSW,0933,,CS,2021,12.06,-5.141259435659718,1.4773197108005516,-2.5188944898407626,0.9663501612914047,2.2884144415759873,-0.5909637986435375,1.0293754230940058,-0.758626577611408,0.699848302138656,0.3974441063070779
ELR_ELRCS09338SOSW,2022,ELR,ELRCS09338SOSW,0933,,CS,2022,6.7,-6.63283206230356,2.931910460630051,3.0022506447960517,-2.011731410029277,-0.36306803234218105,-0.8031701469367949,0.9919311384129853,0.03385163739272282,-0.2339093415477852,0.5335920781215377
ELR_ELRCS09338SOSW,2023,ELR,ELRCS09338SOSW,0933,,CS,2023,7.5,-9.573809738211136,1.5002964124270877,-2.9084905787734168,0.8759326301268913,2.040128172950444,-0.27396749477080923,0.5132902884317169,-0.8559292924123472,-1.8170253089068789,-1.7071782414809016
ELR_ELRCS1216914EF,2020,ELR,ELRCS1216914EF,1216,,CS,2020,5.19,-0.23121634537034133,2.630589125195703,3.321540558572027,2.3602479055215895,1.002148860973993,-0.04759384379889414,0.22010169139689476,0.07008449355446882,1.3926446803159411,-1.066577870419339
ELR_ELRCS1216914EF,2021,ELR,ELRCS1216914EF,1216,,CS,2021,4.04,-0.29099840243801267,-0.5792826335347833,-1.0621235148990418,1.898264901455787,0.8255715827148936,-0.31374187238557677,0.8753062242516705,-0.09102924391977155,-0.12013514717095929,0.8852877624534026
ELR_ELRCS1216914EF,2022,ELR,ELRCS1216914EF,1216,,CS,2022,4.09,-0.4239745579890547,1.4005400033066842,2.9655120903316625,0.8179284068412839,-0.47604051436371003,-0.5046559780018428,0.3594473870490652,0.9838142222114746,-0.9021072210525967,0.620873162825748
ELR_ELRCS1216914EF,2023,ELR,ELRCS1216914EF,1216,,CS,2023,3.07,-0.42748463080404764,0.09799079279682922,-1.125415481855819,2.5223905291836557,0.6366316818884006,-0.29457032207262723,0.9541196477832927,-0.29202409774399163,-0.3425781080730417,-0.014445146540762028
ELR_ELRCS1216914WI,2020,ELR,ELRCS1216914WI,1216,,CS,2020,3.33,-0.23163829557520862,2.9084641079185096,3.5486845088062173,2.467268580247751,0.9928749727114276,-0.0767281865212268,0.3000604395269665,-0.13525707338986967,1.3703891524454435,-1.0865563999814263
ELR_ELRCS1216914WI,2021,ELR,ELRCS1216914WI,1216,,CS,2021,2.86,-0.3185269379837054,-0.586693498820185,-1.08883598341292,2.2030063887193623,0.7827373135439281,-0.2974521289761157,0.9000882637406316,-0.3041820977437934,-0.3934234932445719,0.8886664990788468
ELR_ELRCS1216914WI,2022,ELR,ELRCS1216914WI,1216,,CS,2022,3.17,-0.43249304098744434,1.0996485160932379,2.695870635165241,1.510802613729587,-0.13306390357882586,-0.2837299810661496,-0.04422661175371761,1.2387018359725959,-0.6407237461665396,0.34208297580147523
ELR_ELRCS1216914WI,2023,ELR,ELRCS1216914WI,1216,,CS,2023,2.88,-0.470761531672672,-0.0801530315388105,-0.623175773121314,2.398871624228121,0.49001614620628214,-0.17964513204396124,0.8741050270899305,-0.06389313986294641,-0.20107108666140838,-0.3720562333310094
ELR_ELRCS12169P,2020,ELR,ELRCS12169P,1216,,CS,2020,13.11,-0.3216218727291414,0.5456488797741442,-0.09497263687138088,1.0413779242534578,-0.8729747541206727,-0.31819396865800975,0.4754173799391218,1.0002101421398797,0.39723133055271526,-0.611279881293076
ELR_ELRCS12169P,2021,ELR,ELRCS12169P,1216,,CS,2021,15.48,-0.1479028038356786,0.12813235609179455,-0.7903299598727107,0.10903722646983592,-0.7651762962288896,-0.5591132754473266,0.5585324977022174,1.1856449689195774,0.6542088778874007,0.6240308745526604
ELR_ELRCS12169P,2022,ELR,ELRCS12169P,1216,,CS,2022,9.37,-0.29036458975458107,0.9444619159990598,-0.8700389426035646,0.6264785147901797,-1.2500875669941605,-0.5956146904694599,0.6313292368312526,1.1074809164032775,0.7505967172819257,-0.2906549947923318
ELR_ELRCS12169P,2023,ELR,ELRCS12169P,1216,,CS,2023,6.37,-0.37352785139984507,0.6246859867102493,-0.5010194603030391,1.1709491704403787,-1.6412153055835625,-0.47166865545834946,0.6002989563525868,0.7760142695391253,0.0016041046167020808,-0.3873904097116801
ELR_ELRCS12169PF,2020,ELR,ELRCS12169PF,1216,,CS,2020,0.0,0.15166599329904673,-0.07391420299316478,2.6604536852020515,-0.45709101770180116,0.3227910280166118,0.07453937231888423,1.0316023259721854,-1.5341149773253904,0.041268490964167695,0.16287467589075275
ELR_ELRCS12169PF,2021,ELR,ELRCS12169PF,1216,,CS,2021,0.0,0.02232722625163057,-2.048824372637259,-1.032323479647487,1.3827154633164724,1.3870666514058005,0.3357181292235717,0.5790723738614153,-1.1717247374351245,-0.7809443013905755,0.4225133934139765
ELR_ELRCS12169PF,2022,ELR,ELRCS12169PF,1216,,CS,2022,0.0,-0.007681094771833469,-2.1735145026903155,0.5455436755941032,0.762020712468258,0.04938832985545824,0.47294362321986844,0.08135869898504033,-0.14844937580353582,-0.6086925979851099,0.012291060500775058
ELR_ELRCS12169PF,2023,ELR,ELRCS12169PF,1216,,CS,2023,0.0,-0.007681094771833469,-2.1735145026903155,0.5455436755941032,0.762020712468258,0.04938832985545824,0.47294362321986844,0.08135869898504033,-0.14844937580353582,-0.6086925979851099,0.012291060500775058
ELR_ELRCS12169PI,2020,ELR,ELRCS12169PI,1216,,CS,2020,0.0,0.1702201303666504,0.1737312334729633,3.0731831317067257,-0.5671491259575583,0.3702947340297246,0.06289333839274129,1.2024862969021672,-1.8454912764881006,0.18400165052520615,0.07094678619424824
ELR_ELRCS12169PI,2021,ELR,ELRCS12169PI,1216,,CS,2021,0.0,0.02637679206448558,-2.0319976768861547,-1.2452536493859714,1.4664770386904529,1.567583795144428,0.3171998099645558,0.6462378870800264,-1.3098138000774495,-0.8041893409504824,0.4778721165406714
ELR_ELRCS12169PI,2022,ELR,ELRCS12169PI,1216,,CS,2022,0.0,-0.0005910888570704605,-1.3124770445443634,2.47197787779807,-0.3171589604844857,-0.02936840927422308,0.17921521345272548,0.17202140740628102,-0.0774879988666967,-1.2811951783710334,0.8715753434894896
ELR_ELRCS12169PI,2023,ELR,ELRCS12169PI,1216,,CS,2023,0.0,0.015162609813502478,-2.078594680504598,-0.6556008716486298,1.2345219068855837,1.067690166329767,0.36848130945106117,0.4602410812438724,-0.9274133189140877,-0.7398184621692013,0.32457103711290064
ELR_ELRCS12169R,2020,ELR,ELRCS12169R,1216,,CS,2020,14.44,-0.1970068227061071,2.551758946611185,2.541840972032929,0.30009094449654816,-0.6170560376838324,-0.5379246755796565,1.6682695739440954,-1.0506191917061587,0.9791234525899591,-1.0170817059829589
ELR_ELRCS12169R,2021,ELR,ELRCS12169R,1216,,CS,2021,13.84,-0.13561257453174552,0.4636782457417082,-2.442509337500223,0.8526128650919746,0.20383593773616446,-0.7813109981865691,1.052423650618929,0.1292308492128145,0.2836495758759744,1.1123031540909587
ELR_ELRCS12169R,2022,ELR,ELRCS12169R,1216,,CS,2022,10.65,-0.2807846717345324,2.0206223539126795,1.2888951413434686,-0.5488852064109804,-1.3965045437214259,-0.969356408295822,0.9297113331780111,0.9687381212139669,-0.31715416469275143,0.6200617751368412
ELR_ELRCS12169R,2023,ELR,ELRCS12169R,1216,,CS,2023,8.41,-0.33772204634912767,1.0884966380649794,-1.9351399872681008,1.7597930145208427,-0.616582275212568,-0.6662692574376504,1.0227124472791949,-0.10199759547607042,-0.060549398188886855,-0.053203728684705055
ELR_ELRCS16412S,2020,ELR,ELRCS16412S,1641,,CS,2020,8.09,-8.392592573999138,0.5482791210162443,1.240772970001689,-2.175976940835872,-1.7964159023793813,0.3972575072697049,1.432710351313771,-1.6834988370642976,1.377726256523431,-0.4953125684474309
ELR_ELRCS16412S,2021,ELR,ELRCS16412S,1641,,CS,2021,15.56,-5.38431071780777,-0.04812085313876168,-1.946402551197145,0.14514029935456368,-0.22728532407517094,0.24598308758811097,0.3359452489414422,-0.2775803649161488,1.6075861451807734,1.0258322170846912
ELR_ELRCS16412S,2022,ELR,ELRCS16412S,1641,,CS,2022,17.34,-6.718332357012175,2.465610132907762,0.8160049776552968,-2.000111989682137,-1.9737878573699605,-0.17452522537274479,0.37840949872771557,0.4503176509850824,1.598614919533674,0.8462785396827573
ELR_ELRCS16412S,2023,ELR,ELRCS16412S,1641,,CS,2023,12.9,-9.635867509286363,1.5064464834956859,-3.135053010218865,-0.6466422557323843,-0.33074271747708905,0.09524100463873057,-0.46238850284149535,0.694076938248202,-0.3322194626796668,-0.534100833524943
ELR_ELRCS23412RE,2023,ELR,ELRCS23412RE,2341,,CS,2023,0.0,-0.4060995357675186,-2.3715100872966177,-0.12276012833465158,0.5706963724288803,-1.5187538632579038,-0.9629108482654083,0.8499780854575654,1.125619010780507,0.09539614800112037,-0.04589306535019824
ELR_ELRCS23412RP,2023,ELR,ELRCS23412RP,2341,,CS,2023,0.0,-1.020325739982954,-2.7416640408012376,0.16998859104729563,1.4293113298437456,-1.9610333567086955,-2.87301346154293,0.22589045885716366,1.0548404074914874,1.0365040142227027,1.378489016340318
ELR_ELRCS23412RW,2023,ELR,ELRCS23412RW,2341,,CS,2023,0.0,-0.41081409132804286,-2.385040670349819,-0.10794886657412392,0.5913987951614558,-1.5001688022440256,-0.9615026931927657,0.8570851709786296,1.1154598798551247,0.07916289406544276,-0.0313509742798901
ENF_ENFCS0506M,2020,ENF,ENFCS0506M,0506,,CS,2020,13.15,0.2150275628636696,0.7947712309004279,0.3111096444159909,0.4939391222153182,-0.5294894502890614,0.16292097521783258,0.2848679304305629,-0.46756493198669463,0.7635065395475412,-1.4736113353030045
ENF_ENFCS0506M,2021,ENF,ENFCS0506M,0506,,CS,2021,9.72,0.2589366536035692,0.9635794234446619,-1.0021282151812034,0.1762350958171761,-0.8663374165820168,-0.27383778453108365,-0.1466822319359309,0.5118845485861365,-0.11445703944157794,0.04339986197428148
ENF_ENFCS0506M,2022,ENF,ENFCS0506M,0506,,CS,2022,13.28,0.16382573359267633,2.166636057253093,1.1094949446760238,-0.40875060525114515,-1.1467795702477661,-0.453794699079902,-0.1203261206355541,0.5784586295879766,-1.0456135126189021,0.04926437941232797
ENF_ENFCS0506M,2023,ENF,ENFCS0506M,0506,,CS,2023,9.6,0.17015072389698938,-0.08565722227921005,-1.850412907856222,0.3262243598495775,0.2945495278762042,-0.16139267765189616,0.3251622196860594,-0.10927884166018068,-0.11234592475346589,0.11520096534152534
ENF_ENFCS0506N,2020,ENF,ENFCS0506N,0506,,CS,2020,12.87,0.24223885007558757,1.4846490247537907,1.712230948510296,-0.44850977651003365,-0.10898126920711693,-0.1104408703431187,0.49553432166495126,-0.6276278261168432,0.12889816020407305,-0.5699451174103566
ENF_ENFCS0506N,2021,ENF,ENFCS0506N,0506,,CS,2021,10.12,0.29152908834928193,1.5012626496471666,-0.1423500749965788,-0.6699386672444244,0.3939003504091336,-0.6003995425330193,0.3695061259502694,-0.16667552773236213,-0.7489522439925015,1.2738685878476212
ENF_ENFCS0506N,2022,ENF,ENFCS0506N,0506,,CS,2022,13.28,0.19454478308908404,2.2440944198788415,-0.11981810047253767,-0.01691183561253048,-0.02434234918889182,-0.5614962060709116,0.29380740196891014,-0.2228171270117977,-1.0432549584994315,0.37225312601898713
ENF_ENFCS0506N,2023,ENF,ENFCS0506N,0506,,CS,2023,7.88,0.2113013157770463,0.882793833009932,-1.967599399094505,0.6450488578401252,0.14319321522908054,-0.28154173873682237,0.20899080847317408,-0.10281803784757955,-0.2323557374891998,-0.03905387406757144
ENF_ENFCS0506S,2020,ENF,ENFCS0506S,0506,,CS,2020,17.39,0.24460214341266526,2.5644267022580127,1.5481486634485833,-0.2779475393772442,-0.7380648505888652,-0.27319863807472866,0.5363089610414707,-0.843199995519852,0.12582857475158815,-0.9676215724994729
ENF_ENFCS0506S,2021,ENF,ENFCS0506S,0506,,CS,2021,16.9,0.3775731891074088,1.9147526266463555,-2.9542628314144372,0.32386921619174225,-0.17320531070297107,-0.6581325607988401,0.20549849871236084,-0.09138714196000984,-0.31998208689315266,0.5298747189424302
ENF_ENFCS0506S,2022,ENF,ENFCS0506S,0506,,CS,2022,18.8,0.29019465140338524,2.8497390697653087,0.31929144177995405,-1.0131922468365258,-1.140637480119323,-0.6737148043887023,-0.15993372599184053,1.001265821107828,-0.3496685063284729,0.07528093222199268
ENF_ENFCS0506S,2023,ENF,ENFCS0506S,0506,,CS,2023,14.26,0.32101693138102516,1.4523354326730429,-2.3523141342848093,-0.031607157269709425,0.03268430223710336,-0.4720504850799492,0.11055252744129153,0.39853563426799493,0.16680969384000155,0.04966793721883792
ENF_ENFCS0514M,2020,ENF,ENFCS0514M,0514,,CS,2020,13.98,0.2866492511326016,2.0537917093560702,2.0779478054584257,-0.7000904570291624,-0.3401843212089224,-0.1979320897124841,0.6778789349072794,-1.0023418289523416,0.2861597102006047,-0.6981845998995024
ENF_ENFCS0514M,2021,ENF,ENFCS0514M,0514,,CS,2021,9.97,0.32211608125285557,1.1003331783019743,-2.7900720537164383,0.5727362887595346,0.3125161485499625,-0.439439167539642,0.33195073642392897,-0.44146937615016535,-0.15759130716151554,0.4185862467532052
ENF_ENFCS0514M,2022,ENF,ENFCS0514M,0514,,CS,2022,13.12,0.19372964146457478,2.119946985636727,0.875683270628181,-0.5417990687164385,-1.28617601391338,-0.4420779112587045,-0.15849526108923256,0.6415601151221705,-0.859603883090869,-0.08345541340995379
ENF_ENFCS0514M,2023,ENF,ENFCS0514M,0514,,CS,2023,13.24,0.2856899715212791,0.702063129924408,-2.01659133719275,0.17264914454939695,0.0815455257670773,-0.2837931272064623,0.15774861341011243,0.05748181254904356,0.0008853235512144224,0.07529673597894906
ENF_ENFCS0514N,2020,ENF,ENFCS0514N,0514,,CS,2020,14.18,0.2358647858327785,2.1472454946927657,1.1371171446634278,0.00015245815145542143,-0.8441244156774831,-0.13535569903241507,0.46465537895548736,-0.7899275183814624,0.4064661991443302,-1.3066882060801093
ENF_ENFCS0514N,2021,ENF,ENFCS0514N,0514,,CS,2021,9.24,0.27002670451798716,2.054095369525802,-0.924486502519097,-0.20303920649623197,-1.090855141964866,-0.7435605359030769,0.26020455881383225,-0.25424676076072533,-1.059576196901869,0.9876590881832387
ENF_ENFCS0514N,2022,ENF,ENFCS0514N,0514,,CS,2022,15.82,0.20115169600433547,2.709895815429929,-0.25313919405193985,0.08001726711716446,-1.0714942766007318,-0.6431187362754566,0.13217594003956298,-0.1364441948151086,-1.3574976975712756,0.14380671983884605
ENF_ENFCS0514N,2023,ENF,ENFCS0514N,0514,,CS,2023,13.78,0.2790886963499106,1.2848003477585592,-2.2777940284710056,0.21224779501472685,-0.2338717596070642,-0.4132645195714713,0.14980246898480737,0.13616044977124203,-0.03417889208848627,-0.06417538654170983
ENF_ENFCS0514S,2020,ENF,ENFCS0514S,0514,,CS,2020,11.17,0.24690809520626905,1.6492917744364033,1.6163784110701045,-0.3727798913502715,-0.39465318312368575,-0.12721630035448092,0.528857267938375,-0.7798650629432464,0.2113257569655576,-0.719538568071968
ENF_ENFCS0514S,2021,ENF,ENFCS0514S,0514,,CS,2021,8.66,0.2589567522283595,0.675919789349732,-2.212102888590682,0.6639704114020916,-0.01914088494563368,-0.3075459123690502,0.267154715868709,-0.4200148138791582,-0.3351480132839165,0.29952886304082926
ENF_ENFCS0514S,2022,ENF,ENFCS0514S,0514,,CS,2022,15.28,0.19086681539585726,1.6054436093935376,0.7918950929411841,-0.48869825162441877,-0.9482545788339728,-0.30309871436261476,-0.18850248462220404,0.7219545674536818,-0.7618002950613424,-0.19316465552174572
ENF_ENFCS0514S,2023,ENF,ENFCS0514S,0514,,CS,2023,9.14,0.26432476408049616,0.8838135484337221,-1.7878048630041754,0.15165121093312944,0.2026633974141017,-0.2492194920297821,0.11044297003867047,0.27848786927335994,0.40740588917160425,-0.21771655325970674
ENF_ENFCS05EN,2020,ENF,ENFCS05EN,05,,CS,2020,18.92,0.3030911103175505,2.4574400304370694,1.6097795366544578,-0.5632875662355545,-0.6424063980305569,-0.28316233584694933,0.5595068241785585,-0.861969532832208,0.23327008397503177,-0.780059335928272
ENF_ENFCS05EN,2021,ENF,ENFCS05EN,05,,CS,2021,15.82,0.3931323187970278,2.6733968924985345,-1.4313134909465954,-0.753405412256949,-0.26964410418217416,-0.956687312666235,0.3428747496004134,-0.0642957176573971,-0.7469646326478226,1.3369665759059755
ENF_ENFCS05EN,2022,ENF,ENFCS05EN,05,,CS,2022,22.14,0.32672333018868244,3.117438606420333,-0.5390010243956156,-0.7820501618776484,-0.36590679516856045,-0.8170023304407339,0.15684699851029205,0.3310724065544576,-0.6888954894129253,0.43353628062331495
ENF_ENFCS05EN,2023,ENF,ENFCS05EN,05,,CS,2023,17.96,0.41765156117456465,1.336122844128218,-2.766772625633522,-0.5685511407084014,0.4365822424099177,-0.5532198491757986,0.155334935069565,0.5652265061586003,0.5640299752729026,0.403315380472419
ENF_ENFCS05ES,2020,ENF,ENFCS05ES,05,,CS,2020,24.16,0.29864698807101403,1.3313572434081613,-0.07690984642011897,0.0987324393623273,-0.8272559901872415,0.03748217050426318,0.16836764072027102,-0.21984901739271506,0.8891116188475192,-1.5758490633483715
ENF_ENFCS05ES,2021,ENF,ENFCS05ES,05,,CS,2021,17.3,0.42051601119214177,2.3970840166283915,-2.188734285347748,-0.594316551034207,-1.4466680763861715,-0.7465701825594165,-0.17377834744557777,0.9755208208223763,0.4488492147568301,0.25005936219593883
ENF_ENFCS05ES,2022,ENF,ENFCS05ES,05,,CS,2022,18.12,0.2589133007061469,3.6300917908285912,0.3096279500560374,-0.8741297265062229,-2.184882784415299,-0.9269532378104443,-0.11393304680153155,0.7281615398204967,-1.0680010107199378,0.3097434609250058
ENF_ENFCS05ES,2023,ENF,ENFCS05ES,05,,CS,2023,14.76,0.3048195117180201,1.779314784196783,-2.819722982248015,0.2843528591197003,-0.41742898626306923,-0.5879938437193616,0.20129258399718478,0.036017219820594186,-0.2339253728754043,0.10273682383355574
ENF_ENFCS05NE,2020,ENF,ENFCS05NE,05,,CS,2020,19.85,0.29778677135662535,2.7138639911788682,1.845874130778907,-0.8487945364025168,-0.8017219536771406,-0.3334151816476499,0.6153490074546127,-0.8974572296184432,0.2263364574408713,-0.9032991764485658
ENF_ENFCS05NE,2021,ENF,ENFCS05NE,05,,CS,2021,23.28,0.4563715315651365,3.172472459594619,-2.433795631763644,-0.6347396469540147,-0.42639586762490744,-1.0712014985571685,0.39615620053871,-0.23105323221485696,-0.5254670305894328,1.132343940414809
ENF_ENFCS05NE,2022,ENF,ENFCS05NE,05,,CS,2022,33.14,0.4718796733103438,3.6277932630693916,-0.9375356992278013,-1.8991298007519817,-0.5330122338233357,-1.0612776615030104,0.0071058805955179355,1.1296988558251568,-0.30059075309778477,0.6809660868125446
ENF_ENFCS05NE,2023,ENF,ENFCS05NE,05,,CS,2023,23.6,0.5806584981552584,2.080080550329733,-3.4611003026429215,-1.6795607826514198,1.0363251830986668,-0.7730701465024503,0.11235309353148164,1.366248686094833,1.8614505888619575,0.3307636442242207
ENF_ENFCS05NW,2020,ENF,ENFCS05NW,05,,CS,2020,15.23,0.275181435389582,2.175554652522952,1.5832480776820261,-0.5150232754555881,-0.6602635466341249,-0.2537897230476143,0.5436384874107248,-0.8365932569216571,0.14125042132599142,-0.6884457302057367
ENF_ENFCS05NW,2021,ENF,ENFCS05NW,05,,CS,2021,15.46,0.3390421568639679,1.654337503149062,-2.960331827507828,0.49765631042790315,-0.3528031576364862,-0.5928487353655719,0.28320955707546036,-0.36805789960314345,-0.33909279317522967,0.41870384319669185
ENF_ENFCS05NW,2022,ENF,ENFCS05NW,05,,CS,2022,23.96,0.31375613744295017,2.7087782223356194,0.7509926912907013,-1.478911251704155,-1.1060849811843978,-0.6803898999538459,-0.20634009917475796,1.1809183041033067,-0.6417256416440744,0.27076823861675886
ENF_ENFCS05NW,2023,ENF,ENFCS05NW,05,,CS,2023,18.16,0.46372034559636566,1.219372803214953,-2.790393577824911,-0.8748428227754728,1.010458189050059,-0.5145853792452154,0.16486478818510544,0.7504285600838216,1.1039970249710016,0.3814525261106354
ENF_ENFCS06ME,2020,ENF,ENFCS06ME,06,,CS,2020,11.19,0.2026219374751502,1.4862977430162927,1.2573815122567122,-0.111386733404396,-0.3767753207820121,-0.057604729938243546,0.35886922432756624,-0.4516966947715901,0.1903905670384602,-0.9666314167660306
ENF_ENFCS06ME,2021,ENF,ENFCS06ME,06,,CS,2021,7.91,0.2533463891320738,0.7365173143250301,-0.7488688609456734,-0.1542213623514795,-0.010846536030993401,-0.3619449399882594,0.22605666190740298,-0.1005090373998653,-0.5443782890385048,0.7227883648906643
ENF_ENFCS06ME,2022,ENF,ENFCS06ME,06,,CS,2022,11.3,0.18099116728521636,1.6444320505170025,0.0014352806259613593,0.15815270616329338,-0.3637757584903176,-0.2914864434906969,0.01176666119539368,0.1693734315980615,-0.6873766536318195,-0.24301822858310246
ENF_ENFCS06ME,2023,ENF,ENFCS06ME,06,,CS,2023,5.62,0.17522417088199402,0.7459961920931666,-1.4601832597446154,0.6565787727530783,-0.4071513737516246,-0.1854518298741205,0.09536994596609169,-0.011696536154545944,-0.17671985199170911,-0.30781259190763943
ENF_ENFCS06MWZE,2020,ENF,ENFCS06MWZE,06,,CS,2020,7.44,0.18358491378286473,0.5864088143167938,0.9100119243565377,0.6334099261975638,-0.23087167570455394,0.35076389354169685,0.510096555566342,-0.8496696450219091,1.1966228291771077,-2.015731754366164
ENF_ENFCS06MWZE,2021,ENF,ENFCS06MWZE,06,,CS,2021,4.74,0.1751127401882701,0.003901235308512559,0.8394780583436737,-0.3459922692481477,-0.27087263613420365,-0.06770223557665592,-0.03547794290461152,0.3879499569792441,-0.46493893016219173,0.44026726929967863
ENF_ENFCS06MWZE,2022,ENF,ENFCS06MWZE,06,,CS,2022,7.92,0.11136369138215173,0.9070122563370504,0.5165110981512812,0.3364703242447093,0.09151178868788698,-0.10961401805901223,0.08163203673531172,0.003405262337089104,-0.858329429421412,-0.16428570268716822
ENF_ENFCS06MWZE,2023,ENF,ENFCS06MWZE,06,,CS,2023,4.5,0.10022193282160827,0.27403145710872673,-0.9536948917717463,0.9163930530440166,0.15921252828064197,0.023554047012337775,0.13023208726511956,-0.09295574521846105,-0.17702800743251393,-0.5768576583849222
ENF_ENFCS06MWZW,2020,ENF,ENFCS06MWZW,06,,CS,2020,7.93,0.18784646948379277,1.5170447575159995,1.8036951602928895,-0.13059464308111685,-0.08730998360748782,-0.04767626688691569,0.495487685080347,-0.6680874397055864,0.13018590269683245,-0.8494622433693345
ENF_ENFCS06MWZW,2021,ENF,ENFCS06MWZW,06,,CS,2021,4.91,0.1966389248710172,0.3678922649457661,-0.3096577800341075,0.06813362275583577,0.45944143879107097,-0.26457893620105954,0.3554351174102962,-0.42958644015617403,-0.7942574187606046,0.8644113589301805
ENF_ENFCS06MWZW,2022,ENF,ENFCS06MWZW,06,,CS,2022,7.6,0.11358849623706409,1.2591415988339176,0.6621478933374354,0.2510215216260443,-0.03659713842575973,-0.22023015100953028,0.137533789140601,-0.11718443697037581,-1.0741160790231667,0.016081782279533604
ENF_ENFCS06MWZW,2023,ENF,ENFCS06MWZW,06,,CS,2023,5.78,0.11198241672964351,0.27366865818308356,-1.1877665871548955,0.9466189791043765,0.3008464032629971,0.00073565521408593,0.18040292500668767,-0.2027775345696838,-0.28079926709668385,-0.5063963595256105
ENF_ENFCS06NE,2020,ENF,ENFCS06NE,06,,CS,2020,6.36,0.18205890677009803,1.4896415097863458,2.0022963915089065,0.03777421495400679,-0.08232611095108694,0.028402377218144745,0.6694455808702007,-1.0345276312333438,0.4064691832985079,-1.1296987039947262
ENF_ENFCS06NE,2021,ENF,ENFCS06NE,06,,CS,2021,4.67,0.17006018175155627,0.1440113594152191,-0.08618245330851185,0.161902981984936,0.5021177442456682,-0.1939588162682716,0.3427462707745857,-0.451286760431356,-0.9061511953148181,0.840410817257456
ENF_ENFCS06NE,2022,ENF,ENFCS06NE,06,,CS,2022,6.96,0.10111982257143223,0.42796183812653577,-0.76581203666165,1.130785586631455,0.23502537058020243,0.06176899045589528,0.06653795762675743,-0.14975716050886342,-0.4681440629756937,-0.6751200540984245
ENF_ENFCS06NE,2023,ENF,ENFCS06NE,06,,CS,2023,4.46,0.07393990821429507,0.135606549057432,-0.11576495257512284,0.69353047700834,-0.45196416573721027,0.11504711481117307,-0.11228158857928304,0.36378601542717226,-0.21706740264576121,-0.7654123272021094
ENF_ENFCS06NM,2020,ENF,ENFCS06NM,06,,CS,2020,5.49,0.1860264805132261,1.5358369713830766,2.1422356449867106,0.09284376430084708,-0.024955828417539544,0.057074612435705115,0.7357804649405518,-1.1741668023829324,0.5240219337158938,-1.2445918379623508
ENF_ENFCS06NM,2021,ENF,ENFCS06NM,06,,CS,2021,3.49,0.1519329704360884,0.04033386187595169,0.06783778969686803,0.22458300756799068,0.5481325046070826,-0.161021540884985,0.35554392711207344,-0.5074107975241499,-0.9681745110858497,0.8487229184528832
ENF_ENFCS06NM,2022,ENF,ENFCS06NM,06,,CS,2022,5.84,0.08969516956022924,0.3024156088918336,-0.6460111454516249,1.2236050919920018,0.37438498375710616,0.11182079097539746,0.06046150419997134,-0.18509895733490275,-0.5405835485410718,-0.6880915319589477
ENF_ENFCS06NM,2023,ENF,ENFCS06NM,06,,CS,2023,4.42,0.05876632875319033,-0.2510789361891442,0.06493449789464299,0.6452835512513698,-0.22257196044411573,0.20718178972810558,-0.09364789424621825,0.36229814904916624,-0.1592036353405505,-0.7698614489400706
ENF_ENFCS06NW,2020,ENF,ENFCS06NW,06,,CS,2020,8.24,0.19337885754280135,1.3659056648147514,1.8346988567113403,-0.15729032548913513,-0.14137876980952702,0.010050040728733773,0.5891599808953649,-0.8368390135744844,0.35878537471622585,-1.0347887110563674
ENF_ENFCS06NW,2021,ENF,ENFCS06NW,06,,CS,2021,8.1,0.2294239524680351,0.40935731767529127,-0.035373486449301474,-0.3187223638818289,0.5645663790223333,-0.2828294508001965,0.31483529089308715,-0.22696408364017726,-0.7259743187039353,0.940715846431868
ENF_ENFCS06NW,2022,ENF,ENFCS06NW,06,,CS,2022,10.16,0.18486044764076,1.293755145591438,0.42357436814093447,-0.19630325709758675,0.4740203225488311,-0.2646546446040929,0.14698907535852745,0.13631177896535054,-0.6387508708537872,0.12235097659830864
ENF_ENFCS06NW,2023,ENF,ENFCS06NW,06,,CS,2023,8.96,0.16788823998687066,0.3173974462400662,-1.3353086302332233,0.5470196052758322,0.5866717726415243,-0.03392180313079229,0.17384435066576484,0.03367951952291464,0.11660103777085343,-0.46799930481307833
ENF_ENFCS06S,2020,ENF,ENFCS06S,06,,CS,2020,22.14,0.3380353075897625,3.1233336202637902,1.8096132657784978,-0.5994638624044631,-0.9137567513583138,-0.28177785731616867,0.7267136603539827,-1.2206355360404761,0.7044869647718333,-1.4643475791479026
ENF_ENFCS06S,2021,ENF,ENFCS06S,06,,CS,2021,22.22,0.47617915386490756,2.6737518321607423,-2.426620701325558,-0.9679199456574457,-0.2731486009544481,-0.9962448505202055,0.28299373121372107,0.19863128699718008,-0.3263608711037005,1.1759544136689855
ENF_ENFCS06S,2022,ENF,ENFCS06S,06,,CS,2022,25.24,0.43952951903047843,3.3264967944496253,-0.9445272424675942,-1.5044380252315541,-0.4018058340339368,-0.8854930954631987,-0.01947602441784385,1.0386468895881404,0.17714007895784362,0.2856126339265417
ENF_ENFCS06S,2023,ENF,ENFCS06S,06,,CS,2023,19.2,0.4039497197833066,2.656936529571996,-3.0661062282698244,-0.41206801756803657,-0.4402521997698543,-0.7454091608952783,0.09266443091306023,0.6557037315709444,0.7822203312919512,-0.24043904946082195
ENF_ENFCS07E,2020,ENF,ENFCS07E,07,,CS,2020,21.38,0.2885416231411258,2.530661404405018,1.6693604591650482,-0.6752706347213632,-0.5148169818391471,-0.28038160732156653,0.49050330314558,-0.6325603857641917,0.19028124759480416,-0.8853791683011268
ENF_ENFCS07E,2021,ENF,ENFCS07E,07,,CS,2021,16.15,0.4230319666116297,2.472876632311859,-1.8962962993798596,-0.8406547166672688,0.014871851870942452,-0.930075841431695,0.35629368450335647,0.05907186368774379,-0.3141564261436867,1.2709109961460412
ENF_ENFCS07E,2022,ENF,ENFCS07E,07,,CS,2022,18.74,0.29066763582117666,2.4510019685853446,-2.3366876013885216,0.4248487611582139,-0.7519821643832806,-0.5591726487128627,0.04496263302139128,0.21437968719542586,-0.08433597233643209,-0.47888222459854274
ENF_ENFCS07E,2023,ENF,ENFCS07E,07,,CS,2023,13.92,0.2677969380250888,2.0367187885268523,-1.519632777156136,-0.10416556720685785,-1.4168859237382085,-0.4809006194843982,-0.21916547167979167,0.9179544235508185,0.06538680294830475,-0.5161685499408255
ENF_ENFCS07M,2020,ENF,ENFCS07M,07,,CS,2020,19.74,0.2855567361674497,2.341938070586412,2.0185686412039816,-0.6076479402434275,-0.3244919922841447,-0.16957627331091873,0.6840523741822166,-0.9755115199104933,0.5047800136995113,-1.1301064257652178
ENF_ENFCS07M,2021,ENF,ENFCS07M,07,,CS,2021,13.75,0.38419995390663825,2.00263591706848,-1.9184369528813225,-0.5284757971482051,0.23464370389049208,-0.7781015745890812,0.3661103781812277,-0.03583474637310473,-0.20312333167921198,1.1003275193098383
ENF_ENFCS07M,2022,ENF,ENFCS07M,07,,CS,2022,18.58,0.25778159900738334,1.9079419881933823,-1.7986884985726332,0.3788631528216526,-0.5750535246075962,-0.40594229689351546,-0.019978346278958004,0.34273732521962025,-0.19231080163096256,-0.5005927009142779
ENF_ENFCS07M,2023,ENF,ENFCS07M,07,,CS,2023,12.32,0.26589500000152777,1.5674553644131481,-1.2495019156405607,-0.23906786934028823,-0.7995787616491333,-0.3503395776740973,-0.20210383602161647,1.0213381001568889,0.4004605775027654,-0.5232171415341381
ENF_ENFCS07S,2020,ENF,ENFCS07S,07,,CS,2020,11.56,0.21103114571189668,2.223172821034213,1.783339618014351,-0.15288138866494372,-0.4247447634325346,-0.19654654612757883,0.5374295940493836,-0.8241584099316576,0.04062524522799502,-0.856997180732443
ENF_ENFCS07S,2021,ENF,ENFCS07S,07,,CS,2021,10.97,0.265978869540285,1.3673771339163021,-0.8503948001705781,-0.11633593713705297,0.11475578487553603,-0.5663115798868142,0.3696710972920178,-0.3839606583481792,-1.0077205284373065,1.0977626966519871
ENF_ENFCS07S,2022,ENF,ENFCS07S,07,,CS,2022,12.74,0.21067300512765952,1.9663392298308455,-0.11585232094393286,-0.10541024310738112,-0.03982999765877743,-0.4496810022335515,0.13557029602899512,0.14146856413372355,-0.6873697265410004,0.12174003695649667
ENF_ENFCS07S,2023,ENF,ENFCS07S,07,,CS,2023,9.08,0.18627980458886714,0.9016713239792946,-1.596571869411477,0.5574213259087422,0.0866384763345324,-0.20121337295226924,0.1282061671440529,0.11086005824820391,-0.043627673487928405,-0.39535960757656785
ENF_ENFCS07SE,2020,ENF,ENFCS07SE,07,,CS,2020,11.24,0.20250676723267566,2.0154648438349128,1.9771826295489705,-0.2514312274927613,-0.0976688196746136,-0.17412415828801378,0.5110962958043423,-0.6833907958432986,-0.07153207224455842,-0.6644379947716549
ENF_ENFCS07SE,2021,ENF,ENFCS07SE,07,,CS,2021,7.99,0.24848899045195952,0.9074645866905813,-0.9939718138974608,0.10580422322462979,0.6042008934645612,-0.4285095913823641,0.40016575207416627,-0.4284810277599209,-0.7345816098225806,0.9826504118043131
ENF_ENFCS07SE,2022,ENF,ENFCS07SE,07,,CS,2022,10.6,0.1535686179626115,1.4282116807102037,0.27483153389731846,0.12473281455341435,-0.009341454512232023,-0.2766601622940652,0.09247113191125073,0.11596537101137093,-0.8006667110691623,-0.012348302559121371
ENF_ENFCS07SE,2023,ENF,ENFCS07SE,07,,CS,2023,7.4,0.14931073717752524,0.5625833786297991,-1.2126076270977086,0.686380697706797,0.275180345707697,-0.079823460469548,0.11718780613877104,0.08098596421199439,-0.07618909186931752,-0.4568400262781062
ENF_ENFCS07W,2020,ENF,ENFCS07W,07,,CS,2020,25.32,0.3123351426871433,2.9441914259157813,1.2296436346143407,-0.5812992194333764,-0.9658704969097941,-0.3556670162650053,0.43619383983098736,-0.6388635873021803,0.26042933390733985,-1.0820953815809244
ENF_ENFCS07W,2021,ENF,ENFCS07W,07,,CS,2021,17.65,0.45273840283548833,3.311293652617319,-2.6327783369653113,-0.7507871661765079,-0.9542079778048317,-1.1741980695401448,0.30672041092265556,0.09650779174795855,-0.40640479752141007,1.2274756519670191
ENF_ENFCS07W,2022,ENF,ENFCS07W,07,,CS,2022,24.3,0.3512844933975902,2.736575636617722,-2.445725181108476,0.023106705546335267,-1.0699284260569337,-0.6594954710834396,-0.08631037753478737,0.558385744762139,-0.1894259796213207,-0.4269322876279566
ENF_ENFCS07W,2023,ENF,ENFCS07W,07,,CS,2023,16.52,0.39204772669727994,2.0787751885068917,-1.9652109746962219,-0.8532288584345992,-1.0932883197111822,-0.5920632309267666,-0.20892098425196148,1.2518703958182882,0.8440520282991849,-0.24435735397648153
ENZ_ENZCS0422,2020,ENZ,ENZCS0422,0422,,CS,2020,26.11,0.4517848116186544,4.164672499940281,0.6138820806324942,-0.7530402355270266,-1.2350774500228638,0.27519206128554524,1.1656748646888069,-2.2670089454036,-0.3059281109424998,-1.9334182324013025
ENZ_ENZCS0422,2021,ENZ,ENZCS0422,0422,,CS,2021,24.62,0.625796207649549,4.87429514644744,-2.0828476801652487,-2.367093943299828,-1.5430418553683771,-0.8915664960110427,1.068729079880631,-0.9953960975872708,-2.2849769911294198,1.4598810872971255
ENZ_ENZCS0422,2022,ENZ,ENZCS0422,0422,,CS,2022,21.88,0.5390613852421423,4.045806168080769,-2.322945440622766,-1.8114301414302008,0.017325308633464105,-0.3504361004617162,0.9569938069436017,-0.7255943854970679,-0.839508860504419,-0.038025543263712415
ENZ_ENZCS0422,2023,ENZ,ENZCS0422,0422,,CS,2023,20.76,0.47567724194760064,3.139158786674177,-3.1414237951817796,-0.6064366931454248,-0.3335661860736784,0.08883080721006247,0.45408489835169896,-0.46998960439137355,-0.1839400949876693,-1.009926702474457
ENZ_ENZCS0423,2020,ENZ,ENZCS0423,0423,,CS,2020,24.13,0.45143530376894797,3.911597642378193,0.8395211670388463,-1.0008709480595854,-1.0751720228545723,0.29581035567915837,1.2810640078827553,-2.3202498560905522,-0.3201126005235063,-1.844425925754499
ENZ_ENZCS0423,2021,ENZ,ENZCS0423,0423,,CS,2021,17.32,0.5620637066856541,3.939602462369513,-4.292790421191221,-0.04125677865471301,-1.2769245470455608,-0.36210751415726816,0.5297148363110388,-1.100215774501986,-1.3115766002585287,0.23433436981154088
ENZ_ENZCS0423,2022,ENZ,ENZCS0423,0423,,CS,2022,22.84,0.4297869207932062,3.588810739809869,-0.43633433014300665,-1.9155543950946783,-1.674616460195214,-0.10191475706707959,0.48409117245578526,-0.12984866388146468,-1.569157752297235,-0.5120064479572037
ENZ_ENZCS0423,2023,ENZ,ENZCS0423,0423,,CS,2023,21.36,0.5080421828622794,2.685562677862323,-3.014651046162842,-1.0086181543586465,0.2763424706729218,0.1877156872168015,0.46297508228588474,-0.24717614536819488,0.29058328917773635,-1.0037662943495766
ENZ_ENZCS06N,2020,ENZ,ENZCS06N,06,,CS,2020,14.8,0.2972884039970325,2.916023341444727,1.9244310847686312,0.18579287444531706,0.468140904758782,1.2946822222330947,-0.09150307252063687,-1.1347637251202247,0.3443018199483481,-1.1025265901785752
ENZ_ENZCS06N,2021,ENZ,ENZCS06N,06,,CS,2021,13.27,0.4158467186775155,1.5563652577469045,-2.1917901101063353,0.24606410428633166,1.122976031724822,0.9472140706825352,-0.1825550996588236,-0.5047395429274585,-0.11052363858936272,0.7022135212906769
ENZ_ENZCS06N,2022,ENZ,ENZCS06N,06,,CS,2022,9.66,0.23994625237495187,2.6927493532252473,0.7107013725455981,0.13850162672611557,-0.037706251413254926,1.059051818079774,-1.001264702923669,0.5938145836982923,-0.3237586888009835,-0.0773133870291349
ENZ_ENZCS06N,2023,ENZ,ENZCS06N,06,,CS,2023,8.64,0.16094768500503556,1.4856541460435695,-1.5556662884659822,0.8264611731626561,-0.17027273406499852,1.1216694886607115,-0.06672667729475266,-0.8567379286080369,-0.5847102246674901,-0.45746685203216847
ENZ_ENZCS06S,2020,ENZ,ENZCS06S,06,,CS,2020,11.91,0.2835112078591104,2.6774765168000645,1.7090891462867008,0.07568696309512357,0.21979743573622582,1.2909161695999867,0.019593033842924983,-1.221301030290216,0.3207993538537709,-1.1463403580957314
ENZ_ENZCS06S,2021,ENZ,ENZCS06S,06,,CS,2021,13.67,0.40181994015226985,2.342938578091219,-0.046086248615375885,-0.6539830670749746,0.8210970000058919,0.7396684602094898,-0.21468437645911614,-0.4597304702622415,-0.8707941403666474,1.3810940435120949
ENZ_ENZCS06S,2022,ENZ,ENZCS06S,06,,CS,2022,9.42,0.2473591022022397,2.553775157801516,-0.5124516843284362,-0.3920086865749962,0.2950663016592684,0.7306087028879961,0.14141748522530928,-0.7657782783370007,-0.8254653688801618,0.44914430188510224
ENZ_ENZCS06S,2023,ENZ,ENZCS06S,06,,CS,2023,8.22,0.1693470179308447,1.3746227303479515,-1.78438489943418,0.7823696424413937,-0.05976245203535158,1.1169265550466587,0.014214243005725663,-0.9867249432731694,-0.5858002342818323,-0.4290188460984692
ENZ_ENZCS06W,2020,ENZ,ENZCS06W,06,,CS,2020,10.67,0.2803177706154958,3.2567203365040522,1.6825869712092818,0.06686204926814265,-0.27573085704351463,1.1298818254500704,0.2572059550213791,-1.6239237874538224,0.1408166561934733,-1.167353080628511
ENZ_ENZCS06W,2021,ENZ,ENZCS06W,06,,CS,2021,13.57,0.36739392528270387,1.6032350309760928,-2.3333783035012274,0.5328630283128748,0.3099007683968534,0.9144527734003289,-0.10294535485465661,-0.9299251862650412,-0.7762466111910528,0.6031586518314548
ENZ_ENZCS06W,2022,ENZ,ENZCS06W,06,,CS,2022,12.76,0.2734620594139261,2.4896767790937515,0.7717401706219084,-1.0656934749242335,-0.40711278535606227,0.8733885969298063,-0.3635144362459507,0.2690912284054309,-0.49080018934579206,0.0807157943297161
ENZ_ENZCS06W,2023,ENZ,ENZCS06W,06,,CS,2023,13.0,0.2525925048794134,1.336816485768135,-1.933442362853391,0.12789385026828773,0.39298258024103977,1.0882485636549792,-0.0016252596833617003,-0.6043620128810437,-0.02382301893024865,-0.37725818627694896
ENZ_ENZCS09338SE,2020,ENZ,ENZCS09338SE,0933,,CS,2020,12.54,0.29632591974860517,3.2644669794664405,2.761761941935929,0.7382000220714363,0.9741095754703167,1.222239489816691,-0.47620054729988587,-0.8695412521492575,0.35738967896936835,-1.0378358331008835
ENZ_ENZCS09338SE,2021,ENZ,ENZCS09338SE,0933,,CS,2021,11.29,0.5010868855606135,4.602129270054054,1.7841131635383278,1.0617066205798582,2.9799074111915846,0.6347948744175489,-1.7850220480233705,0.904887983120822,-1.0319610907417196,1.9250305940822667
ENZ_ENZCS09338SE,2022,ENZ,ENZCS09338SE,0933,,CS,2022,11.12,0.25016729946763067,2.794586234545793,-0.20803835428665532,0.7345294787713196,1.7870298391833745,0.7247577149413028,-0.42598042385403234,-0.5276416638670762,-0.9848949198675375,0.7395768197835118
ENZ_ENZCS09338SE,2023,ENZ,ENZCS09338SE,0933,,CS,2023,6.82,0.15922589657016148,1.3089566306653926,-1.862591574043797,1.1497369984588286,0.47295166297922137,0.9853437536223356,-0.06037539339157006,-0.8683319680362687,-0.42977919791160546,-0.3297596810760904
ENZ_ENZCS09338SW,2020,ENZ,ENZCS09338SW,0933,,CS,2020,21.15,0.2329269565319954,1.8815468669858253,-0.436822460374359,0.5146112733815544,-0.5028826679886379,1.1139900565479173,-0.6509948120906139,0.12158789479943781,-0.15106595153876562,-1.0833573959300216
ENZ_ENZCS09338SW,2021,ENZ,ENZCS09338SW,0933,,CS,2021,20.75,0.4658232788198659,2.006944689562974,-1.7292316435867723,-0.7814540659434567,-0.588023384465002,0.6064418294220844,-0.5850947260195547,0.6524430899964718,0.16201369706396632,0.5339407964655287
ENZ_ENZCS09338SW,2022,ENZ,ENZCS09338SW,0933,,CS,2022,17.76,0.4379636463775102,1.6829251010146764,-1.6970018991623292,-0.7978124531230179,-0.5756665679652632,0.6673477120857501,-0.4876630392343615,0.5066097055041312,0.3412353812364987,0.47172116557604465
ENZ_ENZCS09338SW,2023,ENZ,ENZCS09338SW,0933,,CS,2023,12.26,0.22580237621419263,2.3032482712098554,-1.5448040866368336,0.1294670273742254,-1.509853921983974,0.7097435298959119,-0.38572793038522796,0.06791334190801813,-0.13781340322711952,-0.5690675074355158
ENZ_ENZCS09338SWF,2020,ENZ,ENZCS09338SWF,0933,,CS,2020,0.0,0.1547388879175352,0.04227376912465609,2.8505943079665905,-0.5669868309828132,0.36169585585378133,0.03605471470124871,1.0699930801157,-1.581512403310009,-0.03641782568328033,0.2695418490197948
ENZ_ENZCS09338SWF,2021,ENZ,ENZCS09338SWF,0933,,CS,2021,0.0,0.025546111897746093,-2.0354493067838173,-1.201575665849872,1.4492951770752773,1.5305546374544532,0.3209984395561488,0.632460345906978,-1.2814878385097932,-0.7994211277074246,0.46651648102750315
ENZ_ENZCS09338SWF,2022,ENZ,ENZCS09338SWF,0933,,CS,2022,0.0,-0.11579681290849488,-0.7245721027059351,2.483710067653684,0.15692413718592,-0.16199136580694096,0.2542862324831368,0.14350084774080105,0.010106431252215902,-1.1626171969417327,-0.17239806517678594
ENZ_ENZCS09338SWF,2023,ENZ,ENZCS09338SWF,0933,,CS,2023,0.0,0.013085909396653753,-2.087223755248754,-0.5464059128083812,1.191567252847645,0.97511727210483,0.3779778834300437,0.42579722831125133,-0.8565984149949466,-0.7278979290615566,0.2961819483299801
ENZ_ENZCS09338SWI,2020,ENZ,ENZCS09338SWI,0933,,CS,2020,0.0,0.12301868540410565,-1.1570859430593012,0.8878523955584433,0.5674215641760203,-0.03990236698151731,0.4333156965607121,0.6737014244407112,-1.0922486512107188,0.7655054429355378,-0.8315386477961227
ENZ_ENZCS09338SWI,2021,ENZ,ENZCS09338SWI,0933,,CS,2021,0.0,-0.007681094771833469,-2.1735145026903155,0.5455436755941032,0.762020712468258,0.04938832985545824,0.47294362321986844,0.08135869898504033,-0.14844937580353582,-0.6086925979851099,0.012291060500775058
ENZ_ENZCS09338SWI,2022,ENZ,ENZCS09338SWI,0933,,CS,2022,0.0,0.0006980031274319083,-1.1559247794269176,2.8222386418351544,-0.5133734464758937,-0.04368781638871054,0.1258100480405177,0.18850553621014282,-0.06458593033272605,-1.4034683748048375,1.0278088494874376
ENZ_ENZCS09338SWI,2023,ENZ,ENZCS09338SWI,0933,,CS,2023,0.0,0.019316010647199924,-2.061336531016286,-0.8739907893291268,1.3204312149614612,1.2528359547796415,0.34948816149309625,0.5291287871091147,-1.06904312675237,-0.7636595283844907,0.38134921467874167
ENZ_ENZCS1906S,2020,ENZ,ENZCS1906S,1906,,CS,2020,0.0,-0.4316572162444279,-2.18889242847222,-0.10006296226063796,0.8008313651861002,-1.6081435244267406,-0.11711334729261336,0.34131977709529404,0.807634999811942,0.36817101223583637,1.0401032826324679
ENZ_ENZCS1906S,2021,ENZ,ENZCS1906S,1906,,CS,2021,0.0,-0.4910141291155809,-2.712449840605223,0.4004410865775483,1.1323918144417198,-1.5258523463651843,0.10111244223672768,0.34439440355621687,0.528661775394735,0.16195825266012398,0.7856257683062055
ENZ_ENZCS1906S,2022,ENZ,ENZCS1906S,1906,,CS,2022,2.99,-0.4895661260172523,-2.0741401208545565,1.6269898267842473,-0.5909846349447551,-2.232760107914377,-0.39048942379188345,1.3464347678292867,-0.1633044732035329,-0.7483275580105604,1.5369779760161695
ENZ_ENZCS1906S,2023,ENZ,ENZCS1906S,1906,,CS,2023,3.1,-0.5542200526732797,-1.5183470150908491,-0.7149220050106716,1.759264431849089,-1.0392144913580112,-0.08998754441676611,0.6362213058043097,0.08460599807744423,0.11043127764445473,0.19585067677473153
ENZ_ENZCS19412R,2020,ENZ,ENZCS19412R,1941,,CS,2020,0.0,0.12500097459880077,-1.0789524870453975,-0.07217869890849402,0.32971940183659953,-0.12678803896903906,0.201143839736095,-0.06368647947993905,0.3040326730537773,-0.24862545479415918,0.05405971777650723
ENZ_ENZCS19412R,2021,ENZ,ENZCS19412R,1941,,CS,2021,0.0,0.06564406172764765,-1.6025098991784,0.4283253499296921,0.6612798510922191,-0.04449686090748309,0.4193696292654361,-0.06061185301901615,0.025059448636570163,-0.45483821436987165,-0.20041779654975558
ENZ_ENZCS19412R,2022,ENZ,ENZCS19412R,1941,,CS,2022,0.0,0.06564406172764765,-1.6025098991784,0.4283253499296921,0.6612798510922191,-0.04449686090748309,0.4193696292654361,-0.06061185301901615,0.025059448636570163,-0.45483821436987165,-0.20041779654975558
ENZ_ENZCS19412RE,2020,ENZ,ENZCS19412RE,1941,,CS,2020,0.0,-0.42930291447262836,-2.1850032984469534,-0.10486628851216259,0.7930471480768787,-1.613502612966887,-0.1181288851974849,0.33801746635130014,0.8108703838679997,0.3730180998695748,1.0342666511055483
ENZ_ENZCS19412RE,2021,ENZ,ENZCS19412RE,1941,,CS,2021,0.0,-0.4886598273437814,-2.7085607105799565,0.3956377603260236,1.1246075973324983,-1.531211434905331,0.10009690433185615,0.3410920928122231,0.5318971594507927,0.16680534029386243,0.7797891367792861
ENZ_ENZCS19412RE,2022,ENZ,ENZCS19412RE,1941,,CS,2022,2.06,-0.49328078476919945,-1.952166300417867,1.7984263583001359,-0.6468699511884626,-2.3058917677415196,-0.42725766877829185,1.3593045253634897,-0.19329265081674382,-0.8334238779160908,1.610703294836025
ENZ_ENZCS19412RE,2023,ENZ,ENZCS19412RE,1941,,CS,2023,3.06,-0.5585876206428514,-1.580302922911986,-0.7708473564622019,1.8465294673628245,-0.9637589577097362,-0.07734228938391755,0.6610372848666595,-0.014997244291641367,-0.0009206226560999565,0.21214254560119977
ENZ_ENZCS19412RW,2020,ENZ,ENZCS19412RW,1941,,CS,2020,0.0,-0.40820727319472855,-2.1330625258716256,-0.1633615522716012,0.7080743443804894,-1.6848977660756936,-0.12536683106949445,0.30695650309779815,0.8508148904376049,0.4358771656616895,0.9734726501625789
ENZ_ENZCS19412RW,2021,ENZ,ENZCS19412RW,1941,,CS,2021,0.0,-0.4675641860658816,-2.6566199380046287,0.3371424965665848,1.039634793636109,-1.6026065880141376,0.09285895845984661,0.3100311295587211,0.571841666020398,0.22966440608597713,0.7189951358363161
ENZ_ENZCS19412RW,2022,ENZ,ENZCS19412RW,1941,,CS,2022,4.5,-0.38243756834237436,-1.1037217660457286,2.2889449222022504,0.04788974789694224,-1.23105540556972,-0.2548220467263292,0.310951854394784,0.8563204165689186,-0.4139628776806308,1.4740573532213979
ENZ_ENZCS19412RW,2023,ENZ,ENZCS19412RW,1941,,CS,2023,2.66,-0.5083194581764542,-1.45857760723242,-0.9802675052747003,1.5818554429051717,-0.7594786870570681,-0.107249915138287,0.6739980383414467,0.09803481644768806,0.5174100999099278,0.14368418069636346
ENZ_ENZCS23412SE,2023,ENZ,ENZCS23412SE,2341,,CS,2023,0.0,0.11608186671145254,-2.2585792280235375,-0.37591849209255346,-0.24928007543208758,-1.4506954676099184,0.609414847373591,-0.4139299477953251,0.2989553210887054,-0.3412737127999792,-0.2926844687969505
ENZ_ENZCS23412SW,2023,ENZ,ENZCS23412SW,2341,,CS,2023,0.0,0.11257469642325661,-2.2543065619742597,-0.3778651314504434,-0.24664911914661197,-1.4564785436276309,0.6120241238882577,-0.4098766969299277,0.300586759724675,-0.33705321171671876,-0.2889927413914816
EVM_EVMCS09-1,2022,EVM,EVMCS09-1,09,,CS,2022,0.0,0.11363379468763261,-0.5669858410885984,1.5347238224122985,-0.654309537434218,0.15295634559369567,-0.08048848910497215,0.3475822130247526,-0.19136427014658247,-0.9332639001061113,1.0548030272386184
EVM_EVMCS09-1,2023,EVM,EVMCS09-1,09,,CS,2023,0.0,0.05550763327325531,-1.9572892184839483,-0.99456944150487,1.1649965323564262,1.1169172838807027,0.3380836463633555,0.4770882242121676,-0.996100253532617,-0.6403215563592857,0.27204705779542876
EVM_EVMCS09-2,2022,EVM,EVMCS09-2,09,,CS,2022,0.0,0.19042713728741295,-0.2796770029146519,1.4179866785890893,-1.0516026288681306,-0.11797166015833502,-0.12683793674435437,0.2586310811074626,-0.05955266624703504,-0.7238577490587983,0.8903181393525147
EVM_EVMCS09-2,2023,EVM,EVMCS09-2,09,,CS,2023,0.0,0.13239196124896319,-1.7340560367302533,-1.3352894585294017,0.8776875435808774,0.9111682012462804,0.30654514004004124,0.3974837455164122,-0.9031565477859652,-0.3940145229510963,0.06850829467836507
EVM_EVMCS09-3,2022,EVM,EVMCS09-3,09,,CS,2022,0.0,0.11165128203054327,-0.6419458231000956,1.4120524528867895,-0.5834090127367912,0.12785645666648957,-0.05565967773875573,0.32281398454506577,-0.1607852856403769,-0.8831436958174352,0.9859854961876239
EVM_EVMCS09-3,2023,EVM,EVMCS09-3,09,,CS,2023,0.0,0.053430932856406585,-1.9659182932281043,-0.8853744826646218,1.1220418783184876,1.0243443896557656,0.34758022034233793,0.4426443712795466,-0.925285349613476,-0.628401023251641,0.2436579690125083
EVM_EVMCS09-3+4,2022,EVM,EVMCS09-3+4,09,,CS,2022,15.86,0.2393705309659348,-1.9884142252779051,0.09825692054958388,-0.906267745025727,0.7043225608280346,0.3419820716802372,-0.15159311809620402,0.9735014071207347,0.23279706039004786,0.15293253211001265
EVM_EVMCS09-3+4,2023,EVM,EVMCS09-3+4,09,,CS,2023,0.0,0.27529981615887067,-1.8749492454209473,-0.32182566800913437,-1.142746474270843,1.3401477964531823,0.29390347681660256,-0.005607867426709791,1.0883177611582187,1.6986389499141485,0.1251639851649852
EVM_EVMCS09-4,2022,EVM,EVMCS09-4,09,,CS,2022,0.0,0.11548347899669698,-0.49704817787187133,1.6491762101795988,-0.7204597269769176,0.17637454196277905,-0.10365377010965213,0.37069097019630043,-0.21989446269087237,-0.9800260507074462,1.1190097837091966
EVM_EVMCS09-4,2023,EVM,EVMCS09-4,09,,CS,2023,0.0,0.05744519476217517,-1.9492382917476505,-1.096448338102822,1.2050732245738232,1.2032877941925693,0.32922334284096477,0.5092243389983032,-1.0621705588891759,-0.6514434137487182,0.29853407762989365
EVM_EVMCS091+2,2022,EVM,EVMCS091+2,091,,CS,2022,29.54,0.41395038790482785,-2.2439461083126555,0.10431034597636366,-2.1149577644832025,1.290212101164474,0.41346302820123726,-0.368994346816781,1.7279420813276745,0.8244282375643658,0.015618746201427091
EVM_EVMCS091+2,2023,EVM,EVMCS091+2,091,,CS,2023,0.0,0.5320685248957924,-1.5810191913546454,-1.1098217507532027,-2.8413971470631267,2.4034866373867163,0.13568430859006742,-0.09974192469878389,2.182420568609809,3.732496331356149,0.18339740441247107
GSH_GSHCS00W,2020,GSH,GSHCS00W,00,,CS,2020,28.24,0.46466938502625205,4.69977714367824,4.760490880807109,-3.133215373797336,-0.16860251891829475,-0.9865288951717015,1.20690797650152,-1.5555631769722869,-0.6883692211840573,0.816702102159293
GSH_GSHCS00W,2021,GSH,GSHCS00W,00,,CS,2021,19.91,0.5682926589750583,3.0617334731310533,-7.311478962340313,0.6669096407280212,1.6283942567717895,-1.311698959361626,1.249034707165403,-1.8105260358258572,0.2643655216716306,1.4056406401712969
GSH_GSHCS00W,2022,GSH,GSHCS00W,00,,CS,2022,26.42,0.3341520545033668,3.2511244649406885,-0.48904776130689015,-1.5588001108137155,-2.877636630088961,-1.0495403593702668,-0.06036246872581855,0.7938842657693265,-0.9545897101147083,0.5979151299833778
GSH_GSHCS00W,2023,GSH,GSHCS00W,00,,CS,2023,0.0,0.42041980341947954,0.7808227576588179,-3.33153580127198,-0.7411739891417487,-0.3548857556756191,-0.6355423739672714,0.1607628002578853,0.5175495471711798,0.39234789938171716,0.8418897613570115
GSH_GSHCS03,2020,GSH,GSHCS03,03,,CS,2020,48.79,0.6307490699948507,4.393823939696086,3.773669254076937,-3.805509572714552,0.12339147467929427,-0.8620211113098386,0.7998773918592157,-0.56074652135557,0.07995236661464944,0.29769347680323094
GSH_GSHCS03,2021,GSH,GSHCS03,03,,CS,2021,36.09,0.9289367893684634,4.649602651273276,-8.09759642751423,-1.7933455727758219,1.8580695594706202,-1.8014898909133528,0.9187086813884227,0.1014923186827322,2.521201760430435,1.5202569688104919
GSH_GSHCS03,2022,GSH,GSHCS03,03,,CS,2022,46.42,0.6353637699782263,4.870863220142357,-2.203861775539439,-3.1481447208127595,-2.9258149454122413,-1.618637081975012,-0.17889799340183032,1.894366504841628,0.23550787068501478,0.8759185895964255
GSH_GSHCS03,2023,GSH,GSHCS03,03,,CS,2023,35.76,0.7772874052772365,5.0796268618822475,-5.557816450791743,-2.130040055198381,-1.546075535890983,-1.7010592284082229,0.07425395441267163,1.4667847441453548,1.7950968596332935,0.6684205080655022
GSH_GSHCS04NE,2020,GSH,GSHCS04NE,04,,CS,2020,30.28,0.37061470630127186,2.9559703983846197,2.709134830041234,-1.6776222343429952,-0.12247948150121965,-0.49263694301138383,0.769741196478341,-0.8943377255647743,-0.04103557093804664,-0.12343234151351237
GSH_GSHCS04NE,2021,GSH,GSHCS04NE,04,,CS,2021,17.9,0.5212504151255127,3.2704115570819186,-5.0893157378385805,0.13561157463183318,0.5371924857182834,-1.1687723763561473,0.6200409612882599,-0.4217707980022135,0.5831782446432949,1.0035348756749178
GSH_GSHCS04NE,2022,GSH,GSHCS04NE,04,,CS,2022,28.26,0.3142371128527533,4.887462356846076,0.012800029105237752,-0.795874638958564,-2.9886952771410504,-1.2642790237144084,-0.10456982069385064,0.5365108348577982,-1.57953004882877,0.6109418550259499
GSH_GSHCS04NE,2023,GSH,GSHCS04NE,04,,CS,2023,20.64,0.41196657409312415,3.433827710524912,-4.169853962091013,0.14985036799352375,-1.2774599971425413,-1.1789279002207855,0.29534137832531976,0.029322160134178828,-0.3624832796559695,0.7283158807512526
GSH_GSHCS04NWE,2020,GSH,GSHCS04NWE,04,,CS,2020,9.91,0.2696766247958495,1.8032711458635347,2.1193771282968736,-0.8835570412083591,-0.18496536926998094,-0.2287138215512892,0.5270798206618675,-0.6597118211908398,-0.0653655209300129,-0.29756218292489595
GSH_GSHCS04NWE,2021,GSH,GSHCS04NWE,04,,CS,2021,17.52,0.37221469001751883,0.1668414603139546,-2.3600010001760867,0.06018596294006988,1.3929490550075512,-0.1792990375006534,0.2791216084721157,-0.17400353602802476,0.094207664029878,0.35789157759277473
GSH_GSHCS04NWE,2022,GSH,GSHCS04NWE,04,,CS,2022,26.7,0.36134146172644055,0.7882394905719526,1.1699250659355325,-2.7125687681167965,0.2950453985290094,-0.39187301461429047,-0.015336272760207804,1.4928532888969819,0.5885795025346778,0.6597120837340723
GSH_GSHCS04NWE,2023,GSH,GSHCS04NWE,04,,CS,2023,19.3,0.49008706463069984,1.11088554902718,-3.0266429551797875,-1.1428192204779248,1.3087387397058081,-0.5464915493032662,0.2395222740867208,0.8260384801553566,1.4402015856824035,0.49754061453737314
GSH_GSHCS04NWW,2020,GSH,GSHCS04NWW,04,,CS,2020,27.77,0.33851743983692195,1.2510611983138795,0.041722474095847645,-0.39209859123397967,-0.6637635869884964,0.007033952177108166,0.11312383322955753,0.024332095393197604,0.8696076089031329,-1.3913488414705366
GSH_GSHCS04NWW,2021,GSH,GSHCS04NWW,04,,CS,2021,20.86,0.5075703086024076,2.1401337283751105,-2.530282513141002,-1.2699433466760945,-0.809373712307708,-0.757137464402407,-0.1375940747570602,1.2777271900004705,1.0666111681196295,0.36906949480614526
GSH_GSHCS04NWW,2022,GSH,GSHCS04NWW,04,,CS,2022,33.54,0.4551632683975513,3.580128013602176,0.8800111580302334,-2.625259084459596,-1.2361230380852666,-1.0390660430780927,-0.17625164642918328,1.5117761914143433,-0.46368755172034276,0.927128987711933
GSH_GSHCS04NWW,2023,GSH,GSHCS04NWW,04,,CS,2023,26.8,0.5931617314127227,2.6374383849573957,-4.361556156945422,-1.2267053502364804,0.7640865862218463,-1.0112467928564857,0.34521765222122136,0.7186191519945372,1.4340589073035872,0.7198896763633854
GSH_GSHCS04SE,2020,GSH,GSHCS04SE,04,,CS,2020,20.09,0.3422674418873164,3.871697922971589,4.922176083075418,-2.719661847838595,0.3536510340421573,-0.8937542686581911,1.1491171829349853,-1.3765099766989328,-1.2264382707313048,1.3378830626728446
GSH_GSHCS04SE,2021,GSH,GSHCS04SE,04,,CS,2021,15.91,0.46718633118044794,2.131912255648366,-6.06924135898159,1.2432669963518717,2.677311639534891,-0.9191691907394889,1.1929547584519882,-1.9231009030668647,-0.05390749596767886,1.268926996742599
GSH_GSHCS04SE,2022,GSH,GSHCS04SE,04,,CS,2022,21.68,0.3117144138233263,3.6178553528334,1.5496156446386764,-1.7179739312146107,-1.6314659364865736,-0.9787337864475636,-0.09036010951009235,0.8926221957862681,-1.2092573361741832,0.9394098237045398
GSH_GSHCS04SE,2023,GSH,GSHCS04SE,04,,CS,2023,17.64,0.3903219833929997,1.9639869996674206,-3.6915465793061815,0.1847359090980076,0.39943281349315757,-0.7443815545223614,0.43036305894961047,-0.22183288673613089,0.08979830903657257,0.5721963220867602
GSH_GSHCS04SWE,2020,GSH,GSHCS04SWE,04,,CS,2020,19.2,0.30472548597906046,0.6730799929555356,0.13600442070423396,-0.16534004366080018,-0.5260953221078895,0.08426083069300966,0.16858840902215186,-0.14410519788792372,0.7609012157357279,-1.101714259749394
GSH_GSHCS04SWE,2021,GSH,GSHCS04SWE,04,,CS,2021,17.18,0.41960627904944725,1.4544281198904911,-1.631059296433116,-0.7112806661951484,-0.49014863048352214,-0.4451404818096242,-0.20543303988846703,1.0352654115535203,0.6256627924423894,0.1112897391019026
GSH_GSHCS04SWE,2022,GSH,GSHCS04SWE,04,,CS,2022,26.08,0.386789840553295,2.931181366209531,0.6682821891302367,-1.7608076419350254,-0.8822527714137185,-0.7535357096293963,-0.19424910877934884,1.249515622536141,-0.26145410237808286,0.4564426967593711
GSH_GSHCS04SWE,2023,GSH,GSHCS04SWE,04,,CS,2023,20.88,0.4667250920991424,1.8302136156484698,-3.247525004755822,-0.7469725356039507,0.450231772439966,-0.7160099255210668,0.21474122881665614,0.6152977866274809,0.837158148201896,0.501167858338639
GSH_GSHCS04SWW,2020,GSH,GSHCS04SWW,04,,CS,2020,21.34,0.3488449723882666,2.130356677779797,1.8243002710860357,-1.1411720713079017,-0.36907080372736323,-0.3354728457029093,0.5441077159209997,-0.6800712371565363,0.062180672335668395,-0.20261069732828413
GSH_GSHCS04SWW,2021,GSH,GSHCS04SWW,04,,CS,2021,18.66,0.45329177610754456,2.045349097783033,-3.6022732593895723,-0.03497450734361206,0.3330774894410961,-0.7470549117489022,0.3332938939146827,-0.08155736386407526,0.3018928075511198,0.6077570167067975
GSH_GSHCS04SWW,2022,GSH,GSHCS04SWW,04,,CS,2022,27.76,0.3939415744955787,2.2880863114034686,0.18034150280118275,-1.8958714013929934,-0.829272732254182,-0.6850494641566959,-0.20995173712032417,1.4200737643146315,-0.1880760104141873,0.4875851485483299
GSH_GSHCS04SWW,2023,GSH,GSHCS04SWW,04,,CS,2023,21.74,0.5007142903141268,1.669080907464107,-3.0139319433500864,-1.1768683931330481,0.6468086110736324,-0.6516504566329807,0.15992264077097326,0.9278252671670865,1.4774460261230842,0.3562989001400105
GSH_GSHCS0915S,2020,GSH,GSHCS0915S,0915,,CS,2020,29.89,0.9658219244091172,2.1777435452379863,-0.24169505708369943,-0.7111653645243242,-0.2654236684822883,0.4416426211397833,-0.5504493298565395,-0.8292384583020865,0.4709815587166422,-2.7979746251973374
GSH_GSHCS0915S,2021,GSH,GSHCS0915S,0915,,CS,2021,24.21,1.1203781662114212,3.9155186645559095,0.07754905355135734,-4.432244427237212,-1.252451945989982,-1.0466433325065159,-0.18532382691349822,0.5424449883447722,-1.2084330024088967,0.9570077686186486
GSH_GSHCS0915S,2022,GSH,GSHCS0915S,0915,,CS,2022,30.36,1.09661974000076,3.1795754867289974,-3.933823441824383,-1.1107157799081346,1.3917882833100608,-0.37654049971495235,-0.4865716295858478,-0.1169656163538981,-0.13259695157882542,-0.9088759967043895
GSH_GSHCS0915S,2023,GSH,GSHCS0915S,0915,,CS,2023,30.5,1.125525036213053,2.675036079126662,-2.522815836182999,-2.607069537970435,-0.01493142476115042,-0.31367105504377807,-0.884165038656884,1.2139642871476621,0.8410844094178669,-1.0281666884202247
GSH_GSHCS09338PN,2020,GSH,GSHCS09338PN,0933,,CS,2020,30.98,1.0277695851590907,3.673398100186571,2.54406193527157,-2.960931228835801,0.14994956436140552,-0.20416210073614416,0.5561668182708976,-1.9320797652170298,-0.7074945442547955,-1.265598035738486
GSH_GSHCS09338PN,2021,GSH,GSHCS09338PN,0933,,CS,2021,23.18,1.1777602880772846,4.293473018383809,-2.934763903697294,-3.063043552353553,0.8538338041218463,-1.2415525588284861,0.5145089474085602,-1.0845543300984517,-1.146337763364939,1.3629095027472367
GSH_GSHCS09338PN,2022,GSH,GSHCS09338PN,0933,,CS,2022,0.0,0.8356890150462715,5.599190973773691,-2.6305534344924277,-0.16423868529050217,-2.1712085701440227,-1.1421417552343829,0.12346877546054551,-1.9556571004822345,-2.288023389439492,-0.02669174556928039
GSH_GSHCS09338PN,2023,GSH,GSHCS09338PN,0933,,CS,2023,27.22,0.6711949047888153,3.208230411545657,-3.0709072116150353,1.516888893855707,-3.2657789854392134,-0.3549580282873988,-0.4181118654649658,-2.186867709278486,-4.147266883687437,-1.2058560082296612
GSH_GSHCS09338PNC,2022,GSH,GSHCS09338PNC,0933,,CS,2022,15.64,0.15789111946867448,-0.7555667019411552,-0.4295997001857049,0.02518502327185621,-0.564868990298871,0.07568867065340905,0.029132008696172558,0.2169783186037713,-0.1553157025777533,0.005004129012165159
GSH_GSHCS09338PNT,2022,GSH,GSHCS09338PNT,0933,,CS,2022,12.6,0.15750683346164301,-0.9521739164553763,-0.35788902481251683,-0.016525836553237017,-0.45401145350786987,0.12049168868245205,0.004881100187460915,0.27581123902284094,-0.12760250493744243,0.01523865369746894
GSH_GSHCS09338PS,2020,GSH,GSHCS09338PS,0933,,CS,2020,45.56,1.0498978295356873,4.254405908492593,1.8762601395344247,-3.497556875001244,-0.5778439012759621,-0.4311066610375164,0.6247976113604667,-1.7755154450549027,-0.8389260404315878,-1.4261676364084332
GSH_GSHCS09338PS,2021,GSH,GSHCS09338PS,0933,,CS,2021,29.62,1.3403165429287522,5.991070299511508,-5.00736189572757,-3.6099098786496002,-0.16105880198964578,-1.8425456716670219,0.5740091282637052,-0.7119760671611173,-0.5531117052966922,1.5187218789254446
GSH_GSHCS09338PS,2022,GSH,GSHCS09338PS,0933,,CS,2022,41.1,1.222700463034047,5.513154933072475,-2.4586377285969703,-3.085908126219054,-0.620724003884757,-1.2213080303610315,-0.37816306666200394,0.2428209518859984,-1.4156747326319277,0.3165240911919614
GSH_GSHCS09338PS,2023,GSH,GSHCS09338PS,0933,,CS,2023,27.4,1.2580796228170332,5.050421316922841,-5.172230602469311,-2.0143557797024134,-0.0870966364771525,-1.0059641258371108,-0.48616513230696706,0.3997992829000376,1.0375313431775357,-0.6632851021111184
GSH_GSHCS10169S,2020,GSH,GSHCS10169S,1016,,CS,2020,25.33,0.9503555647352901,2.9683019460923563,1.5272182509729504,-2.1719195758116365,-0.42152301399083913,-0.08011476169483227,0.2846440256607306,-1.7148666035074378,-0.5680431229109153,-1.633603484176742
GSH_GSHCS10169S,2021,GSH,GSHCS10169S,1016,,CS,2021,23.46,1.1127714078564055,3.5537877689672417,-2.1195306014571167,-2.765299826056416,0.20123504383248395,-0.9608090416450699,0.04864917661163979,-0.5926412411407599,-1.385298889752042,0.8728979452343885
GSH_GSHCS10169S,2022,GSH,GSHCS10169S,1016,,CS,2022,28.0,1.1007415725727958,3.6352415268338105,-1.2710024092235992,-2.7955815826118307,0.7148108952939104,-0.7095834299088122,-0.3432289646974606,0.08941563769903266,-0.864145182521096,0.1293273737707507
GSH_GSHCS10169S,2023,GSH,GSHCS10169S,1016,,CS,2023,22.1,1.0585372466024747,2.5060250090781997,-3.8765990021298835,-1.5937596164280898,0.5031392087183215,-0.4280181736196999,-0.3813534426512171,-0.06834335782314437,0.3614608369341015,-0.7667823077048387
GSH_GSHCS1115R,2020,GSH,GSHCS1115R,1115,,CS,2020,38.67,0.8158649960619604,1.712648550457885,-0.19761530611672784,-0.8084619684974896,-0.7386577087450876,1.638917114772936,-1.6097185260096964,-0.3410010695378984,1.3079853995303259,-0.9096973282632761
GSH_GSHCS1115R,2021,GSH,GSHCS1115R,1115,,CS,2021,28.04,1.0788491419142614,5.468502803702787,-1.0778212085005963,-3.122854155562425,-1.4197774497270312,0.032759114154786814,-1.8914589452631367,1.445831697318673,0.9743201086335463,2.2674542860533435
GSH_GSHCS1115R,2022,GSH,GSHCS1115R,1115,,CS,2022,32.06,0.8597285036827904,5.9772500993246265,-2.2484103689130817,-1.373563273611152,-1.9952642332356931,-0.07971553860709153,-1.3003346350969052,-0.3075536727372743,-1.1219608798020615,1.8786607509349902
GSH_GSHCS1115R,2023,GSH,GSHCS1115R,1115,,CS,2023,27.52,0.8545405969525318,3.998136057481859,-4.797171168850351,-0.6840721192996039,-1.846366048500929,0.2941321522848692,-1.252264448729206,-0.3753191537354924,0.21583773485151847,1.2520921639276852
GSH_GSHCS1133814S,2020,GSH,GSHCS1133814S,1133,,CS,2020,23.98,0.7151009079076082,1.3836099579426013,-0.013553318223233557,-0.16584474244893296,-0.7703210084367178,1.7149999835142846,-1.5736975228965102,-0.6101409339061282,1.039766345494023,-0.7945748689551215
GSH_GSHCS1133814S,2021,GSH,GSHCS1133814S,1133,,CS,2021,15.95,0.8277196612938991,3.2998516630490795,1.5125263361237689,-3.694371728477372,-1.6228282141970642,0.3453629574830957,-1.1713679553808674,0.37622760063486843,-0.7251416067611881,2.785350417922302
GSH_GSHCS1133814S,2022,GSH,GSHCS1133814S,1133,,CS,2022,20.0,0.749830546675191,3.8402176235841017,-1.5974909962798665,-0.10293860526634435,0.5125892548266551,0.6963507087500131,-1.4350716785179194,-0.8113525716701624,-0.8268251889394889,1.5896038177664344
GSH_GSHCS1133814S,2023,GSH,GSHCS1133814S,1133,,CS,2023,17.04,0.6958819678510331,2.198102328521027,-3.0975842044637574,-0.08509324663358489,-0.7001722478046153,0.9855617808981675,-1.3853509816339311,-0.4727892479148232,0.1529328657842063,0.6351639292422462
GSH_GSHCS1133814W,2021,GSH,GSHCS1133814W,1133,,CS,2021,29.4,0.7689609195887642,2.5328989474246955,-0.22024125556702556,-1.7236560044737357,-2.225331105550273,0.9010286835977942,-1.0731446387417376,-1.0195939448328173,-0.49110679660255047,0.8843098855032051
GSH_GSHCS1133814W,2022,GSH,GSHCS1133814W,1133,,CS,2022,37.64,0.9543572556348187,5.718337874707169,-2.806312047737668,-1.8907055738107912,-2.021075633926965,-0.009639885467203593,-1.4361531729692985,0.1464965392651767,-0.5275939761991185,1.5115461797132423
GSH_GSHCS1133814W,2023,GSH,GSHCS1133814W,1133,,CS,2023,32.94,0.9889202939801303,4.023447446010427,-4.646194623405738,-1.9530069008588424,-1.3435878892994362,0.32056140271922184,-1.4695240508461525,0.6468702340863538,1.318755882894007,0.9396022998141128
GSH_GSHCS1133814WE,2020,GSH,GSHCS1133814WE,1133,,CS,2020,15.19,0.22529867455461247,0.7818885245686839,0.3261991091952462,0.4100625439519496,-0.34880080367527305,0.15885093045117973,0.22723901792769427,-0.30429725657240997,0.7192946871919086,-1.390542114446942
GSH_GSHCS1133814WE,2021,GSH,GSHCS1133814WE,1133,,CS,2021,0.0,0.18845026315904775,-0.8703091478795477,-0.7544154844459305,-0.2905691603255088,-0.260057492627915,-0.027275452895238278,-0.008174389845130367,0.6391877077403667,0.14241106834860395,0.41525154314332785
GSH_GSHCS1133814WW,2020,GSH,GSHCS1133814WW,1133,,CS,2020,27.31,0.29639903248419947,1.2345703406499589,0.1742014620335552,-0.06929604278632973,-0.46049599792966406,0.11799704854094695,0.16807399460988762,-0.061482427415441875,1.0598816660502755,-1.8089054497559627
GSH_GSHCS1133814WW,2021,GSH,GSHCS1133814WW,1133,,CS,2021,0.0,0.3622695829569035,-0.0598109284431837,-1.6865306268378477,-1.3067975160238163,-0.1583647127008745,-0.35205775783240556,-0.07875121346391947,1.3583075123362476,1.0733296992644703,0.668866699673858
GSH_GSHCS17169R,2020,GSH,GSHCS17169R,1716,,CS,2020,23.66,0.7987630107524506,-0.3937590753990048,0.7024619387697364,-1.3587643306706962,0.03964994354914933,1.8254965237110126,-1.7606896812033255,0.2543074778751932,1.8883633808296711,-1.0448355437421202
GSH_GSHCS17169R,2021,GSH,GSHCS17169R,1716,,CS,2021,27.21,0.9746912254628691,0.27481654651834386,-1.4198644262057345,-2.6300330181930267,0.6912610963533622,1.2129785181595267,-2.092882229818673,1.7864106172954126,3.0018155473887957,0.5012101458455744
GSH_GSHCS17169R,2022,GSH,GSHCS17169R,1716,,CS,2022,33.12,0.9159913592009357,2.997307917205485,-2.094291460367796,-1.6086340346107995,-1.0846409177834975,0.6780939189534577,-2.3473751187154352,1.8570998507410754,1.4483113909377319,0.17218616901725517
GSH_GSHCS17169R,2023,GSH,GSHCS17169R,1716,,CS,2023,28.3,0.9057350014715151,2.3547918156329253,-2.757655476726752,-2.202947701723933,-1.5643053354321477,0.534706578174236,-1.9944585730087026,1.6228582652045698,1.7835031293213293,0.6634448126894147
GSH_GSHCS1733814,2020,GSH,GSHCS1733814,1733,,CS,2020,43.91,0.45726040003739443,1.9486559319200984,-0.5354185439322583,-0.7719025171886836,-1.1440145257275303,-0.0924176932038333,0.05983993678858851,0.1243862939020192,1.3504611589064928,-1.8582359286792376
GSH_GSHCS1733814,2021,GSH,GSHCS1733814,1733,,CS,2021,48.01,0.8546950620802908,4.370916779755333,-3.9287621312937895,-3.1536952616202067,-1.087093891702867,-1.4341715688533028,-0.36547944948766126,2.617972040806195,2.1578020260119546,0.6493885344369601
GSH_GSHCS1733814,2022,GSH,GSHCS1733814,1733,,CS,2022,59.9,0.9202387382733576,5.173710460305329,-3.881669293277101,-3.7769256286549013,-0.4106133541367713,-1.4853413214097417,-0.5387408421897314,3.446248318821959,2.6540995487239907,0.08282404219144654
GSH_GSHCS1733814N,2023,GSH,GSHCS1733814N,1733,,CS,2023,23.94,0.579774657654864,0.37421651831199804,-0.6708959350776676,-0.42145854520385834,-1.5785233312657103,1.3853063829967927,-1.9885533053774749,0.40166165225004874,0.3637298923813893,-0.38465835977853047
GSH_GSHCS1733814S,2023,GSH,GSHCS1733814S,1733,,CS,2023,18.54,0.5573536898369083,0.41234480710000887,-0.9572830824981874,-0.1893901232108675,-2.1974926459748487,1.3011488767061594,-1.869742847543946,0.0065816632268323105,0.20230703062582014,-0.21552401052635153
GSH_GSHCS17412S,2020,GSH,GSHCS17412S,1741,,CS,2020,15.7,0.6300327133937853,0.443751682060867,0.22812122237473978,0.012120135840719536,-1.0812726659595857,1.5976091584356635,-1.669617147040243,-0.432905695391501,1.0923861118306966,-0.8506890326418192
GSH_GSHCS17412S,2021,GSH,GSHCS17412S,1741,,CS,2021,19.21,0.7588424551545849,0.5526208850459815,-1.0589596184903165,-0.8576599258046508,-0.7110282245416437,1.172757422537337,-2.194539051367013,1.0214844256622002,0.6904746652341641,0.758893449356423
GSH_GSHCS17412S,2022,GSH,GSHCS17412S,1741,,CS,2022,21.88,0.8292967437119619,3.230009963047924,1.428808677170958,-1.091777188788565,0.17205459988853902,0.9056972626313973,-3.1208311182698947,2.2048004094551947,0.5721093282429726,1.1962363578935198
GSH_GSHCS17412S,2023,GSH,GSHCS17412S,1741,,CS,2023,18.28,0.7556216297197802,1.451524019915434,-2.9495303543024867,-0.39216232364785786,0.06220651661786684,0.853968941339182,-1.6430988367642019,0.20008266176369602,0.8627546248997684,0.8093628525872772
GSH_GSHCS1833814,2020,GSH,GSHCS1833814,1833,,CS,2020,0.0,0.5136547144467277,-2.0309877258000846,-0.5876926950014169,-0.7182755159148946,-1.6641195543919047,1.5480201986016047,-1.7405002214537069,0.025461954285115683,0.15907783276653492,0.5483452918489877
GSH_GSHCS1833814,2021,GSH,GSHCS1833814,1833,,CS,2021,23.46,0.6733565090142885,0.8006092106848075,2.3146790993095223,-1.3251024084924787,-0.8296077799388754,1.2318787649434308,-2.260999518494174,0.6162173456993012,-0.6107205352909538,1.06205504700226
GSH_GSHCS1833814,2022,GSH,GSHCS1833814,1833,,CS,2022,20.86,0.8308743111369031,2.496508457026371,-3.2039435023973133,-0.16735481592098964,-0.037873473832774486,0.6614012825552977,-1.8409088342319704,0.36935853293535176,1.008929246089807,0.654191153187875
GSH_GSHCS1833814,2023,GSH,GSHCS1833814,1833,,CS,2023,20.58,0.6919683309847057,1.7953649252357338,-1.9800026456220832,-0.6892051116680058,-2.4464145351913813,0.7297858168905494,-2.0408115678555623,0.7834501178406594,0.22665404508842432,0.46855202149335334
GSH_GSHCS18412R,2020,GSH,GSHCS18412R,1841,,CS,2020,0.0,0.45680272092275875,-2.1941506390886856,-0.4090863031832891,-0.468628653551485,-1.4400055833421976,1.5650008921246472,-1.6547971313467555,-0.09704521275625906,-0.03667611175193069,0.723705801814469
GSH_GSHCS18412R,2021,GSH,GSHCS18412R,1841,,CS,2021,6.14,0.6724171873426279,2.44889436984758,3.694665838002319,5.844031093691371,3.5634291568232603,2.70238856580573,-7.863249080764611,4.75022258008767,1.2269567707089684,0.4682293285169568
GSH_GSHCS18412R,2022,GSH,GSHCS18412R,1841,,CS,2022,7.8,0.6593869150655122,2.8408789391041425,2.689049288179452,2.8376991198091925,2.4991054449380594,1.706368717057981,-4.869472124510471,2.509034352267224,0.04717764318004479,1.076117126915857
GSH_GSHCS18412R,2023,GSH,GSHCS18412R,1841,,CS,2023,6.42,0.5649030427941535,0.1937576131404825,-1.334413352387062,1.3224547765780992,0.842285775190571,1.4103581290625866,-1.9812636524064864,-0.18824085623809966,-0.04094870580367747,0.5264365989258232
GSH_GSHCS20338S,2021,GSH,GSHCS20338S,2033,,CS,2021,0.0,0.5283759688614773,-2.0787249060104274,-0.6538365413696011,-0.801897363859457,-1.90608266903194,1.471894642442636,-1.8484323619345766,0.18647706786989304,0.2687265631401515,0.44619129677329156
GSH_GSHCS20338S,2022,GSH,GSHCS20338S,2033,,CS,2022,0.0,0.46901905599032406,-2.602282318143431,-0.15333249253141487,-0.47033691460383764,-1.8237914909703836,1.6901204319719771,-1.8453577354736537,-0.0924961565473142,0.06251380356443915,0.19171378244702905
GSH_GSHCS20338S,2023,GSH,GSHCS20338S,2033,,CS,2023,38.06,0.6839452063505951,-0.9951718412644005,0.10728005446791522,-1.23769452445513,-0.5627093889621281,1.609487459923084,-2.293194582890356,1.0668203828395026,0.6376600305329585,-0.3954626766370497
GSH_GSHCS21169S,2021,GSH,GSHCS21169S,2116,,CS,2021,0.0,0.48565137640822387,-2.246336043139605,-0.5295605896153814,-0.6237754910374372,-1.8296252840515808,1.4487914411936955,-1.8268961001100579,0.15905879847851448,0.15109647769264356,0.5496026314294231
GSH_GSHCS21169S,2022,GSH,GSHCS21169S,2116,,CS,2022,0.0,0.4262944635370708,-2.7698934552726087,-0.029056540777195307,-0.2922150417818177,-1.747334105990025,1.6670172307230366,-1.8238214736491352,-0.11991442593869263,-0.055116281883069,0.29512511710316064
GSH_GSHCS21169S,2023,GSH,GSHCS21169S,2116,,CS,2023,0.0,0.4262944635370708,-2.7698934552726087,-0.029056540777195307,-0.2922150417818177,-1.747334105990025,1.6670172307230366,-1.8238214736491352,-0.11991442593869263,-0.055116281883069,0.29512511710316064
GSH_GSHCS23338SE,2023,GSH,GSHCS23338SE,2333,,CS,2023,0.0,0.4510510735583889,-2.4212859879117765,-0.4537204610567983,-0.5035875453187911,-1.8967684112097594,1.3889591155494256,-1.8617108410149528,0.22298250194201724,0.10721667678634744,0.5924552722777199
GSH_GSHCS23338SW,2023,GSH,GSHCS23338SW,2333,,CS,2023,0.0,0.47046394939584163,-2.365571822398596,-0.5147080094825005,-0.5888328153941019,-1.9732951330316104,1.3831608299561917,-1.8909753108075702,0.2648142175171208,0.1740594871097259,0.5325760737529215
KDZ_KDZCS20338P,2021,KDZ,KDZCS20338P,2033,,CS,2021,0.0,-0.4146410094483583,-2.1851493005582054,-0.15612892168000062,0.6793776565447531,-1.6522288227892943,-0.33165071270812435,0.45288487578890013,0.9222942867751784,0.35692071694307936,0.7237561882012554
KDZ_KDZCS20338P,2022,KDZ,KDZCS20338P,2033,,CS,2022,0.0,-0.4739979223195114,-2.708706712691209,0.3443751271581854,1.0109381058003728,-1.569937644727738,-0.11342492317878325,0.45595950224982296,0.6433210623579713,0.15070795736736692,0.4692786738749925
KDZ_KDZCS20338P,2023,KDZ,KDZCS20338P,2033,,CS,2023,9.12,-0.5332025383135086,-1.745880239523627,0.2956307534384776,1.2278981900618933,-1.8922587054671955,-0.17950475117545192,0.4669050736935503,0.6714854563456727,0.21348049441344227,-0.310657873358497
KDZ_KDZCS20412R,2021,KDZ,KDZCS20412R,2041,,CS,2021,0.0,-0.4063766708775571,-2.1614309843825943,-0.18209219229551388,0.643087527284121,-1.6848073415077396,-0.3341191257178154,0.44042657293432863,0.9401026456914369,0.3853766561950319,0.698264757972127
KDZ_KDZCS20412R,2022,KDZ,KDZCS20412R,2041,,CS,2022,0.0,-0.4657335837487101,-2.6849883965155974,0.31841185654267223,0.9746479765397406,-1.6025161634461833,-0.11589333618847428,0.44350119939525146,0.6611294212742297,0.17916389661931953,0.443787243645864
KDZ_KDZCS20412R,2023,KDZ,KDZCS20412R,2041,,CS,2023,8.3,-0.5648279165787211,-1.4243721444601523,0.25552409033080903,1.407531558933432,-2.119362362322197,-0.19738345671062427,0.4683555587033691,0.6191838918885096,0.2093793878943675,-0.5988768801116566
KDZ_KDZCS23338S,2023,KDZ,KDZCS23338S,2333,,CS,2023,0.0,0.23659727798438618,-0.7586756270096268,-0.422769977287102,-0.16031912213918562,-0.5667073655563667,0.16781198084013235,-0.23191537440207172,0.544505278016944,0.13562521483623363,-0.290160132028905
KDZ_KDZCS23338SN,2023,KDZ,KDZCS23338SN,2333,,CS,2023,0.0,0.6488804599046846,-2.3076487104425576,-0.6266955029537306,-1.1629874789147885,-1.455357709317952,0.3730573824418165,-1.1795409761514812,0.42833273945413874,-0.24635161021695953,-1.0232618632326307
KDZ_KDZCS23338SS,2023,KDZ,KDZCS23338SS,2333,,CS,2023,0.0,0.6488804599046846,-2.3076487104425576,-0.6266955029537306,-1.1629874789147885,-1.455357709317952,0.3730573824418165,-1.1795409761514812,0.42833273945413874,-0.24635161021695953,-1.0232618632326307
MAN_MANCS16412R,2020,MAN,MANCS16412R,1641,,CS,2020,4.66,0.8800703062556071,-1.6966673590751338,1.1175010833182284,-3.4839588395148007,-0.1372683578964734,-1.2813691429306475,0.7415249225226203,-0.5827936696156238,-1.582602112120583,-0.6580930236502125
MAN_MANCS16412R,2021,MAN,MANCS16412R,1641,,CS,2021,0.0,0.8599484279349898,-2.6812665328699867,-1.6390039930323186,-0.8643453980115873,1.5588126394453012,-0.722261885644386,0.010458303178440577,-0.6083893148560325,-0.4125137047763215,-1.4879434709776669
MAN_MANCS16412R,2022,MAN,MANCS16412R,1641,,CS,2022,3.12,0.7907794095380734,-2.118257857969193,2.3310477213024865,-3.437478397316696,-0.6060318544647156,-1.1008218468529323,0.5252718293229691,-0.40989970086115995,-1.9826397979068555,-0.7903459176904545
MAN_MANCS16412R,2023,MAN,MANCS16412R,1641,,CS,2023,4.2,0.8701511316800488,-2.8343087858429974,-1.506301096186763,-0.9788606118734078,1.6794376049158057,-0.6784694285327945,-0.022605726016535356,-0.533640014697562,-0.5103556684219736,-1.4908104899361898
MAT_MAT2017,2020,MAT,MAT2017,2017,,CS,2020,0.0,0.22855480085172725,-0.7817572098650875,-0.39750370722502526,-0.12500322453655696,-0.5350034379444568,0.1702141277287579,-0.21979152263084448,0.5271749958501154,0.10793319341654825,-0.26535303549720285
MAT_MATCS09,2020,MAT,MATCS09,09,,CS,2020,3.8,1.112232748891183,-1.9021729830866676,-0.558897540555336,-2.0669160405035605,0.4325117912173138,0.2696524875842151,-0.7811445035308312,-0.20714586464519713,-0.7968632981258399,-1.7575766146929668
MAT_MATCS09,2021,MAT,MATCS09,09,,CS,2021,9.6,1.1456721228522504,-2.6032279590674534,-0.10963570325352154,-2.488920218260553,1.2657183285386369,0.4899293692782705,-0.8171791631940328,0.024434851768289183,-0.3682058018137619,-1.8920169788341592
MAT_MATCS09,2022,MAT,MATCS09,09,,CS,2022,12.86,1.2459540539540095,-1.8298248663152288,1.9875124665331663,-5.5596839205490145,1.4415500903463538,-0.1360880775966107,0.1966870806869496,-0.04641415593121196,-0.7703447086160612,-0.5409860733456189
MAT_MATCS09,2023,MAT,MATCS09,09,,CS,2023,8.8,1.290347793939537,-2.398538906452916,-2.0695509825293,-2.7232634236250326,3.453163344249344,0.2570806608380174,-0.30035418026778393,-0.41698438969753726,0.61605263791255,-1.295259613859809
MAT_MATCS09338R,2020,MAT,MATCS09338R,0933,,CS,2020,0.0,0.1431936613330254,-1.3873045959951742,-0.24247310153667878,0.028589704286174276,-0.39367167965196787,0.22738305875099526,-0.05967699935536511,0.32773050775344525,-0.08736373259918474,-0.015519075361297496
MAT_MATCS18169R,2020,MAT,MATCS18169R,1816,,CS,2020,0.0,0.19487746942709153,-2.291934862396036,-0.18978726382038769,-0.27940735367613895,-0.5968661330930194,-0.43452857595257155,0.22255269170882755,0.3399891620602768,-0.5826380426389449,-0.7873684501874012
MAT_MATCS18169R,2021,MAT,MATCS18169R,1816,,CS,2021,0.78,0.14120529813644803,-2.8423150022554116,0.3244746115912685,0.0019841093801094374,-0.4643388475564724,-0.21095193098047613,0.21966761709433455,0.09483245968941686,-0.7698178381173157,-1.0365063378441637
MAT_MATCS18169R,2022,MAT,MATCS18169R,1816,,CS,2022,0.0,0.145017092226927,-1.9929574903802967,2.4771974130073686,-2.263673476073574,-1.0441158329176528,-0.8032421580965636,1.253947019311517,-0.4962503054078469,-1.895736638121558,0.14684225993808164
MAT_MATCS18169R,2023,MAT,MATCS18169R,1816,,CS,2023,1.16,0.17311712457402673,-2.7342906791091575,-1.2011557149191707,0.5803254685255791,0.8592105781796309,-0.3416105266169645,0.7001147611841424,-0.8824383711391568,-0.9278262095284451,-0.6355208983708628
MAT_MATCS18169RE,2020,MAT,MATCS18169RE,1816,,CS,2020,0.0,0.0893367484174233,-1.181307368259612,0.039864140056438874,0.4863271408606701,0.013802481406533368,0.21179611869737924,-0.009923467832358876,0.22718183558294425,-0.37142524633110874,0.16406635963777969
MAT_MATCS18169RE,2021,MAT,MATCS18169RE,1816,,CS,2021,0.0,0.02997983554627019,-1.704864780392615,0.540368188894625,0.8178875901162898,0.09609365946808933,0.4300219082267204,-0.006848841371435997,-0.05179138883426294,-0.577638005906821,-0.09041115468848308
MAT_MATCS18169RW,2020,MAT,MATCS18169RW,1816,,CS,2020,0.0,0.10098447391989492,-1.1478788689517037,0.0032716110010175495,0.4351799788154837,-0.032113551686577396,0.20831714734143883,-0.027482149707929376,0.25228086492800633,-0.3313195601370817,0.12813884052290062
MAT_MATCS18169RW,2021,MAT,MATCS18169RW,1816,,CS,2021,0.0,0.04162756104874184,-1.6714362810847063,0.5037756598392037,0.7667404280711033,0.05017762637497861,0.42654293687077993,-0.024407523247006468,-0.02669235948920077,-0.537532319712794,-0.1263386738033621
MAT_MATCS21338R,2021,MAT,MATCS21338R,2133,,CS,2021,0.0,0.10930427785023183,-1.1240013694460547,-0.02286590975285483,0.39864629164035065,-0.0649107181816565,0.20583216780148136,-0.040024065333336876,0.2702087430316222,-0.30267264142706235,0.10247632686941555
MAT_MATCS21338R,2022,MAT,MATCS21338R,2133,,CS,2022,0.0,0.04994736497907873,-1.6475587815790576,0.4776381390853313,0.7302067408959702,0.01738045987989953,0.42405795733082247,-0.03694943887241398,-0.00876448138558498,-0.5088854010027747,-0.1520011874568472
MAT_MATCS21338R,2023,MAT,MATCS21338R,2133,,CS,2023,0.0,0.04994736497907873,-1.6475587815790576,0.4776381390853313,0.7302067408959702,0.01738045987989953,0.42405795733082247,-0.03694943887241398,-0.00876448138558498,-0.5088854010027747,-0.1520011874568472
MLK_MLKCS07N,2020,MLK,MLKCS07N,07,,CS,2020,15.02,0.32753961278202465,-1.688916549739331,-0.21278443558624516,-1.2662880606932976,0.2785209171158661,0.3080565105198043,-0.2873166888978105,1.1402662326553914,0.5369651008449249,-0.14365965647868983
MLK_MLKCS07N,2021,MLK,MLKCS07N,07,,CS,2021,0.0,0.35842221409262526,-1.6091904607569991,-0.5841095982046481,-1.472681486663469,0.8850290904236477,0.27408230928101834,-0.14890047507164536,1.2342261399146945,1.9142492409841678,-0.1834354879508446
MLK_MLKCS07S,2020,MLK,MLKCS07S,07,,CS,2020,22.74,0.383803978168607,-1.9543927780054677,-0.07661722898728382,-1.762832385640919,0.7757295705862901,0.36101625926091285,-0.34630244825961903,1.4749630918833407,0.7253426429365617,-0.09081104380106873
MLK_MLKCS07S,2021,MLK,MLKCS07S,07,,CS,2021,0.0,0.46106800754066835,-1.5645902157468112,-0.8960463538190602,-2.2457240750427223,1.6516755070965266,0.1974159642318511,-0.1383231815400005,1.7606036766754443,2.916514670279497,-0.020234212714387727
MLK_MLKCS09169P,2020,MLK,MLKCS09169P,0916,,CS,2020,9.44,1.023803837615447,-2.1935342073381716,-0.33759612144896844,-2.167275958251801,0.8526128930623622,-0.3379766598737196,-0.7124985534635612,0.0618056769630903,-0.5689372975306386,-1.626508665348884
MLK_MLKCS09169P,2021,MLK,MLKCS09169P,0916,,CS,2021,5.64,1.062267093355759,-2.531879704923572,-0.28555299982271276,-2.5365773742162836,1.6276177097514266,-0.23956658828224794,-0.6674555932573534,0.2617386548716951,0.35769333571744233,-1.707437564382764
MLK_MLKCS09169P,2022,MLK,MLKCS09169P,0916,,CS,2022,13.36,1.0681631884682847,-1.876039067795023,2.4823643709584413,-5.04730132919856,1.1290060492345138,-0.770786941947712,0.3087905214653145,-0.262790048005473,-1.2532417621584153,-0.4377354043958387
MLK_MLKCS09169P,2023,MLK,MLKCS09169P,0916,,CS,2023,6.56,1.1960088214365374,-1.7995682174681213,-2.004983341141872,-2.0145343084886913,3.837935813018734,-0.4365289491572635,-0.3448954669357369,-0.33091015073813185,0.7123109256283663,-1.2419050353844556
MLK_MLKCS09338R,2020,MLK,MLKCS09338R,0933,,CS,2020,15.3,1.0631843591994485,-2.404599546212913,-0.22378103145442552,-2.5295730720077922,1.2431466183827629,-0.29678265152627353,-0.7522559517030611,0.30869198622368843,-0.43740482192436264,-1.5761280031140625
MLK_MLKCS09338R,2021,MLK,MLKCS09338R,0933,,CS,2021,9.82,1.167318627343397,-2.6513184247248933,-0.4381511604741165,-3.3776096048104125,2.4918868578532716,-0.268092419296613,-0.6863478340067917,0.8353453840694745,1.209018705748158,-1.544676875776539
MLK_MLKCS09338R,2022,MLK,MLKCS09338R,0933,,CS,2022,14.84,1.1312857134405832,-1.9018466349654106,2.3734930456963577,-5.559591170530831,1.6515866073730852,-0.8047292431273882,0.30933065739025845,0.08007544858284887,-0.694101608835858,-0.31850569739381696
MLK_MLKCS09338R,2023,MLK,MLKCS09338R,0933,,CS,2023,10.76,1.2523888749851988,-1.8126871500198483,-1.9627858826581015,-2.340235949671687,4.356836164139005,-0.42475767318328167,-0.41536917982662525,-0.016528333571607365,0.995650608093002,-1.1806759708081895
MRG_MRGCS0522N,2020,MRG,MRGCS0522N,0522,,CS,2020,11.42,0.24720878793843648,2.2850646053058594,2.4097334703039577,-0.574716334200902,-0.18741912110275705,-0.2804901790277596,0.7163582698776234,-1.0777924746808583,-0.10102822122035084,-0.36401202939369204
MRG_MRGCS0522N,2021,MRG,MRGCS0522N,0522,,CS,2021,11.93,0.2828032693192831,0.2983825950726924,-2.587617686332068,0.6261685948373585,1.050646127339163,-0.2899555462905961,0.4348965826376338,-0.5644968936960157,-0.40021081750201315,0.6340365292730492
MRG_MRGCS0522N,2022,MRG,MRGCS0522N,0522,,CS,2022,13.44,0.21460783951810172,0.8198416963215494,-0.4901995738094208,-0.008001256643881256,-0.11349094629778819,-0.05054160822464358,-0.205291113992935,0.8829008835913096,0.3996594731166371,-0.7487184593914358
MRG_MRGCS0522N,2023,MRG,MRGCS0522N,0522,,CS,2023,0.0,0.18114997390913784,-1.0106205945993456,-0.6332230804142992,-0.24871241629822546,-0.23380181130725813,0.03549315204703042,-0.017622841728545804,0.5879169082314953,0.14174804768092283,0.31988325140336155
MRG_MRGCS0522S,2020,MRG,MRGCS0522S,0522,,CS,2020,22.04,0.44719848194279493,3.0906270022973996,2.360772083929252,-0.923608144319265,1.0495796887414002,0.886679740975319,0.4307626278832748,-1.2585414548592309,0.004063454091557568,-0.948220071767005
MRG_MRGCS0522S,2021,MRG,MRGCS0522S,0522,,CS,2021,13.65,0.5305260727825025,1.4452226137863373,-3.2078855122678873,-0.5658372941407284,1.8062188946638529,0.5310708750740736,0.3916394421525991,-0.6381637747293541,0.3910180686484285,0.6459550012682297
MRG_MRGCS0522S,2022,MRG,MRGCS0522S,0522,,CS,2022,15.62,0.33884682171511976,2.7069063856605933,-1.103581439980228,0.3566635735792205,-0.44783027926102503,0.7156286160855113,-0.31692479177731164,-0.032109158188151334,-0.4179647720976466,-0.8349222458911428
MRG_MRGCS0522S,2023,MRG,MRGCS0522S,0522,,CS,2023,6.76,0.23172216427417924,2.1007957109445154,-1.558259406097986,0.2722398471909103,-1.540311146176802,0.6091684593931508,0.012247548674348735,-0.5015331770936744,-0.9063747829979668,-0.5656756267045864
MRG_MRGCS05GOEN,2020,MRG,MRGCS05GOEN,05,,CS,2020,19.03,0.42369550824536123,3.3080428665701387,2.301497619555185,-0.9994841008452789,0.46571183448411435,0.7758780422144933,0.7854007328439758,-1.7994091746890664,-0.09554856722382994,-1.0292558827630138
MRG_MRGCS05GOEN,2021,MRG,MRGCS05GOEN,05,,CS,2021,13.48,0.4912295355655327,1.8402156553193825,-3.358360443076399,-0.04250445542032322,1.1991555317461233,0.46409121818064464,0.4052903040527182,-1.0123640639172256,-0.217777979453166,0.5804179757598397
MRG_MRGCS05GOEN,2022,MRG,MRGCS05GOEN,05,,CS,2022,16.9,0.3270645605498985,3.509562236992719,1.0379591294488852,-1.0778889477656899,-0.6405865110346979,0.4097766483475822,-0.15513129189319536,0.11407163041664711,-1.2299445950389907,-0.07390223011739708
MRG_MRGCS05GOEN,2023,MRG,MRGCS05GOEN,05,,CS,2023,8.42,0.31250916164344517,2.107612473021087,-2.836693075457463,0.43037129523182704,0.0914213554040825,0.5436180246857091,0.39209929288362483,-1.1068405420382716,-0.5210757326601431,-0.2905083687263139
MRG_MRGCS05GOES,2020,MRG,MRGCS05GOES,05,,CS,2020,26.67,0.4742329479491291,3.249268852007211,2.061617502496051,-1.9648715344915626,0.030433905238617026,0.6261259875246321,1.1632591483950574,-1.966298369924481,-0.08727868066440501,-1.0085184636489308
MRG_MRGCS05GOES,2021,MRG,MRGCS05GOES,05,,CS,2021,20.04,0.6369210771931719,2.4453732207813847,-4.178253819810371,-0.9512753890972431,1.29981567670643,0.20716114079887132,0.43595269040283463,-0.581985301800026,0.45600127826004877,0.730553461497356
MRG_MRGCS05GOES,2022,MRG,MRGCS05GOES,05,,CS,2022,20.46,0.40826327538984963,4.055926431649221,0.11968255246221468,-2.0353145421619843,-1.378034785539982,0.05692714034777103,0.2814106445870739,-0.0010425576035254798,-0.8747480958462867,0.00787947639247932
MRG_MRGCS05GOES,2023,MRG,MRGCS05GOES,05,,CS,2023,11.38,0.34840810342161055,2.862691909403901,-3.569183486801794,0.22544806925526956,-0.9282240509639272,0.25759175427972847,0.4604711156166806,-1.1855973962581414,-0.6831696044704364,-0.2305659569862147
MRG_MRGCS05GOWN,2020,MRG,MRGCS05GOWN,05,,CS,2020,16.14,0.25390497469711026,1.2583837053633524,0.7608093672842745,0.16336519941326133,-0.25947154679192475,0.14644504891681714,0.29498305726743046,-0.3740579616834933,0.9175939648685221,-1.7097197192610767
MRG_MRGCS05GOWN,2021,MRG,MRGCS05GOWN,05,,CS,2021,11.66,0.3143710484475646,0.6144903472120404,-1.3644964028581459,-0.3069852293258602,-0.23703022555720296,-0.2685112594241721,-0.04310944320308612,0.6293123064917822,0.43268121678364413,0.17672091816855437
MRG_MRGCS05GOWN,2022,MRG,MRGCS05GOWN,05,,CS,2022,14.04,0.17193610310428717,1.8268711932817239,-0.8014179852239827,0.4979788280632528,-1.1018785002141176,-0.23647603437923279,-0.22985773127686582,0.6553381250065836,-0.1508465491755152,-1.0174942908772173
MRG_MRGCS05GOWN,2023,MRG,MRGCS05GOWN,05,,CS,2023,0.0,0.18769784717433918,-0.6592008476869057,-0.8542671496422192,-0.1759911114345192,-0.6945583900028104,-0.07035611572202476,-0.04868629757462144,0.5584615659167915,-0.12838588067346107,0.35521777296571533
MRG_MRGCS05GOWS,2020,MRG,MRGCS05GOWS,05,,CS,2020,16.39,0.4272407293035728,3.3526938237712245,2.520252043377986,-0.5469751798313851,0.9988803197184363,0.8906927017108534,0.39027894412602365,-1.4088498154119813,-0.03850356335082806,-0.9948483995564695
MRG_MRGCS05GOWS,2021,MRG,MRGCS05GOWS,05,,CS,2021,11.46,0.4666187324868355,1.3564411396308438,-2.8908549933790626,0.07064699612244789,1.6573206770008173,0.644336836745858,0.34412901515762745,-0.964782864268499,-0.1688341094508095,0.5068903052491994
MRG_MRGCS05GOWS,2022,MRG,MRGCS05GOWS,05,,CS,2022,12.44,0.28166699541761087,2.1166513913799307,-0.7204517606830017,0.3548936866837284,-0.16290846712415122,0.8979494536824847,-0.3157506180276149,0.016684791094195926,-0.43934755883826,-1.0673520494722402
MRG_MRGCS05GOWS,2023,MRG,MRGCS05GOWS,05,,CS,2023,6.24,0.22293103681366444,1.3970910497605014,-1.0912267780324367,0.1718920593679647,-0.8888002350075033,0.8422518869049974,0.002604279136608428,-0.45995802902180477,-0.590063380176347,-0.7274372891215337
MRG_MRGCS06NE,2020,MRG,MRGCS06NE,06,,CS,2020,21.27,0.31230838936856875,3.220193180590438,1.4660189815619786,-0.2648099896003636,-1.1240905722139274,-0.30093898032058036,0.6516931899359665,-1.1857821286925592,0.5974082709898904,-1.5099819903105427
MRG_MRGCS06NE,2021,MRG,MRGCS06NE,06,,CS,2021,16.9,0.4083876004379274,2.199948135030162,-3.417871128586944,0.04195898613136323,-0.7955351305289086,-0.8265310777202658,0.19651692732942602,0.028813495090670754,-0.3192252108634851,0.6502492035988372
MRG_MRGCS06NE,2022,MRG,MRGCS06NE,06,,CS,2022,0.0,0.15069030856316992,0.39042441910047215,-1.052074542800037,-0.1688733664892913,-1.0848447845927887,-0.134424760492602,-0.14914149806001792,0.884241439960243,0.18942352100329196,-0.6589661576006539
MRG_MRGCS06NW,2020,MRG,MRGCS06NW,06,,CS,2020,16.46,0.27375399707572673,2.864985920274961,1.4598638971605202,0.07398055774278708,-0.9437089618501975,-0.18821661708002146,0.6555176632548891,-1.2306607125262354,0.6518697762345094,-1.608447441631788
MRG_MRGCS06NW,2021,MRG,MRGCS06NW,06,,CS,2021,13.52,0.3231314215098627,1.4379711287569488,-2.634274710554754,0.2976961379437217,-0.6360273101354472,-0.5799430956345324,0.16420579230414573,-0.049549039317444685,-0.5126116863104628,0.5280003614663574
MRG_MRGCS06NW,2022,MRG,MRGCS06NW,06,,CS,2022,0.0,0.09471415157024195,-0.04099508958535823,-0.6634369627241615,0.08139551670869165,-0.8089438056162536,0.010780884740932731,-0.100372745528989,0.7026686115386516,0.08316630843870015,-0.7160803684234601
MRG_MRGCS06SE,2020,MRG,MRGCS06SE,06,,CS,2020,19.96,0.2991418015444689,2.6612541933142175,1.7064147522769624,-0.3604987784405437,-0.4893485240842415,-0.1923068016369452,0.5814321955119627,-0.9002019210367934,0.544721486150319,-1.3109837405439475
MRG_MRGCS06SE,2021,MRG,MRGCS06SE,06,,CS,2021,14.41,0.36709076753398223,1.6580262622186583,-3.00478730313822,0.12152384452546153,-0.19796402027418447,-0.6524906651684176,0.2674788622208367,-0.03833573139698094,0.03726344952267056,0.5736679630469497
MRG_MRGCS06SE,2022,MRG,MRGCS06SE,06,,CS,2022,20.58,0.24151415323955155,3.3791437456623057,0.8609132696046949,-0.914740708119038,-1.5182062326645005,-0.7406178727176213,-0.1699393445478307,0.8945934971295527,-0.8862221660252735,-0.02407032761048561
MRG_MRGCS06SE,2023,MRG,MRGCS06SE,06,,CS,2023,9.54,0.21844743909390174,2.175037804569978,-2.89699834553397,0.6374900513593806,-0.4656088631606672,-0.6005799873181016,0.3104371783407295,-0.09094727129678877,0.08183575996020806,-0.3500814736501558
MRG_MRGCS06SW,2020,MRG,MRGCS06SW,06,,CS,2020,21.09,0.33611174304464003,2.709242499250912,1.8254313932567001,-0.5725620513654897,-0.37547866158858606,-0.17929553338489618,0.5772363782745986,-0.8498812763746971,0.6917935785641807,-1.379892986837392
MRG_MRGCS06SW,2021,MRG,MRGCS06SW,06,,CS,2021,15.55,0.40505099385566357,1.656070654019872,-3.135983432588907,-0.1102975910585744,-0.0049282389733258875,-0.6570029930951394,0.2713902554253983,0.059447648488036575,0.3371650017661163,0.5459953928274377
MRG_MRGCS06SW,2022,MRG,MRGCS06SW,06,,CS,2022,21.4,0.2952592379161833,3.266259132503164,0.43068585381972874,-1.0133615542408578,-1.5775338801524206,-0.7680844344293781,-0.19107335447038093,0.9314708920142549,-0.7290712003137356,0.11023538814365223
MRG_MRGCS06SW,2023,MRG,MRGCS06SW,06,,CS,2023,12.9,0.287231708931793,2.14499453933079,-2.9103139989955995,0.25131834248844265,-0.5395862124802124,-0.6399012224220247,0.22966087114232756,0.1290599119095736,0.1959013286358018,-0.15716899162677206
MRG_MRGCS07F,2020,MRG,MRGCS07F,07,,CS,2020,15.4,0.409147457864051,2.782733424824194,2.5841720314108496,0.45123183350694523,1.7299574500018504,1.0540640078782693,-0.56790188477682,-0.47106218556524976,-0.008803529314007734,-0.5966956930081179
MRG_MRGCS07F,2021,MRG,MRGCS07F,07,,CS,2021,11.46,0.5126693090242703,2.9837312588494833,0.11853761532523187,1.3958449705924125,3.3525051811355535,0.8226611072991747,-1.7737326631963615,1.0059389029163868,-0.10725631055567991,1.070634967679261
MRG_MRGCS07F,2022,MRG,MRGCS07F,07,,CS,2022,15.4,0.5752086391954991,6.361533495861941,2.6695490884354403,4.2185138844361925,5.181831317304746,1.212454275004775,-4.4086888518132294,3.3659801619285217,-0.013797879783472517,0.1390502613358586
MRG_MRGCS07F,2023,MRG,MRGCS07F,07,,CS,2023,11.92,0.36146498143123973,1.8509671364128997,-2.046090828608956,0.8140875066837359,1.8836098577306954,0.7276093076505873,-0.03589599403257756,-0.4682936073476954,-0.12187720369247561,-0.26662838743635636
MRG_MRGCS07N,2020,MRG,MRGCS07N,07,,CS,2020,8.87,0.24034984455546918,2.1316375021681955,2.2509565898751065,-0.3892606127854708,-0.09986350411398032,-0.22113639816324923,0.6251034146725927,-0.946436854049189,-0.06316644946627882,-0.4481387689048722
MRG_MRGCS07N,2021,MRG,MRGCS07N,07,,CS,2021,0.0,0.14988321181750805,-0.9995472693571299,-2.0617721373071616,0.8444793875673173,0.869203518893857,-0.0386607408987229,0.5150496671351988,-0.7952360424333205,-0.5560100574456374,0.6600900699570545
MRG_MRGCS07S,2020,MRG,MRGCS07S,07,,CS,2020,18.52,0.26990384313829224,2.9629609246630473,1.8375773394301007,-0.5877143297490826,-0.6956542413670386,-0.39630603777573353,0.5303391780670578,-0.7866419703895512,-0.09347616351054881,-0.7015492881121049
MRG_MRGCS07S,2021,MRG,MRGCS07S,07,,CS,2021,15.16,0.3658921620474247,1.7711129576434357,-3.5027811462698053,0.4204020975038292,-0.11446919617370739,-0.7132441792213781,0.388973038129344,-0.42140817034592615,-0.33385961046653273,0.6859915935206023
MRG_MRGCS07S,2022,MRG,MRGCS07S,07,,CS,2022,19.04,0.27271548947791724,2.972893598309829,1.1398354331914435,-1.406436843600618,-1.374919694046969,-0.7519068823302135,-0.12348880426261295,0.9458417920047378,-0.8233381812743272,0.40134995609609453
MRG_MRGCS07S,2023,MRG,MRGCS07S,07,,CS,2023,12.28,0.2689521167663243,1.7767660478375313,-3.004725357630295,0.4455046677486531,-0.05270928993376417,-0.5500502399893299,0.34905485517386103,-0.16281242408164773,0.15272443048736362,-0.13524524934796636
MRG_MRGCS09338PA,2020,MRG,MRGCS09338PA,0933,,CS,2020,25.2,0.27291261138896616,2.176052206894988,1.8505749068984687,-0.7658971812390473,-0.11870670494226859,-0.13695052895838175,0.5274157878521517,-0.5248655232939442,0.4726831508319975,-1.210667061691036
MRG_MRGCS09338PA,2021,MRG,MRGCS09338PA,0933,,CS,2021,14.49,0.4465340980016706,1.5049007783356467,-3.18262386651185,-0.4860425988589384,0.6592322300497522,-0.6614547348130814,0.2873489824553179,0.3636816899297846,0.8281681690353077,0.7158023812025269
MRG_MRGCS09338PA,2022,MRG,MRGCS09338PA,0933,,CS,2022,18.92,0.21307899432853283,3.3833390277517585,1.018938603024621,-0.9036707460173866,-1.6144224270221037,-0.7619519068911221,-0.08865936021016846,0.7450656512257909,-0.8888802112615467,0.04688941324103832
MRG_MRGCS09338PA,2023,MRG,MRGCS09338PA,0933,,CS,2023,0.0,0.30250257231890837,0.621689927743581,-2.740995935163518,0.2908936177544153,0.22100143672021488,-0.46410052403281543,0.2678778930038132,-0.07048717373834082,-0.2949156283248469,0.802310269640718
MRG_MRGCS09338PAN,2023,MRG,MRGCS09338PAN,0933,,CS,2023,4.84,-0.39416282023812726,-0.7268201721953161,-0.15670570308699153,0.8908373557003245,-0.8862526660126719,-0.3732514587998859,1.1442482136719723,0.21700183561556596,-0.10481503673138838,-0.3559327695362374
MRG_MRGCS09338PAS,2023,MRG,MRGCS09338PAS,0933,,CS,2023,9.7,-0.38461742660257575,-0.48310461486293277,-0.158879609467119,0.7521616038210194,-0.874198514697161,-0.3755496581729031,1.1074041725875223,0.3637595781242605,0.020153630004000958,-0.6364868916005453
MRG_MRGCS09338SAM,2020,MRG,MRGCS09338SAM,0933,,CS,2020,10.57,-0.19543966417395328,2.7456312814420136,2.796892575400227,1.716467169779281,1.0758503709585832,-0.42117246175708195,0.4742815185716912,0.2847236004958549,0.40224599798155275,-0.6400660977734014
MRG_MRGCS09338SAM,2021,MRG,MRGCS09338SAM,0933,,CS,2021,6.91,-0.13104397705190216,0.9169339497511669,-1.5720079242747371,2.0306849229645456,1.449894298849527,-0.6857743708494668,0.9043988315380018,0.05389499533477717,-0.2272627680556403,0.7962776254924452
MRG_MRGCS09338SAM,2022,MRG,MRGCS09338SAM,0933,,CS,2022,11.58,-0.18845779199214244,3.227959206950186,3.515711553942506,1.3707782527765937,0.9989346833375542,-0.6790910306106467,-0.5390751609694286,2.0052909350441515,-0.9100447967610762,0.7588639684041351
MRG_MRGCS09338SAM,2023,MRG,MRGCS09338SAM,0933,,CS,2023,8.68,-0.23510848842932933,1.1372128615863923,-1.8080682035085864,2.0463144875892616,1.6369722751366742,-0.6468942898922937,1.139952143074932,-0.057583357179401155,0.060172865207591374,-0.04621218152936938
MRG_MRGCS09338SAN,2020,MRG,MRGCS09338SAN,0933,,CS,2020,28.07,-0.07630323926205203,3.2565311100019074,1.744612930970418,-0.360306101872194,-0.8253039069071418,-0.9989427705340805,1.8245323714315311,-0.8740604490118741,0.22858728863382424,-0.6440293003172657
MRG_MRGCS09338SAN,2021,MRG,MRGCS09338SAN,0933,,CS,2021,26.38,0.12513777101421983,3.2062138470110066,-4.040934394375586,0.2643298956664414,-0.19355601349016915,-1.6242511004036524,1.2131833858596273,0.44053172134279334,0.3369003935933697,1.2075544551470636
MRG_MRGCS09338SAN,2022,MRG,MRGCS09338SAN,0933,,CS,2022,29.74,0.0037644613328980995,3.6504677534707644,-2.0300036933853396,-0.06164988153198928,-1.3222784029273544,-1.3553354035309884,0.615443620585326,1.6985617318767805,0.6642839151734289,-0.25608899573682076
MRG_MRGCS09338SAN,2023,MRG,MRGCS09338SAN,0933,,CS,2023,23.12,-0.00569208674517275,3.1254999695426444,-2.385709607592573,-0.3312397111893239,-1.5444968017604617,-1.4106076248690196,0.8268032323631163,1.500821287170795,0.9034640702752638,0.10359242548420314
MRG_MRGCS09338SAS,2020,MRG,MRGCS09338SAS,0933,,CS,2020,10.36,-0.18283623684211273,2.8786476389217333,3.2299062539116834,0.9421485055511895,0.9565363407839206,-0.5997942492536177,1.044817917953776,-0.21666776162279255,0.1287220372226553,-0.39256561142290664
MRG_MRGCS09338SAS,2021,MRG,MRGCS09338SAS,0933,,CS,2021,11.96,-0.08995780413886326,0.6328079925290553,-1.9563627541834687,1.7608680970853086,2.100808506182578,-0.6773865580451652,1.0698195291101016,-0.07306491085570306,-0.07684908674752332,0.9123216195763106
MRG_MRGCS09338SAS,2022,MRG,MRGCS09338SAS,0933,,CS,2022,13.12,-0.16508496627135216,1.7760509691986848,0.2576132011932215,1.5807155800668395,1.055901438710513,-0.47045464722674135,0.17454230783251787,1.658059613941541,0.45521715636766724,-0.5607735373257099
MRG_MRGCS09338SAS,2023,MRG,MRGCS09338SAS,0933,,CS,2023,10.04,-0.24493662808148148,0.9385955276017488,-0.16698661530346742,1.0601430374039704,0.2200946133992944,-0.5191380007831334,0.6334929721130466,1.167689983260469,0.4783830809144671,-0.4783537089915954
MRG_MRGCS09338SAWZ,2020,MRG,MRGCS09338SAWZ,0933,,CS,2020,13.6,-0.17757224071399644,2.489568594500056,2.685740678057208,0.6119717798179484,0.5479476809299862,-0.5974390397517912,1.23816619664427,-0.29829153174215667,0.29283759758420785,-0.6120454475859858
MRG_MRGCS09338SAWZ,2021,MRG,MRGCS09338SAWZ,0933,,CS,2021,10.95,-0.0888261682561601,0.7853398086108369,-2.1588705662830114,1.3240453548729154,1.3004329119290834,-0.8077353592044357,1.1657579101729476,-0.020930086909776865,0.1296554572914735,0.8648375921462229
MRG_MRGCS09338SAWZ,2022,MRG,MRGCS09338SAWZ,0933,,CS,2022,16.66,-0.18142849580246073,2.9514963429960117,2.538560887674831,0.1713595786226946,0.1944421758664467,-0.9093833404850638,0.2353698752951074,1.6401452609192935,-0.6879759666321699,0.535752952671435
MRG_MRGCS09338SAWZ,2023,MRG,MRGCS09338SAWZ,0933,,CS,2023,11.18,-0.17329514077417266,1.4783581213967085,-2.165480789573798,1.3996106154884753,1.278173670862917,-0.8176024334848299,1.185208843534228,0.21380780140801348,0.47971060987190317,-0.013082405195159045
MRG_MRGCS09GORF,2020,MRG,MRGCS09GORF,09,,CS,2020,20.17,0.40979632983762815,2.534649819008063,2.095754356113266,-1.2844806800202342,0.24553220652159116,0.5657812455895335,0.5741372265538337,-1.3122500692261487,-0.4493576761068439,-0.43436128048088357
MRG_MRGCS09GORF,2021,MRG,MRGCS09GORF,09,,CS,2021,18.65,0.5386715091170945,2.8763517964592302,-0.6436795929367454,-2.0386904362625007,1.1141803142428353,-0.17870332502687847,0.6142897495806878,-0.6819568688495476,-1.045215386554272,1.8406141846496342
MRG_MRGCS09GORF,2022,MRG,MRGCS09GORF,09,,CS,2022,18.48,0.5005609468856245,3.8831948951871436,-0.5100105008004291,-0.7943506732914499,1.2980256055181343,-0.02981054795195586,-0.058673198685703254,-0.22416467886818123,-0.9770747841485318,1.0677583009290483
MRG_MRGCS09GORF,2023,MRG,MRGCS09GORF,09,,CS,2023,17.12,0.37964063867565573,2.0083672429569304,-3.0232175251398554,0.14747566113970706,0.5125581259236427,0.3585431709004002,0.21750786747623982,-0.6497834982435478,-0.2551142271938437,-0.20973580957684454
MSG_MSGCS10169SE,2020,MSG,MSGCS10169SE,1016,,CS,2020,7.28,0.21938607410531719,-1.3255046228048861,0.7232930884667912,-0.1572148518727032,0.21790896711327315,0.44092308806947245,0.449411784744009,-0.48087468177313647,0.9566339741279284,-0.7861372858071691
MSG_MSGCS10169SE,2021,MSG,MSGCS10169SE,1016,,CS,2021,4.42,0.1751293546655602,-2.1290438675359304,0.16032408183838273,-0.48750455263768705,0.8449228053959801,0.41489884242077235,-0.023542885548314085,0.6554879387059509,0.6295524324685716,0.030497671485849812
MSG_MSGCS10169SE,2022,MSG,MSGCS10169SE,1016,,CS,2022,6.74,0.16438819778788558,-0.965101442965696,3.1364060095865027,-1.9298654953236785,0.595055117550127,0.029304924572705636,0.08750952992123304,0.6649269166055939,-0.6694415177525733,1.2435987852143855
MSG_MSGCS10169SE,2023,MSG,MSGCS10169SE,1016,,CS,2023,3.64,0.19569960268984574,-1.9664127426858342,-1.5896531716962763,0.3083072907389217,2.231484768387639,0.26201581772035737,0.5362229852413833,-0.5552676905643197,0.34849223613873664,0.470806740979441
MSG_MSGCS10169SW,2020,MSG,MSGCS10169SW,1016,,CS,2020,4.4,0.18829219956760407,-1.2469909812798858,0.7356186008662781,0.08563549653445492,0.0803184437119399,0.43006359833607916,0.507323919508923,-0.6679938045242523,0.8786954418840542,-0.8005176306811362
MSG_MSGCS10169SW,2021,MSG,MSGCS10169SW,1016,,CS,2021,6.1,0.13687830312201962,-2.2384746624649994,0.3446615427509398,-0.2535891445277709,0.7152233548321683,0.4586693147823125,-0.02193028854197061,0.5056604814292829,0.2546288991476851,0.01875338191908816
MSG_MSGCS10169SW,2022,MSG,MSGCS10169SW,1016,,CS,2022,5.44,0.16367385934119716,-1.112674467310974,2.710375614194101,-1.7516319123424597,0.7415374018094679,0.06430420990430497,0.10055864570883938,0.6830602487205717,-0.39466466607245243,1.1412300300628502
MSG_MSGCS10169SW,2023,MSG,MSGCS10169SW,1016,,CS,2023,3.38,0.15988779433824685,-2.018408386433774,-1.2704630260998468,0.41716631566663537,1.9362854368527258,0.2970431640195547,0.48135447307999873,-0.5304246001156874,0.1567836645256849,0.41862921238055156
MSG_MSGCS10338P,2020,MSG,MSGCS10338P,1033,,CS,2020,5.38,0.2206345684950325,-1.2253165870212985,0.6109742802544842,-0.11453957408110282,0.0279640191682545,0.4175004503143189,0.420496771296784,-0.4902334159823382,0.9351227494115419,-0.8198767766640273
MSG_MSGCS10338P,2021,MSG,MSGCS10338P,1033,,CS,2021,6.4,0.18149154823482183,-2.1587622421525343,0.21800225199540482,-0.5001029524381059,0.7159820130582619,0.4422148188284544,-0.06719453637879871,0.6488319517383004,0.4903989683138786,-0.049149870096755685
MSG_MSGCS10338P,2022,MSG,MSGCS10338P,1033,,CS,2022,9.16,0.22341898535324983,-1.2458461573314705,2.4671382402118196,-2.035534442187556,0.9033890029380688,0.10922606518712619,0.018613232987120518,0.9206109441076696,-0.09237840673110123,0.9912014946801928
MSG_MSGCS10338P,2023,MSG,MSGCS10338P,1033,,CS,2023,3.84,0.239674909923329,-1.9384385737045613,-1.3775829860711508,-0.16413668544260251,2.111416264077768,0.26555818730381425,0.3984258632203896,-0.11085229908317135,0.7660955247150105,0.3766149704618156
MSG_MSGCS10338R,2020,MSG,MSGCS10338R,1033,,CS,2020,9.72,0.28591496602454725,-1.9343686429687215,-0.2630668323893308,-1.093433300700978,0.1018982738358075,0.258467658388776,0.10981662455699616,0.4389026000882238,-0.020058770488664716,-0.2640275910277149
MSG_MSGCS10338R,2021,MSG,MSGCS10338R,1033,,CS,2021,12.38,0.3751824474854262,-2.493243721641738,-0.10839445389037358,-1.9062746472234688,1.3207669374273778,0.39841314452089477,0.1058846672387969,0.937997161015684,1.1005554433442173,-0.2948142109212271
MSG_MSGCS10338R,2022,MSG,MSGCS10338R,1033,,CS,2022,13.5,0.4174090653850695,-1.75049432818111,1.885240294446316,-4.417053208266039,1.0548245976584842,-0.18172907003680425,1.122733451591762,0.5531767896928919,0.3057909671111537,0.8892587280077449
MSG_MSGCS10338R,2023,MSG,MSGCS10338R,1033,,CS,2023,7.98,0.42113313868446905,-2.204753240869568,-1.7983475937413824,-1.4276057393283996,2.6501843300442385,0.20374942476213526,0.6050935134748394,0.05838855125503502,1.3245947831924065,0.1344512005774124
MSG_MSGCS10338RF,2020,MSG,MSGCS10338RF,1033,,CS,2020,0.0,0.10203548913799208,-1.3020480452645982,0.6399662870871119,0.527138828598555,-0.03784368498874682,0.3807869133635989,0.4985786738770073,-0.7326096806741331,0.4219803601870272,-0.5085071117304871
MSG_MSGCS10338RF,2021,MSG,MSGCS10338RF,1033,,CS,2021,0.0,-0.007681094771833469,-2.1735145026903155,0.5455436755941032,0.762020712468258,0.04938832985545824,0.47294362321986844,0.08135869898504033,-0.14844937580353582,-0.6086925979851099,0.012291060500775058
MSG_MSGCS10338RF,2022,MSG,MSGCS10338RF,1033,,CS,2022,0.0,-0.007681094771833469,-2.1735145026903155,0.5455436755941032,0.762020712468258,0.04938832985545824,0.47294362321986844,0.08135869898504033,-0.14844937580353582,-0.6086925979851099,0.012291060500775058
MSG_MSGCS10338RF,2023,MSG,MSGCS10338RF,1033,,CS,2023,0.0,-0.007681094771833469,-2.1735145026903155,0.5455436755941032,0.762020712468258,0.04938832985545824,0.47294362321986844,0.08135869898504033,-0.14844937580353582,-0.6086925979851099,0.012291060500775058
MSG_MSGCS10338RI,2020,MSG,MSGCS10338RI,1033,,CS,2020,0.0,0.10203548913799208,-1.3020480452645982,0.6399662870871119,0.527138828598555,-0.03784368498874682,0.3807869133635989,0.4985786738770073,-0.7326096806741331,0.4219803601870272,-0.5085071117304871
MSG_MSGCS10338RI,2021,MSG,MSGCS10338RI,1033,,CS,2021,0.0,-0.007681094771833469,-2.1735145026903155,0.5455436755941032,0.762020712468258,0.04938832985545824,0.47294362321986844,0.08135869898504033,-0.14844937580353582,-0.6086925979851099,0.012291060500775058
MSG_MSGCS10338RI,2022,MSG,MSGCS10338RI,1033,,CS,2022,0.0,-0.007681094771833469,-2.1735145026903155,0.5455436755941032,0.762020712468258,0.04938832985545824,0.47294362321986844,0.08135869898504033,-0.14844937580353582,-0.6086925979851099,0.012291060500775058
MSG_MSGCS10338RI,2023,MSG,MSGCS10338RI,1033,,CS,2023,0.0,-0.007681094771833469,-2.1735145026903155,0.5455436755941032,0.762020712468258,0.04938832985545824,0.47294362321986844,0.08135869898504033,-0.14844937580353582,-0.6086925979851099,0.012291060500775058
MSG_MSGCS10338RN,2020,MSG,MSGCS10338RN,1033,,CS,2020,5.88,0.22816120877823434,-1.231367810153516,0.6075958901677222,-0.1637482346342234,0.044861307800673406,0.4197708287358994,0.4108235561360708,-0.46018981514530005,0.9606919294873341,-0.8284297787603327
MSG_MSGCS10338RN,2021,MSG,MSGCS10338RN,1033,,CS,2021,6.28,0.1911475913916429,-2.1406042186487286,0.1834849958596062,-0.5595012260381306,0.7426013021032165,0.43526651632463703,-0.07144549537757615,0.6860875623757331,0.5657529461294181,-0.051377160048229134
MSG_MSGCS10338RN,2022,MSG,MSGCS10338RN,1033,,CS,2022,7.34,0.21302172442447304,-1.1023617082882702,2.5853052368645617,-2.011802841063236,0.7525055575850139,0.07274045911188257,0.03391975227721232,0.8476959657046667,-0.19402228799974874,1.0345347963917129
MSG_MSGCS10338RN,2023,MSG,MSGCS10338RN,1033,,CS,2023,4.46,0.22574627744321693,-1.9513647685968927,-1.403580756211273,-0.0001586713698001376,2.0386199036359223,0.2781790478280432,0.4163416279592672,-0.26343375604761027,0.5475790000889351,0.3559587172586053
MSG_MSGCS10338RNB,2020,MSG,MSGCS10338RNB,1033,,CS,2020,9.42,0.27016643881760005,-1.31506743960438,0.5877441004185885,-0.47584063426671597,0.2009080513280436,0.4333356470530905,0.338671192592301,-0.2313096015918033,1.0757430178932288,-0.8283504649221645
MSG_MSGCS10338RNB,2021,MSG,MSGCS10338RNB,1033,,CS,2021,10.1,0.284359966331495,-2.1989849016845624,0.050322167083601904,-1.240052809865194,1.2680207704356763,0.42084973992701336,-0.12337475400996052,1.13251315357983,1.1815769225369934,-0.006848392836470034
MSG_MSGCS10338RNB,2022,MSG,MSGCS10338RNB,1033,,CS,2022,10.44,0.3044949162078579,-1.1604312770212792,2.3698106903163714,-2.64141269364422,1.2617432442706498,0.05949574693837536,-0.014869218861978393,1.2798495246285424,0.46094288155922586,1.0540410159349067
MSG_MSGCS10338RNB,2023,MSG,MSGCS10338RNB,1033,,CS,2023,4.26,0.2831185492308905,-1.8769207042705378,-1.5535086064470345,-0.39239149628990283,2.230608555408165,0.24371672925484789,0.3830550978392509,0.0022872538259281596,1.012155608827273,0.3542126764460562
MSG_MSGCS10338S,2020,MSG,MSGCS10338S,1033,,CS,2020,5.46,0.19206156786931294,-1.328692554976881,0.6412206799575757,-0.018140596717285927,0.1319196763315322,0.41499843798120506,0.4224867166679154,-0.4686208949503457,0.7824290756135605,-0.6777352744730604
MSG_MSGCS10338S,2021,MSG,MSGCS10338S,1033,,CS,2021,7.82,0.16794496835116746,-2.278763681671696,0.31822860867688885,-0.4898459775054479,0.9137735127069491,0.45861658848568954,-0.04030889245739957,0.6620664188580939,0.44949413758715623,0.039249734597007514
MSG_MSGCS10338S,2022,MSG,MSGCS10338S,1033,,CS,2022,6.44,0.19874094059061445,-1.0670146660595952,2.772945549691875,-2.079580654224592,0.9540100156951046,0.0331848626568995,0.09462701392118998,0.8579807315232969,-0.17649553948491636,1.228009517161579
MSG_MSGCS10338S,2023,MSG,MSGCS10338S,1033,,CS,2023,4.52,0.18745180020466753,-2.0327738226491503,-1.3847416648082733,0.25570849070140705,2.1593780800786835,0.286646460192336,0.49257257901417467,-0.4551626233422306,0.3209688076155336,0.4546958718167651
MSG_MSGCS10338SZ,2020,MSG,MSGCS10338SZ,1033,,CS,2020,6.98,0.19284169701893886,-1.4274650726760376,0.637621097061886,-0.09717097711337887,0.25427867247005004,0.41674230771337534,0.3850457948924833,-0.34394134797741377,0.7298061974303045,-0.583904364250402
MSG_MSGCS10338SZ,2021,MSG,MSGCS10338SZ,1033,,CS,2021,7.48,0.17957586711955778,-2.2758004943455314,0.2699815230184738,-0.5933913509329245,1.0668729042976626,0.4430115546068684,-0.026431093319434714,0.7378178734999203,0.617527211735786,0.0878742752722173
MSG_MSGCS10338SZ,2022,MSG,MSGCS10338SZ,1033,,CS,2022,5.52,0.1842712739528126,-0.7078539327540561,3.5659770156065558,-2.394479098694636,0.8533052401180589,-0.08630013648222412,0.1469250418665145,0.8103624712355393,-0.5351121804782467,1.5796346177552267
MSG_MSGCS10338SZ,2023,MSG,MSGCS10338SZ,1033,,CS,2023,3.46,0.17059880530286997,-1.9808949564994007,-1.8311581254215834,0.6332204547909088,2.4341733854498218,0.24823519454167653,0.661298158322046,-0.8909169186470596,0.1018110758831322,0.5726586067059306
MSG_MSGCS131214,2020,MSG,MSGCS131214,1312,,CS,2020,0.0,0.1743342258651655,-1.069131251858195,0.5069744549811239,0.24938973101573872,-0.2986521437808722,0.37683137730573707,0.45161630175121903,-0.6982735388797567,0.7523034401110673,-0.8090058475344921
MSG_MSGCS131214,2021,MSG,MSGCS131214,1312,,CS,2021,0.0,0.05832268307550587,-1.9840863399455007,0.33818601094671574,0.472186794212202,-0.21080252433883598,0.45322945220287264,-0.01814049830985921,-0.006221542848183667,-0.3814270428856231,-0.19129821448353948
MSG_MSGCS131214_19,2020,MSG,MSGCS131214_19,1312,,CS,2020,0.0,0.05167581809931963,-1.649957090557312,0.045039626755917134,0.43046026321263825,-0.03290284820609771,0.2547178336905272,0.07828407252411745,0.13052384861367142,-0.40247983840939744,0.26676857482703764
MSG_MSGCS1341214,2020,MSG,MSGCS1341214,1341,,CS,2020,2.4,0.13517110850207315,-1.5430603977397939,-0.1199862638192544,-0.013739766426097786,-0.13852106401580422,0.25146783326662214,-0.03955266654129253,0.37680251863470715,-0.11665131685655221,0.07960892036426345
MSG_MSGCS1341214,2021,MSG,MSGCS1341214,1341,,CS,2021,2.14,0.10582989113283613,-2.04381153948761,0.2789566856419474,0.0942195574896477,0.1653604184644822,0.44407590740856834,-0.03120319527337252,0.2501978052053928,-0.017623290245093022,-0.12591232177659567
MSG_MSGCS1341214,2022,MSG,MSGCS1341214,1341,,CS,2022,4.8,0.13082616334052496,-1.035675642743974,2.7999391277886208,-1.43090902343326,0.21014317809680438,0.08928049272068202,0.06405758577990661,0.4385397744448468,-0.846479582861352,0.9856691227326395
MSG_MSGCS1341214,2023,MSG,MSGCS1341214,1341,,CS,2023,3.48,0.17671953976883928,-1.954641054627909,-1.330428717026001,0.371950809579671,1.792222051535129,0.29584599958755387,0.4463683008897986,-0.5242197125268162,0.15897333435241318,0.33334634266584406
MSR_MSRCS1115R,2020,MSR,MSRCS1115R,1115,,CS,2020,11.8,1.161684110789967,-2.1401400421067813,0.1549801749241478,-2.323207615579638,0.9439096178959682,0.36128189229830554,-0.5425051076873971,-0.4788329956913217,-0.0848828112489189,-2.197203705609976
MSR_MSRCS1115R,2021,MSR,MSRCS1115R,1115,,CS,2021,9.08,1.201627559773929,-2.7629222133383213,-0.3154813049315589,-3.070801424433101,2.0265411617958597,0.349112168943829,-0.8177015191404253,0.5761863461159807,0.5561480303829246,-1.639391965211481
MSR_MSRCS1115R,2022,MSR,MSRCS1115R,1115,,CS,2022,11.74,1.1839961311045295,-2.0494187381856372,2.045293576539346,-5.210580073051802,1.3205020042317621,-0.18572924347889042,0.18577889829681438,-0.10418021631859922,-0.9423041105589332,-0.5038284905366733
MSR_MSRCS1115R,2023,MSR,MSRCS1115R,1115,,CS,2023,9.02,1.3152856056015496,-1.4052452675772165,-1.5111395323234231,-1.7131551129513205,4.1054519472106845,0.20883860816390196,-0.8378332728430162,0.05507439440126977,0.3929957938185127,-1.347304033249622
MVH_MVHCS072214,2020,MVH,MVHCS072214,0722,,CS,2020,23.76,0.36349611235220164,1.9700314861307482,0.10863500579362144,-0.32471666749244527,-1.222915845911646,-0.18929531564679752,0.22405493312796873,-0.40642594282605576,0.6451772433352096,-1.1446636818117688
MVH_MVHCS072214,2021,MVH,MVHCS072214,0722,,CS,2021,38.11,0.6023546760146127,3.199599679231695,-0.8815637420971625,-2.592062871538992,-0.6756517112574423,-1.0851286221845893,-0.1302429400420648,1.4460628843491485,-0.09298993897470482,1.2364534546351913
MVH_MVHCS072214,2022,MVH,MVHCS072214,0722,,CS,2022,26.28,0.6879354922939129,4.372875467763062,-2.4990983100125423,-2.6176713267565126,0.2280770254964643,-1.413150246599369,0.18707864789134188,1.3584062130359076,1.4729208581031166,1.2174464517693946
MVH_MVHCS072214,2023,MVH,MVHCS072214,0722,,CS,2023,0.0,0.38445899574935205,0.9440575669638568,-3.2875847067371056,-0.5241850533922338,-0.709457040478479,-0.6921044772557282,0.15638477964697775,0.44429352805651157,0.014686990458504506,0.9299544216561944
MVH_MVHCS072214F,2020,MVH,MVHCS072214F,0722,,CS,2020,0.0,0.05167581809931963,-1.649957090557312,0.045039626755917134,0.43046026321263825,-0.03290284820609771,0.2547178336905272,0.07828407252411745,0.13052384861367142,-0.40247983840939744,0.26676857482703764
MVH_MVHCS072214I,2020,MVH,MVHCS072214I,0722,,CS,2020,0.0,0.05167581809931963,-1.649957090557312,0.045039626755917134,0.43046026321263825,-0.03290284820609771,0.2547178336905272,0.07828407252411745,0.13052384861367142,-0.40247983840939744,0.26676857482703764
MVH_MVHCS0722RE,2020,MVH,MVHCS0722RE,0722,,CS,2020,18.44,0.32384674055834334,1.1213619468011262,0.4787917280374786,-0.34846574655381707,-0.6370858973669931,-0.014076214851283997,0.26915270361904675,-0.35139911662630313,0.6865842789596527,-1.0185931649854687
MVH_MVHCS0722RE,2021,MVH,MVHCS0722RE,0722,,CS,2021,23.91,0.4557875378972204,2.774668832570063,0.1650000886821877,-1.9388547991856375,-0.6003332682867555,-0.8911409343187149,0.00584954501613024,0.8648296382760399,-0.31651708159620917,1.1690278123416467
MVH_MVHCS0722RE,2022,MVH,MVHCS0722RE,0722,,CS,2022,22.96,0.507072406435831,3.0857604669673,-1.5925791101189808,-1.5412356091995594,0.3511879276785526,-1.0212704870095424,0.22593971433120527,0.6158676591598408,-0.0042483586500862355,1.1603479610221512
MVH_MVHCS0722RE,2023,MVH,MVHCS0722RE,0722,,CS,2023,0.0,0.3579170096462994,-0.08077906995503241,-2.6048549327085175,-0.6485975909951115,0.4693913026172461,-0.3634377131717261,0.22742550625604224,0.4577050594642915,0.6735866106741508,0.7507579415536849
MVH_MVHCS0722REF,2020,MVH,MVHCS0722REF,0722,,CS,2020,0.0,0.05167581809931963,-1.649957090557312,0.045039626755917134,0.43046026321263825,-0.03290284820609771,0.2547178336905272,0.07828407252411745,0.13052384861367142,-0.40247983840939744,0.26676857482703764
MVH_MVHCS0722REI,2020,MVH,MVHCS0722REI,0722,,CS,2020,0.0,0.05167581809931963,-1.649957090557312,0.045039626755917134,0.43046026321263825,-0.03290284820609771,0.2547178336905272,0.07828407252411745,0.13052384861367142,-0.40247983840939744,0.26676857482703764
MVH_MVHCS0722RNW,2020,MVH,MVHCS0722RNW,0722,,CS,2020,10.7,0.2157885715523581,1.086001346919779,0.7550258722001936,0.2409397259944093,-0.5805843784518425,-0.031077821818085147,0.39374618160725916,-0.6785308203331147,0.24376916658324824,-0.7429016055747661
MVH_MVHCS0722RNW,2021,MVH,MVHCS0722RNW,0722,,CS,2021,11.77,0.23957756794979287,2.337756471522684,0.8218974408650087,-0.5729608998454718,-0.9356719055858974,-0.7302494718140884,0.16365381128170864,-0.03126225166590051,-1.470932085171225,1.2191324392994844
MVH_MVHCS0722RNW,2022,MVH,MVHCS0722RNW,0722,,CS,2022,11.52,0.24692656315442665,2.417993008307872,-0.3764900633740799,-0.08165763324129556,-0.07105820702489951,-0.7658118727338185,0.39094501240661805,-0.4561309196997618,-1.469407767026575,1.1647231646403238
MVH_MVHCS0722RNW,2023,MVH,MVHCS0722RNW,0722,,CS,2023,0.0,0.16658497235144773,-0.7824582733038506,-1.9125143223159253,0.5783445407769963,0.4683590700718944,-0.10450103793629749,0.3933346244448601,-0.448962762220725,-0.4682696576094183,0.6686543367638248
MVH_MVHCS0722RNWF,2020,MVH,MVHCS0722RNWF,0722,,CS,2020,0.0,0.05167581809931963,-1.649957090557312,0.045039626755917134,0.43046026321263825,-0.03290284820609771,0.2547178336905272,0.07828407252411745,0.13052384861367142,-0.40247983840939744,0.26676857482703764
MVH_MVHCS0722RNWI,2020,MVH,MVHCS0722RNWI,0722,,CS,2020,0.0,0.05167581809931963,-1.649957090557312,0.045039626755917134,0.43046026321263825,-0.03290284820609771,0.2547178336905272,0.07828407252411745,0.13052384861367142,-0.40247983840939744,0.26676857482703764
MVH_MVHCS11169R,2020,MVH,MVHCS11169R,1116,,CS,2020,20.8,0.2375158895940715,2.2462241758756476,1.7161523139497632,-0.947534792489511,-0.5367809340230859,-1.362700645571888,1.6195786477008471,-0.7758416183954543,0.16438776769784305,-1.5389989857731616
MVH_MVHCS11169R,2021,MVH,MVHCS11169R,1116,,CS,2021,27.91,0.4533119979486287,2.303842302513301,-0.9250210769461114,-2.2440294383317343,0.5997866648000861,-2.101676926847621,1.3093066014215968,0.6192286966484681,-0.5779856265580559,1.1559782066997997
MVH_MVHCS11169R,2022,MVH,MVHCS11169R,1116,,CS,2022,31.73,0.5071319257163737,3.807418255938753,-1.0451930534639815,-2.102902973728604,1.3276297600790934,-2.1460440258042133,0.8816097055277688,1.4658853943392849,0.6435913888545924,0.33355417951960725
MVH_MVHCS11169R,2023,MVH,MVHCS11169R,1116,,CS,2023,17.88,0.3724246426178944,2.303840391472684,-3.655634854588665,-0.7495426381904692,0.2573205144252136,-1.9294826157335472,0.9852822486334903,0.9986949882494816,0.9535027991951296,-0.2709146098384739
MVH_MVHCS11338SOEN,2020,MVH,MVHCS11338SOEN,1133,,CS,2020,7.75,0.15763372534771147,1.8149516350686488,1.8880408068033272,2.1655793700928596,1.067772419812793,-0.6676496358969899,-0.5559381726677285,0.8648823704359664,0.7143634985901596,-1.5092262531518745
MVH_MVHCS11338SOEN,2021,MVH,MVHCS11338SOEN,1133,,CS,2021,15.27,0.21184807348731743,1.120657135504364,1.3723925407103963,-0.10298956748696757,1.0351244160743016,-1.324783919233361,0.2506813426372223,0.9876755482724855,-1.2040738901617827,0.7208276894544704
MVH_MVHCS11338SOEN,2022,MVH,MVHCS11338SOEN,1133,,CS,2022,12.24,0.2838017125222397,2.8189636929657156,1.1726801941780591,0.8083617043740841,3.0101656538290187,-1.2813053022311944,-0.4823988285523708,1.8692641970417117,0.13194068481403487,0.14921280853584157
MVH_MVHCS11338SOEN,2023,MVH,MVHCS11338SOEN,1133,,CS,2023,8.38,0.127096583930961,0.4229090775486094,-1.611207075148813,0.9913735275001858,1.4460690952246706,-1.1406897193419903,0.8267357062067752,0.2990552002207099,-0.08322789722066253,-0.6647333559375185
MVH_MVHCS11338SOES,2020,MVH,MVHCS11338SOES,1133,,CS,2020,9.17,0.15379000466553566,1.5849646602071585,2.2026775296649532,0.33171078742611143,0.5854789401854714,-0.9904313772277424,0.8532960856824812,-0.13426829131744436,0.23617107427099807,-1.3994357141693037
MVH_MVHCS11338SOES,2021,MVH,MVHCS11338SOES,1133,,CS,2021,10.76,0.22051398006548914,0.6631996927280397,0.61130411813458,-0.46417457241630145,1.369694953898018,-1.3801611602994739,0.8185617854441213,0.4097504895608573,-0.8874071784196337,0.7647874281874658
MVH_MVHCS11338SOES,2022,MVH,MVHCS11338SOES,1133,,CS,2022,13.5,0.23467220175509068,2.2746999742207206,0.9795356158734616,0.8341712624254494,2.4172191473728533,-1.193710010829643,-0.2587349992861625,1.46671324225324,-0.15635769465756125,-0.1559973464734436
MVH_MVHCS11338SOES,2023,MVH,MVHCS11338SOES,1133,,CS,2023,6.34,0.10358433792948335,0.31645676798880656,-1.731907611242692,0.7168654576062818,0.7866379069214366,-1.1938022969219293,0.9552140072039508,0.19808868040726046,0.04679683268208778,-0.7416435446918876
MVH_MVHCS11338SON,2020,MVH,MVHCS11338SON,1133,,CS,2020,11.31,0.2197885152372438,2.0172634848811097,2.8357674946196085,0.4754329031465271,1.469307874935269,-1.0561259595241044,0.43586499600138995,0.3427452953674663,-0.024606713258319694,-0.8000753996765549
MVH_MVHCS11338SON,2021,MVH,MVHCS11338SON,1133,,CS,2021,9.9,0.24883447808961529,0.8471028062073531,0.48159086550829233,-0.2862783066679818,2.191278004012137,-1.4441129960301113,0.7861582788791283,0.4383289796874387,-0.7493663071332795,0.9968625264659915
MVH_MVHCS11338SON,2022,MVH,MVHCS11338SON,1133,,CS,2022,6.46,0.13883768931828544,2.094486938406613,0.9495297421907061,1.0724742263680727,1.9185823721076276,-1.3071105413588329,0.16107746057144395,0.7849114763352546,-0.6322990502076152,-0.035117224838920755
MVH_MVHCS11338SON,2023,MVH,MVHCS11338SON,1133,,CS,2023,6.78,0.044332262867568174,0.4175317348223347,-1.2722957619190638,1.6582006116973322,0.8428452721250277,-1.107377795916574,0.8036345792214027,-0.06681525245037902,-0.8843664395080324,-0.84835579803676
MVH_MVHCS12169R,2020,MVH,MVHCS12169R,1216,,CS,2020,10.02,0.1877336738716762,1.7892104197967627,2.169987516790856,0.157861161835621,0.26983924923436703,-1.124165770976462,1.0347335188924562,-0.35227109128022,0.3389277646072699,-1.6671510425571994
MVH_MVHCS12169R,2021,MVH,MVHCS12169R,1216,,CS,2021,10.6,0.2262471173411492,-0.06390709148406035,-1.6736680658072771,0.5631782979389762,0.9608252325675873,-1.2567952196670242,0.7966917805923357,0.25833713771236716,-0.2920910104656652,-0.20837877248862885
MVH_MVHCS12169R,2022,MVH,MVHCS12169R,1216,,CS,2022,16.24,0.2371869238352018,2.261022593525358,1.9254502722911055,0.105592303033563,0.8955178373309763,-1.25565097602768,-0.5032831458668285,2.179294235512435,-0.1543012906526549,-0.6343225731563581
MVH_MVHCS12169R,2023,MVH,MVHCS12169R,1216,,CS,2023,8.66,0.19238893601208082,0.9839196987734374,-1.8653334729825448,0.5957521292807257,0.8403034133797258,-1.3828282341066085,0.7650332502079102,0.5900428548344602,0.2647058119097302,-0.8494877176374813
MVH_MVHCS12338R,2020,MVH,MVHCS12338R,1233,,CS,2020,10.98,0.16409866040474894,0.8102861107619866,0.7672052062126581,0.7902378596735861,-0.05471500308847682,-0.8421580241670468,0.8743881956116185,-0.0853893326522936,0.9437120299271117,-2.4600015421072374
MVH_MVHCS12338R,2021,MVH,MVHCS12338R,1233,,CS,2021,14.67,0.24191968642426764,-0.01876183060896536,-0.446983652872474,-0.12403387695381295,0.14890204721788494,-1.164757377652564,0.3583417936633401,1.2591956239806923,0.03413884372355965,-0.5188579151914301
MVH_MVHCS12338R,2022,MVH,MVHCS12338R,1233,,CS,2022,19.68,0.26696959954058075,1.969198382305221,1.792600957850512,-1.2573636286762437,0.6784540560292761,-1.4910456215542562,0.1738289206757768,1.97655209006023,-0.07699647318603106,-0.2659841756521717
MVH_MVHCS12338R,2023,MVH,MVHCS12338R,1233,,CS,2023,13.14,0.27354205460983455,1.0934048071162152,-2.1589042549909343,0.16923665009746827,1.5426214039588926,-1.4356668923381009,0.7662824705601187,0.883508656192825,0.6968215460831998,-0.691517018448123
MVH_MVHCS12338RE,2020,MVH,MVHCS12338RE,1233,,CS,2020,14.02,0.17751025478235688,1.1058814168614977,0.8075589600038986,0.897651168617606,0.029704970905977485,-0.8606615105990135,0.839288510706219,-0.06710952906582009,0.9738883209302623,-2.4954084152432277
MVH_MVHCS12338RE,2021,MVH,MVHCS12338RE,1233,,CS,2021,14.13,0.2557110470413382,0.49788838769002514,-0.6997330316338055,-0.025932351538852337,0.0246010168336038,-1.2956975621217586,0.3385216028576464,1.3185167665780062,0.056713711683632186,-0.41067284876099286
MVH_MVHCS12338RE,2022,MVH,MVHCS12338RE,1233,,CS,2022,21.18,0.28400631862724285,2.7647941480969247,2.1801020569617484,-0.7544750548717367,0.8488043423634722,-1.51933230328464,-0.23262961390601863,2.2679775255065,-0.32583557854808637,-0.1775546217702176
MVH_MVHCS12338RE,2023,MVH,MVHCS12338RE,1233,,CS,2023,11.28,0.2516771522819898,0.8629073455460514,-2.435538116566255,0.09502496621863314,1.5506382221360981,-1.4671508384106113,0.9260210025969376,0.7230247691672944,0.726848009412993,-0.5433220363199359
MVH_MVHCS12338RM,2020,MVH,MVHCS12338RM,1233,,CS,2020,10.47,0.20445141989073506,2.4068241212807093,2.9050218548196107,1.617669518244692,1.7663535665281025,-0.841386585310661,-0.30035074649879223,0.8616721100252482,0.5271672708411069,-1.4745564617998923
MVH_MVHCS12338RM,2021,MVH,MVHCS12338RM,1233,,CS,2021,10.56,0.24859432166396778,0.4472104157976277,-1.2872717166257626,1.2251325967333033,2.024147732091025,-1.1768956695457318,0.4884008124192908,0.5834469124711215,-0.1505257487527454,-0.13253591372903273
MVH_MVHCS12338RM,2022,MVH,MVHCS12338RM,1233,,CS,2022,15.9,0.28857877883504174,3.106909344314672,3.6206091923253525,0.5458093022055969,2.1997403116649314,-1.2334717352243694,-1.2492759948888943,2.9436451480899706,-0.504823852332987,0.22232929005192306
MVH_MVHCS12338RM,2023,MVH,MVHCS12338RM,1233,,CS,2023,6.96,0.21854833270894347,0.3005904387107785,-2.068123775172987,0.8560729546760287,2.454922802590981,-1.251673624337164,0.8666084006832651,0.40955470235929153,0.3956355713011578,-0.30342884276257187
MVH_MVHCS12338RW,2020,MVH,MVHCS12338RW,1233,,CS,2020,12.09,0.1942837659439901,2.1482383249865746,2.469090921677089,0.9504273185498578,0.9566140592064788,-0.971870511912319,0.3769710496782363,0.2129837929561452,0.5213784223929439,-1.6592821937901223
MVH_MVHCS12338RW,2021,MVH,MVHCS12338RW,1233,,CS,2021,14.43,0.2634473043927942,0.40909379281299724,-1.576606852310821,0.6734952311657535,1.4398065790050751,-1.2910003560986458,0.6310642630944617,0.5845413614837174,-0.14154997422167206,-0.10370889517068188
MVH_MVHCS12338RW,2022,MVH,MVHCS12338RW,1233,,CS,2022,14.7,0.27815555792880536,3.0903038222891857,3.3584362120734035,-1.198489388089342,0.9261511066647894,-1.7037342964564426,-0.03725732561024748,2.0704549723864267,-0.8151528000748988,0.616545819080178
MVH_MVHCS12338RW,2023,MVH,MVHCS12338RW,1233,,CS,2023,9.1,0.20947916094517632,0.5811493657987153,-2.6725311298193546,1.0629835054442494,2.0870892280704743,-1.385845511816555,1.0551308969363238,-0.05933129776173001,-0.054010636910489754,-0.23187943940444963
ODM_ODM23TEMP,2023,ODM,ODM23TEMP,23,,CS,2023,0.0,1.0272559781640687,1.5104827426772072,-2.9067056995967726,-3.632237193349334,-3.6835314214720505,-0.06834390810715739,-1.4238154226699655,2.2482512937972325,2.858037389578406,-2.7289543462317623
ODM_ODMCS1906S,2022,ODM,ODMCS1906S,1906,,CS,2022,3.12,0.1715127222492478,-1.205857784219187,-0.35026879179315806,-0.09036066605679424,-0.509080280580988,0.1929994754815735,-0.08093400207374975,0.3672336894183206,-0.01221470663435816,-0.08502255431358012
ODM_ODMCS1906S,2023,ODM,ODMCS1906S,1906,,CS,2023,2.93,0.004681888660088442,-0.42392760386627465,-0.07689796777513072,0.7303352373416749,-1.014101914664203,0.27353112278080505,-0.05022120320527769,0.0891504609569318,-0.1645462505275461,-1.2454902089986795
ODM_ODMCS1906SE,2020,ODM,ODMCS1906SE,1906,,CS,2020,0.0,-8.383724218650608,-1.8879484848510861,-0.3478204421983756,-0.6755660250876419,-0.8326676791434453,0.16225005545006277,0.25323499768931584,0.1968643882722326,0.8670967090106835,-0.22708910325722806
ODM_ODMCS1906SE,2021,ODM,ODMCS1906SE,1906,,CS,2021,0.0,-5.611407896771405,-2.5302331034835306,0.34583728736343816,0.17834878501546214,-0.9878004568926362,0.13820269891143183,0.5934117256406176,-0.04213339162092556,0.8324703148295917,-0.08012160680085405
ODM_ODMCS1906SE,2022,ODM,ODMCS1906SE,1906,,CS,2022,0.0,-6.886705133412926,-2.3562757854214555,0.33895344332311317,-0.034388658588441166,-0.9947915946012165,0.2579918472903604,0.5298778762368064,-0.23159166542267062,1.1341273548355213,-0.0646975310215777
ODM_ODMCS1906SN,2020,ODM,ODMCS1906SN,1906,,CS,2020,0.0,-8.37263114674349,-1.8561118188435541,-0.3826704698702055,-0.7242776079878194,-0.8763972344702174,0.15893674939678615,0.23651244352210585,0.22076822574372032,0.9052926006240427,-0.2613057881285414
ODM_ODMCS1906SN,2021,ODM,ODMCS1906SN,1906,,CS,2021,0.0,-5.600314824864289,-2.498396437475999,0.31098725969160823,0.1296372021152847,-1.0315300122194082,0.13488939285815532,0.5766891714734077,-0.01822955414943784,0.8706662064429508,-0.11433829167216752
ODM_ODMCS1906SN,2022,ODM,ODMCS1906SN,1906,,CS,2022,0.0,-6.8756120615058105,-2.3244391194139236,0.30410341565128335,-0.08310024148861847,-1.0385211499279885,0.2546785412370838,0.5131553220695964,-0.2076878279511829,1.1723232464488804,-0.09891421589289116
ODM_ODMCS1906SW,2020,ODM,ODMCS1906SW,1906,,CS,2020,0.0,-8.383724218650608,-1.8879484848510861,-0.3478204421983756,-0.6755660250876419,-0.8326676791434453,0.16225005545006277,0.25323499768931584,0.1968643882722326,0.8670967090106835,-0.22708910325722806
ODM_ODMCS1906SW,2021,ODM,ODMCS1906SW,1906,,CS,2021,0.0,-5.611407896771405,-2.5302331034835306,0.34583728736343816,0.17834878501546214,-0.9878004568926362,0.13820269891143183,0.5934117256406176,-0.04213339162092556,0.8324703148295917,-0.08012160680085405
ODM_ODMCS1906SW,2022,ODM,ODMCS1906SW,1906,,CS,2022,0.0,-6.886705133412926,-2.3562757854214555,0.33895344332311317,-0.034388658588441166,-0.9947915946012165,0.2579918472903604,0.5298778762368064,-0.23159166542267062,1.1341273548355213,-0.0646975310215777
ODM_ODMCS19169SE,2020,ODM,ODMCS19169SE,1916,,CS,2020,0.0,-8.350340751658395,-1.8653126284341384,-0.39246524520726445,-0.7264454201273104,-0.9581429087605114,0.28632859708202685,0.061869718003698115,0.21093489622657588,0.9800458359403904,-0.10098097416000314
ODM_ODMCS19169SE,2021,ODM,ODMCS19169SE,1916,,CS,2021,0.0,-5.578024429779194,-2.5075972470665833,0.30119248435454926,0.12746938997579368,-1.1132756865097022,0.2622812405433959,0.40204644595499994,-0.02806288366658228,0.9454194417592985,0.04598652229637085
ODM_ODMCS19169SE,2022,ODM,ODMCS19169SE,1916,,CS,2022,0.0,-6.853321666420715,-2.333639929004508,0.2943086403142244,-0.08526805362810949,-1.1202668242182825,0.3820703889223243,0.3385125965511887,-0.21752115746832734,1.2470764817652282,0.061410598075647194
ODM_ODMCS19169SE,2023,ODM,ODMCS19169SE,1916,,CS,2023,1.22,-9.881693737870531,-1.416466927663709,-0.23804917655431446,-0.20541118522731613,-0.8974370426584332,0.39947832849929216,-0.4071443030908689,0.5765274901454058,-1.0908668808211486,-1.948107120541173
ODM_ODMCS19169SM,2020,ODM,ODMCS19169SM,1916,,CS,2020,0.0,-8.359769862779444,-1.8923737945405406,-0.3628427216862091,-0.6850405746621594,-0.9209727867327553,0.289144907227312,0.07608388904582664,0.1906166343758113,0.9475793280690351,-0.07189679201938673
ODM_ODMCS19169SM,2021,ODM,ODMCS19169SM,1916,,CS,2021,0.0,-5.587453540900242,-2.534658413172985,0.3308150078756045,0.1688742354409445,-1.0761055644819457,0.26509755068868096,0.41626061699712846,-0.04838114551734685,0.9129529338879433,0.07507070443698727
ODM_ODMCS19169SM,2022,ODM,ODMCS19169SM,1916,,CS,2022,0.0,-6.8627507775417635,-2.36070109511091,0.3239311638352797,-0.04386320816295882,-1.0830967021905262,0.3848866990676095,0.3527267675933173,-0.23783941931909192,1.214609973893873,0.09049478021626356
ODM_ODMCS19169SM,2023,ODM,ODMCS19169SM,1916,,CS,2023,0.99,-9.889959727504793,-1.4911052745516102,-0.18750115918424548,-0.18646787907677845,-0.8175901252710984,0.41249682254561887,-0.39801829155425666,0.5775064672533217,-1.1144565463429041,-1.9121705427387612
ODM_ODMCS19169SW,2023,ODM,ODMCS19169SW,1916,,CS,2023,0.58,-9.808095118315661,-1.178782533702402,-0.6022177191846614,-0.680524888934907,-0.6598449482271218,0.24187942158661643,-0.43274607234041074,0.9639454190925335,-0.7638124475405056,-1.6803495294248236
ODM_ODMCS19169SWN,2020,ODM,ODMCS19169SWN,1916,,CS,2020,0.0,0.09266466998955804,-1.1717563684573526,0.029409131754889926,0.4717136659906169,0.0006836148085017374,0.21080212688139627,-0.014940234082521911,0.23435298682439057,-0.35996647884710103,0.15380135417638566
ODM_ODMCS19169SWN,2021,ODM,ODMCS19169SWN,1916,,CS,2021,0.0,0.033307757118404946,-1.6953137805903553,0.529913180593076,0.8032741152462365,0.0829747928700577,0.4290279164107374,-0.011865607621598976,-0.04462023759281656,-0.5661792384228134,-0.10067616014987706
ODM_ODMCS19169SWN,2022,ODM,ODMCS19169SWN,1916,,CS,2022,0.0,0.033307757118404946,-1.6953137805903553,0.529913180593076,0.8032741152462365,0.0829747928700577,0.4290279164107374,-0.011865607621598976,-0.04462023759281656,-0.5661792384228134,-0.10067616014987706
ODM_ODMCS19169SWN,2023,ODM,ODMCS19169SWN,1916,,CS,2023,0.0,0.03087399302696465,-1.647753969176471,0.5084997901379895,0.8352069366651963,0.03369764440882786,0.4189307733396979,-0.0059980299714360264,-0.07142204688779537,-0.5785984898239962,-0.10789921811711377
ODM_ODMCS19169SWS,2020,ODM,ODMCS19169SWS,1916,,CS,2020,0.0,0.11485081380378977,-1.108083036442289,-0.04029092358876971,0.37429050019026194,-0.08677549584504257,0.2041755147748431,-0.048385342416941896,0.28216066176736604,-0.2835746956203828,0.08536798443375893
ODM_ODMCS19169SWS,2021,ODM,ODMCS19169SWS,1916,,CS,2021,0.0,0.055493900932636654,-1.6316404485752916,0.46021312524941643,0.7058509494458814,-0.00448431778348654,0.4224013043041842,-0.04531071595601899,0.0031874373501588533,-0.4897874551960952,-0.16910952989250383
ODM_ODMCS19169SWS,2022,ODM,ODMCS19169SWS,1916,,CS,2022,0.0,0.05143762744690285,-1.5523740962188175,0.4245241411576056,0.7590723184774814,-0.08661289855220294,0.4055727325191184,-0.035531419872414004,-0.04148224480813912,-0.5104862075313998,-0.18114795983789841
ODM_ODMCS19169SWS,2023,ODM,ODMCS19169SWS,1916,,CS,2023,0.0,0.042191415928862726,-1.3818069131621107,0.3451304252956052,0.8737964938788709,-0.299400355941162,0.3616068339357433,-0.02570572000935947,-0.12134238287289574,-0.6361782723542636,-0.17752790634980134
ODM_ODMCS19412HRE,2020,ODM,ODMCS19412HRE,1941,,CS,2020,0.0,-8.37626615519793,-1.8952203503093403,-0.34532116458946904,-0.6827764009746002,-0.8228507093210918,0.15689897017859822,0.24445959379183255,0.19455766449915277,0.8601835425086972,-0.2358412254630183
ODM_ODMCS19412HRE,2021,ODM,ODMCS19412HRE,1941,,CS,2021,0.0,-5.603949833318729,-2.537504968941785,0.3483365649723446,0.17113840912850375,-0.9779834870702825,0.1328516136399674,0.5846363217431344,-0.04444011539400539,0.8255571483276055,-0.0888737290066443
ODM_ODMCS19412HRE,2022,ODM,ODMCS19412HRE,1941,,CS,2022,0.66,-6.87443690400751,-2.3862438051097166,0.35309395880187916,-0.08404971510563664,-0.9424671492231012,0.2571684089319958,0.5160596483524327,-0.20528440900268746,1.1433190041082084,-0.06893150758394449
ODM_ODMCS19412HRE,2023,ODM,ODMCS19412HRE,1941,,CS,2023,0.0,-9.789523418521494,-2.1381289695295043,-0.3938344021741915,-0.5732369461282932,-0.5614785747156807,0.22190231651067976,-0.20285143839107594,0.4984161875087493,-1.193625283733528,-1.1006754123621247
ODM_ODMCS19412HRW,2020,ODM,ODMCS19412HRW,1941,,CS,2020,0.0,-8.370164965649018,-1.8777101840051977,-0.36448867980897537,-0.7095677715696979,-0.8469019647508162,0.1550766518492962,0.23526218899986714,0.20770477510847105,0.8811912828960448,-0.25466040214224067
ODM_ODMCS19412HRW,2021,ODM,ODMCS19412HRW,1941,,CS,2021,0.0,-5.597848643769815,-2.519994802637642,0.32916904975283834,0.14434703853340625,-1.0020347425000071,0.13102929531066526,0.5754389169511689,-0.03129300478468711,0.8465648887149528,-0.1076929056858668
ODM_ODMCS19412HRW,2022,ODM,ODMCS19412HRW,1941,,CS,2022,0.77,-6.86753402013314,-2.3725163311772417,0.33586664989401593,-0.11791619913910682,-0.9594338253935323,0.25610069842154365,0.5060217728959856,-0.1873683016945254,1.1670108804580017,-0.08699765998926294
ODM_ODMCS19412HRW,2023,ODM,ODMCS19412HRW,1941,,CS,2023,0.0,-9.783582168771114,-2.0882767665637147,-0.4317222057347726,-0.589754624644652,-0.60745754408061,0.21225617335913785,-0.20798641201793103,0.5011956233174015,-1.1666160601841253,-1.1219845542480011
ODM_ODMCS19412RE,2020,ODM,ODMCS19412RE,1941,,CS,2020,0.0,-8.49626420701233,-1.8860987120218975,-0.3268730234756002,-0.27044897291829084,-1.4491370674398993,1.162264679584549,-0.5709379911291733,0.09061299144828386,1.3809145058685004,1.2219291127922667
ODM_ODMCS19412RE,2021,ODM,ODMCS19412RE,1941,,CS,2021,0.0,-5.723947885133129,-2.528383330654342,0.36678470608621355,0.583465837184813,-1.6042698451890898,1.138217323045918,-0.23076126317787146,-0.1483847884448745,1.3462881116874088,1.36889660924864
ODM_ODMCS19412RE,2022,ODM,ODMCS19412RE,1941,,CS,2022,0.0,-6.99531107548765,-1.5243155764754641,2.7979645560283024,-2.03470536043934,-2.144487747978992,0.6644798390131608,0.7327950913544287,-0.8960944887757524,0.3891464980479093,2.659720342158741
ODM_ODMCS19412RE,2023,ODM,ODMCS19412RE,1941,,CS,2023,0.33,-9.98720716104769,-1.564952366633674,-1.7149911700798235,0.766183874047326,0.29733643268897314,1.1941697795206496,-0.534099919896464,-0.5119018116468184,-0.7361672208632024,-0.18533794360192116
ODM_ODMCS19412RW,2020,ODM,ODMCS19412RW,1941,,CS,2020,0.0,-8.494045592630908,-1.879731378820391,-0.3338430290099662,-0.2801912894983263,-1.4578829785052536,1.1616020183738938,-0.5742825019626153,0.09539375894258142,1.3885536841911723,1.215085775818004
ODM_ODMCS19412RW,2021,ODM,ODMCS19412RW,1941,,CS,2021,0.0,-5.721729270751706,-2.5220159974528356,0.35981470055184755,0.5737235206047776,-1.613015756254444,1.1375546618352628,-0.23410577401131347,-0.14360402095057692,1.3539272900100805,1.3620532722743774
ODM_ODMCS19412RW,2022,ODM,ODMCS19412RW,1941,,CS,2022,0.0,-6.990772095534121,-1.2361541660625552,3.421463925760689,-2.3976337518039097,-2.1790085918504234,0.5676878800605313,0.759122012367938,-0.8680899979203074,0.17669392278973378,2.9340973159807846
ODM_ODMCS19412RW,2023,ODM,ODMCS19412RW,1941,,CS,2023,0.38,-9.978770528048335,-1.4975332290341012,-2.1284567091159707,0.929150898962704,0.592221771825585,1.152931026825654,-0.40991687385924713,-0.7777548453525462,-0.7785014008610619,-0.09445364917496242
ODM_ODMCS20338RPN,2020,ODM,ODMCS20338RPN,2033,,CS,2020,0.0,-9.094108638424268,-2.262291188955587,-0.07078275508263612,0.4239839921297934,-1.7603174390356504,-1.2076426521164874,-0.8280725986124648,0.1469194450436613,2.1597463551746165,2.00398490765578
ODM_ODMCS20338RPN,2021,ODM,ODMCS20338RPN,2033,,CS,2021,0.0,-6.321792316545067,-2.9045758075880315,0.6228749744791778,1.277898802232897,-1.915450216784841,-1.2316900086551181,-0.48789587066116313,-0.09207833484949703,2.1251199609935245,2.1509524041121537
ODM_ODMCS20338RPN,2022,ODM,ODMCS20338RPN,2033,,CS,2022,0.0,-7.593033279700854,-2.8098848418824307,0.6516801145306637,1.0119399895973935,-1.840312773724705,-1.0950722884911244,-0.5612090161485792,-0.2368669264929441,2.4474757533347598,2.178414909836824
ODM_ODMCS20338RPN,2023,ODM,ODMCS20338RPN,2033,,CS,2023,0.36,-10.618021304283081,-2.041631882110038,0.18711602622409523,0.827065068939097,-1.4518712054535021,-1.0379152542814658,-1.3110985927942858,0.6042239441195055,0.21630926782565693,0.1605937000395605
ODM_ODMCS20338RPS,2020,ODM,ODMCS20338RPS,2033,,CS,2020,0.0,-8.940424830690942,-2.1547110629856663,-0.2286539566544552,-0.07434306939945132,-1.5395123181788177,-1.8500589364530586,-0.4498910694354633,0.3076382069818427,1.9897072850325979,0.9355501185467586
ODM_ODMCS20338RPS,2021,ODM,ODMCS20338RPS,2033,,CS,2021,0.0,-6.1681085088117396,-2.79699568161811,0.46500377290735845,0.7795717407036525,-1.6946450959280082,-1.87410629299169,-0.10971434148416165,0.06864042708868452,1.9550808908515058,1.0825176150031321
ODM_ODMCS20338RPS,2022,ODM,ODMCS20338RPS,2033,,CS,2022,0.0,-7.439349471967526,-2.7023047159125095,0.4938089129588444,0.5136129280681497,-1.6195076528678722,-1.7374885728276954,-0.18302748697157792,-0.0761481645547626,2.277436683192741,1.1099801207278033
ODM_ODMCS20338RPS,2023,ODM,ODMCS20338RPS,2033,,CS,2023,2.97,-10.466408098771556,-1.6116196974323875,-0.1103020883216049,0.43761598024550813,-1.4900369603507548,-1.7499353263803925,-0.9020068006579686,0.6458156441434685,0.0023239115580816557,-0.9525737124683366
ODM_ODMCS20412R,2020,ODM,ODMCS20412R,2041,,CS,2020,0.0,-8.423197097158774,-1.890039366237061,-0.39640880707331727,-0.5405261492527783,-1.3218791664941867,0.6680374869991745,-0.27561906919286744,0.23693105660258518,1.2312982307618785,0.4845695004609211
ODM_ODMCS20412R,2021,ODM,ODMCS20412R,2041,,CS,2021,0.0,-5.650880775279572,-2.5323239848695054,0.29724892248849644,0.3133886608503256,-1.4770119442433776,0.6439901304605437,0.06455765875843433,-0.002066723290572983,1.1966718365807867,0.6315369969172949
ODM_ODMCS20412R,2022,ODM,ODMCS20412R,2041,,CS,2022,0.0,-6.92212173843536,-2.437633019163904,0.3260540625399823,0.04742984821482216,-1.4018745011832414,0.780607850624538,-0.008755486728981918,-0.14685531493402013,1.5190276289220215,0.6589995026419658
ODM_ODMCS20412R,2023,ODM,ODMCS20412R,2041,,CS,2023,0.58,-9.952807666640993,-1.5342660098931948,-0.19886978450855863,-0.05579683506333951,-1.1470952197771411,0.8089826712587784,-0.7427232717531628,0.6233681211911806,-0.7440283388657377,-1.3789848325091996
ODM_ODMCS23338RIP,2023,ODM,ODMCS23338RIP,2333,,CS,2023,0.0,-1.0025065245435638,-2.7207820506772507,0.1426861203946408,1.3712248663341735,-1.9690198946134616,-2.9131915471824006,0.23437348497333269,1.0762843768748662,1.0454304275349244,1.2957393382150753
ODM_ODMCS23412R,2023,ODM,ODMCS23412R,2341,,CS,2023,0.0,-1.0247518175455854,-2.7280141421894304,0.15841735332642448,1.4337617377896896,-2.005721000536671,-2.8293711187135675,0.1893682920688978,1.059143898464826,1.0737632257435326,1.432574907386996
ODM_ODMCS23412RIP,2023,ODM,ODMCS23412RIP,2341,,CS,2023,0.0,-1.004725138924987,-2.727149383878757,0.14965612592900673,1.3809671829142092,-1.9602739835481071,-2.9125288859717453,0.2377179958067747,1.0715036093805688,1.0377912492122525,1.302582675189338
ODM_ODMCS23412RN,2023,ODM,ODMCS23412RN,2341,,CS,2023,0.0,-10.721403762730812,-2.717914922762622,-0.266531790770118,0.10782478837045346,-0.8606653994230908,-4.454419353110656,-0.11978811462221894,1.4683857368651514,0.2812289904553844,-0.0713310181343387
ODM_ODMCS23412RS,2023,ODM,ODMCS23412RS,2341,,CS,2023,0.0,-10.682744407134514,-2.6069641417263734,-0.38798413720644487,-0.061935078036664946,-1.0130628997368918,-4.465966224706325,-0.1780662158949456,1.551690610453286,0.4143416727279412,-0.19057616491086565
ODM_ODMCS23412S,2023,ODM,ODMCS23412S,2341,,CS,2023,0.0,-10.326228898765072,-2.360957942042889,-0.5600433925891148,-0.2856462575177576,-1.269339209112188,-2.037055304059533,-0.9879818432832896,1.0994922372981368,0.1794574991716589,0.33101785462555156
ODM_ODMCS23412SO,2023,ODM,ODMCS23412SO,2341,,CS,2023,0.0,-10.388138734427871,-2.3727592430381352,-0.5211390118711904,-0.13267385469740686,-1.3408651410787489,-1.8663662380718238,-1.048078494044765,1.0620302437633349,0.23148264926762033,0.6215423735981773
ORT_ORTCS04,2020,ORT,ORTCS04,04,,CS,2020,35.76,0.42277727380148306,4.171445942751415,0.9758182820335751,-1.0140108348369956,-1.6934935554916788,-0.6017860827887909,0.43803508881579767,-0.7357274113052074,0.4205667283878666,-1.3083998612284249
ORT_ORTCS04,2021,ORT,ORTCS04,04,,CS,2021,29.0,0.6681958251137429,5.369749406139771,-3.360594326528856,-2.0624410738249273,-1.6252448300341207,-1.8527358140625076,0.28571406047622944,0.5888482939751501,-0.40264428667195434,1.8551711993036297
ORT_ORTCS04,2022,ORT,ORTCS04,04,,CS,2022,27.94,0.5237194745890436,4.993458103459818,-2.936485906622001,-1.2479066699251602,-1.6501269661307068,-1.4221771523409137,0.14390046713107973,0.5832083664277301,-0.028031384980956798,0.40487868681828026
ORT_ORTCS04,2023,ORT,ORTCS04,04,,CS,2023,19.3,0.39607631670521365,4.357648486892626,-4.151395460187077,0.08504412040049529,-2.8349105865496775,-1.2214958561198115,0.1001865193398941,0.18948424709059083,0.040545534088982614,-0.3301409447009216
ORT_ORTCS06GOE,2020,ORT,ORTCS06GOE,06,,CS,2020,14.12,0.25623811045213635,2.8081507101989227,1.718186872016792,-0.33372611608981423,-0.42973863157293535,1.7415992730428311,-0.2750419951488283,-1.4548002325172058,0.2713049211819109,0.3864744231350706
ORT_ORTCS06GOE,2021,ORT,ORTCS06GOE,06,,CS,2021,10.5,0.32509653670387473,1.262071470358905,-2.6243063979990864,0.41846991958608054,0.3416748884998483,1.5891286574497907,-0.5417199130751164,-0.9422246605805538,0.09004581219638169,1.6935485701701771
ORT_ORTCS06GOE,2022,ORT,ORTCS06GOE,06,,CS,2022,14.06,0.21545277878309776,3.321194714564831,1.1450061778054628,0.16068573554774815,-0.6170526771928416,1.6446671504110244,-1.5417569464702192,0.46710574692496276,-0.19257015535212696,0.8155610760115853
ORT_ORTCS06GOE,2023,ORT,ORTCS06GOE,06,,CS,2023,12.6,0.18642741135234975,1.6940281856050048,-2.1719125726979924,0.49285665955028723,-0.3576466893338717,1.6487717443680465,-0.5786719806399957,-0.7078706028070112,0.09819765071936047,0.6832690300030226
ORT_ORTCS06GOW,2020,ORT,ORTCS06GOW,06,,CS,2020,7.26,0.20737534875175917,2.266271339585801,1.9522449130804886,0.5000456610535264,0.22136843629549333,2.0279212985552832,-0.7561878427722991,-1.0919643410242361,0.49716253047753683,0.3205998709517868
ORT_ORTCS06GOW,2021,ORT,ORTCS06GOW,06,,CS,2021,6.47,0.21443887833208483,-0.034349141755218277,-1.5531991110400443,0.669045207220493,0.747985777295893,1.9773662297909298,-0.5749372528433425,-1.0338089885489297,-0.053951061127303836,1.5299301355239605
ORT_ORTCS06GOW,2022,ORT,ORTCS06GOW,06,,CS,2022,7.52,0.1547158815075075,2.7024175626266245,1.912727491771865,1.605695361829911,0.7173386433440465,2.169708359581118,-2.50314357854086,1.0844673387686834,0.18143427847109733,0.6131334059379108
ORT_ORTCS06GOW,2023,ORT,ORTCS06GOW,06,,CS,2023,6.72,0.08979410868678848,0.9937156477358856,-1.217138682113774,1.1488849096915537,0.08876612080423116,1.9681542982098392,-0.7033301867830101,-0.8374643880536009,-0.16654050564500048,0.5052505380938274
ORT_ORTCS07GO,2020,ORT,ORTCS07GO,07,,CS,2020,17.23,0.3346502856092465,3.47238190461509,1.6365496218481692,-0.5600700889879234,-0.6870114679830682,1.032684775295815,0.27044830230798056,-1.6815808904461746,-0.03591854600548832,-0.7681072862190579
ORT_ORTCS07GO,2021,ORT,ORTCS07GO,07,,CS,2021,18.47,0.48354957544425864,2.053440272755735,-3.2174868234809235,0.014114815831478522,0.19604154288556586,0.7528031281098826,-0.21663009509824327,-0.7555441278299703,-0.38092912122956785,1.0336676077517097
ORT_ORTCS07GO,2022,ORT,ORTCS07GO,07,,CS,2022,20.66,0.4371410158702105,3.511642136885836,0.10501270778848452,-0.9873464295007655,-0.5239131176958701,0.7793993003802465,-0.9898691576795717,0.7756963887265756,0.054794601292308426,0.3928608722640695
ORT_ORTCS07GO,2023,ORT,ORTCS07GO,07,,CS,2023,17.46,0.3893846504799322,2.3630022800050248,-2.7778685090629907,-0.2638840192950956,-0.48976580735418074,0.7775711770310504,-0.2683611112911696,-0.32002450019857975,0.09593088658587934,0.23922569708752187
ORT_ORTCS07GON,2020,ORT,ORTCS07GON,07,,CS,2020,5.88,0.18494077638993353,3.030899480852305,2.5634185388231643,2.089980451507236,1.2536320819433664,2.25033343061227,-2.023686987942438,-0.014980725269328707,0.710507746815687,0.14001913957258835
ORT_ORTCS07GON,2021,ORT,ORTCS07GON,07,,CS,2021,5.65,0.21356823344332834,0.550463449527143,-1.144041564888796,1.5497631675470571,1.2820897419803796,1.9985172889981675,-0.9409789885557805,-0.8121421545053888,-0.2289618571188362,1.5065477147743938
ORT_ORTCS07GON,2022,ORT,ORTCS07GON,07,,CS,2022,6.8,0.18939661529642923,3.1720180113537997,2.646782834003673,3.4823094411616924,2.0535027508590584,2.504904445340113,-4.1841636600629855,2.3809705837697837,0.47176094782087913,0.8293335597170364
ORT_ORTCS07GON,2023,ORT,ORTCS07GON,07,,CS,2023,5.34,0.08811907632967869,0.59033606894848,-0.9796921373921671,1.3311982044894621,0.45072540180759557,2.0135675299998113,-0.7922872440617641,-0.780294936903819,-0.15357460972527973,0.7726482502504193
ORT_ORTCS09GOR,2020,ORT,ORTCS09GOR,09,,CS,2020,20.97,0.28019015916060536,3.2706723415319323,1.443656733786285,-0.5309748770520065,-1.0866372598668113,1.4539283911153884,-0.31989054547128143,-1.3322059027259416,0.19328579365750967,0.34623804142457
ORT_ORTCS09GOR,2021,ORT,ORTCS09GOR,09,,CS,2021,15.24,0.3897129000815019,2.5499280464111993,-3.635143811727647,0.35136964906533064,-0.7176336266435546,1.051423541880106,-0.6126310256208999,-0.763365418947287,0.10361274525539046,1.809836587030286
ORT_ORTCS09GOR,2022,ORT,ORTCS09GOR,09,,CS,2022,19.6,0.28404748815816344,4.031177854006748,0.1190238875830077,-0.012594556916251765,-1.825805764023547,1.1723629883278632,-1.569818920404229,0.5695029366831107,-0.39181254483069644,1.0819258606371671
ORT_ORTCS09GOR,2023,ORT,ORTCS09GOR,09,,CS,2023,13.22,0.25435658618649515,2.5738449756569226,-2.8447982786282426,0.40817003678881225,-1.4060125642721863,1.204438984349679,-0.7289628198248571,-0.4702859102456695,0.1189160934681211,0.9340293624358824
ORT_ORTCS10338P,2020,ORT,ORTCS10338P,1033,,CS,2020,0.0,0.15632129689301869,0.28057687345027854,-0.541756361893675,0.7675247365535827,-1.036274195226663,-0.02028514228206857,-0.10569013860620853,0.027737177039610005,-0.30672406044170464,-0.27458526969469804
ORT_ORTCS10338PF,2020,ORT,ORTCS10338PF,1033,,CS,2020,0.0,0.10833044801782618,-1.2585594146030092,0.7143321196285113,0.5392236492717947,-0.038461289586577935,0.39654554832273287,0.5511154990461185,-0.840501371835109,0.5250378850115804,-0.6054165725501777
ORT_ORTCS10338PI,2020,ORT,ORTCS10338PI,1033,,CS,2020,0.0,0.10833044801782618,-1.2585594146030092,0.7143321196285113,0.5392236492717947,-0.038461289586577935,0.39654554832273287,0.5511154990461185,-0.840501371835109,0.5250378850115804,-0.6054165725501777
ORT_ORTCS1906S,2020,ORT,ORTCS1906S,1906,,CS,2020,0.0,0.09193567176580848,-1.9320889712029496,-0.4906759800424413,-0.1159313045641911,-1.8412518428542153,1.627820357674803,-1.100454500676722,0.06143005134405285,0.18546940310223778,0.9335897772949525
ORT_ORTCS1906S,2021,ORT,ORTCS1906S,1906,,CS,2021,0.0,0.03257875889465536,-2.4556463833359534,0.009828068795744849,0.21562914469142838,-1.7589606647926592,1.846046147204144,-1.097379874215799,-0.21754317307315424,-0.02074335647347466,0.6791122629686898
ORT_ORTCS1906S,2022,ORT,ORTCS1906S,1906,,CS,2022,3.12,0.07469466045724321,-1.049397010370982,-0.07203872772921313,0.9151271212990494,-1.856577718482926,1.699479454631055,-1.327916229888385,-0.20041569240453005,-0.11923844406788554,0.5086749930207967
ORT_ORTCS1906S,2023,ORT,ORTCS1906S,1906,,CS,2023,1.28,-0.09167059243983702,-0.724244049099935,-0.42148524934368936,0.9313329617026856,-2.9616352729564817,1.5707580632790055,-1.0894963899412349,-0.3238620609108886,-0.5423233216618482,-0.11202924726889907
ORT_ORTCS19169S,2020,ORT,ORTCS19169S,1916,,CS,2020,0.0,0.22355163406048334,-2.0010646582538607,-0.47090948144684885,-0.44706261160340244,-1.2846671781903307,0.8376430527202243,-0.5319272606875899,0.1130067452733887,-0.27041061313715165,-0.20321604093002993
ORT_ORTCS19169S,2021,ORT,ORTCS19169S,1916,,CS,2021,0.0,0.16419472118933023,-2.5246220703868643,0.029594567391337166,-0.11550216234778292,-1.2023760001287749,1.0558688422495655,-0.528852634226667,-0.16596647914381854,-0.4766233727128641,-0.45769355525629246
ORT_ORTCS19169S,2022,ORT,ORTCS19169S,1916,,CS,2022,8.46,0.28628493549666495,-0.7142692846751043,0.17657205594467706,0.54866884165122,-0.6338427256067524,0.9335598887595669,-1.0160027334743518,0.29062422932618737,-0.4361942829285131,-0.6531780033384338
ORT_ORTCS19169S,2023,ORT,ORTCS19169S,1916,,CS,2023,4.4,0.1178659754131556,-0.5605214443227664,-0.7016442071507447,0.07236788044347672,-1.9941107696816667,0.6833218845167774,-0.4993522814630716,0.052869484918909714,-0.30951975131424153,-1.161538506877182
ORT_ORTCS20169SO,2020,ORT,ORTCS20169SO,2016,,CS,2020,0.0,-0.06843929595170092,-1.9196960255560056,-0.47804519438268767,0.1856614020538741,-2.217716683424955,2.0118414387971506,-1.2735197895384736,0.08786280986760717,0.43148079523768157,1.5708636185981504
ORT_ORTCS20169SO,2021,ORT,ORTCS20169SO,2016,,CS,2021,0.0,-0.12779620882285406,-2.4432534376890094,0.022458854455498355,0.5172218513094939,-2.1354255053633993,2.23006722832649,-1.2704451630775506,-0.19111041454960004,0.2252680356619693,1.316386104271888
ORT_ORTCS20169SO,2022,ORT,ORTCS20169SO,2016,,CS,2022,0.0,-0.12779620882285406,-2.4432534376890094,0.022458854455498355,0.5172218513094939,-2.1354255053633993,2.23006722832649,-1.2704451630775506,-0.19111041454960004,0.2252680356619693,1.316386104271888
ORT_ORTCS20169SO,2023,ORT,ORTCS20169SO,2016,,CS,2023,8.6,-0.1814612235200034,-1.6448577564570699,0.04662725976464202,0.645218777597915,-2.302341568651469,2.199125878473637,-1.2780188385758375,-0.0827500996287114,0.3229590603476843,0.5605781947998058
ORT_ORTCS20412RM,2020,ORT,ORTCS20412RM,2041,,CS,2020,0.0,-0.05386306243794025,-1.9577116267029433,-0.44603484566571483,0.16392118841979803,-2.0772501614402183,1.8646605672437078,-1.1494711802083262,0.07846134041080073,0.3142543885176209,1.3835830072033506
ORT_ORTCS20412RM,2021,ORT,ORTCS20412RM,2041,,CS,2021,0.0,-0.11321997530909333,-2.481269038835947,0.0544692031724712,0.49548163767541775,-1.9949589833786618,2.0828863567730487,-1.1463965537474032,-0.20051188400640635,0.10804162894190841,1.129105492877088
ORT_ORTCS20412RM,2022,ORT,ORTCS20412RM,2041,,CS,2022,0.0,-0.11321997530909333,-2.481269038835947,0.0544692031724712,0.49548163767541775,-1.9949589833786618,2.0828863567730487,-1.1463965537474032,-0.20051188400640635,0.10804162894190841,1.129105492877088
ORT_ORTCS20412RM,2023,ORT,ORTCS20412RM,2041,,CS,2023,2.76,-0.21861785234102166,-1.6959800034927064,0.19365305818178674,0.837634160645357,-2.178730277401882,2.104751445459733,-1.1613591226213058,-0.10741609882237681,0.17694379227034668,0.1496391399569925
ORT_ORTCS20412RN,2020,ORT,ORTCS20412RN,2041,,CS,2020,0.0,-0.04791711292353664,-1.8607981934420716,-0.5425177455755729,0.09554497368854599,-2.2986163607794836,2.0057118225985886,-1.304456514747812,0.13208490918985952,0.502143194722396,1.5075627515862209
ORT_ORTCS20412RN,2021,ORT,ORTCS20412RN,2041,,CS,2021,0.0,-0.1072740257946897,-2.3843556055750756,-0.04201369673738684,0.4271054229441656,-2.2163251827179273,2.223937612127928,-1.3013818882868893,-0.14688831522734772,0.29593043514668366,1.2530852372599584
ORT_ORTCS20412RN,2022,ORT,ORTCS20412RN,2041,,CS,2022,0.0,-0.1072740257946897,-2.3843556055750756,-0.04201369673738684,0.4271054229441656,-2.2163251827179273,2.223937612127928,-1.3013818882868893,-0.14688831522734772,0.29593043514668366,1.2530852372599584
ORT_ORTCS20412RN,2023,ORT,ORTCS20412RN,2041,,CS,2023,2.72,-0.2186422109159023,-1.4867181524339834,0.04650005097552348,0.8463406310813892,-2.5176527004570928,2.2219682974723027,-1.3023478169475695,-0.11806426568269653,0.3348782957648059,0.25649125540761814
ORT_ORTCS20412RS,2020,ORT,ORTCS20412RS,2041,,CS,2020,0.0,-0.0723218711191915,-1.9308388586586418,-0.4658476846975472,0.20271045606893626,-2.202411339060585,2.013001095915797,-1.26766689557995,0.07949646675258644,0.4181122331730059,1.5828394583031102
ORT_ORTCS20412RS,2021,ORT,ORTCS20412RS,2041,,CS,2021,0.0,-0.13167878399034458,-2.4543962707916456,0.0346563641406388,0.534270905324556,-2.120120160999029,2.2312268854451367,-1.2645922691190272,-0.1994767576646207,0.21189947359729366,1.3283619439768477
ORT_ORTCS20412RS,2022,ORT,ORTCS20412RS,2041,,CS,2022,0.0,-0.13167878399034458,-2.4543962707916456,0.0346563641406388,0.534270905324556,-2.120120160999029,2.2312268854451367,-1.2645922691190272,-0.1994767576646207,0.21189947359729366,1.3283619439768477
ORT_ORTCS20412RS,2023,ORT,ORTCS20412RS,2041,,CS,2023,4.46,-0.2279318584174416,-1.6641539447617277,0.17527403851099205,0.8096578612903766,-2.2601053674481384,2.2512912375405416,-1.2847204932134908,-0.06841404195237012,0.3057247362952835,0.350902494969861
ORT_ORTCS23169S,2023,ORT,ORTCS23169S,2316,,CS,2023,0.0,0.024375599453732185,-2.0792656784632295,-0.5340734776644477,-0.0031149613226183247,-2.4250418932093667,1.789603758633821,-1.4597126102586653,0.29960038684407597,0.4772311105270895,1.2691246949730688
ORT_ORTCS23338SM,2023,ORT,ORTCS23338SM,2333,,CS,2023,0.0,0.021755874918105555,-2.0724460791333494,-0.538808119236084,-0.0043809316691569055,-2.4343233336532206,1.7919479706642254,-1.4569971637266448,0.30314413247776467,0.4845072829394185,1.2700790875888326
ORT_ORTCS23338SN,2023,ORT,ORTCS23338SN,2333,,CS,2023,0.0,0.01898260694132659,-2.0804052456352324,-0.5300956123181265,0.007796964055887433,-2.4233909448215276,1.7927762971775445,-1.4528165251848424,0.29716817310989274,0.4749583100360788,1.278633258806661
ORT_ORTCS23338SS,2023,ORT,ORTCS23338SS,2333,,CS,2023,0.0,0.01676399255990341,-2.086772578836739,-0.5231256067837605,0.01753928063592303,-2.414645033756173,1.7934389583881998,-1.4494720143514004,0.2923874056155952,0.46731913171340705,1.2854765957809235
ORT_ORTCS23412S,2023,ORT,ORTCS23412S,2341,,CS,2023,0.0,0.03811267100015521,-2.1243866285964335,-0.494850163026079,-0.018684004256318977,-2.2696245849990806,1.6342719296795,-1.3258094568011713,0.2859900087471122,0.3472673082238055,1.0760607170647754
RMM_RMMCS20338SOM,2020,RMM,RMMCS20338SOM,2033,,CS,2020,0.0,9.248347078472305,-2.5709378166242787,1.2963758045395481,0.9550180885141407,-3.2233166711407697,0.6542061543071277,1.0833022393222769,-2.291449497548142,6.705234537733961,2.673318195050945
RMM_RMMCS20338SOM,2021,RMM,RMMCS20338SOM,2033,,CS,2021,0.0,7.776900046421712,-3.252834941055219,0.24826837946134458,0.7720294179552737,-1.7427328957699535,0.14961371576354032,-0.4828004094921541,0.39903524529854867,-1.1637733179587777,0.19940517227515994
RMM_RMMCS20338SOM,2022,RMM,RMMCS20338SOM,2033,,CS,2022,0.0,5.073579924031612,-3.0276042844870905,0.18101608126768287,0.1846909135032404,-1.4320067195228618,0.36719370952996205,-0.7240281628881229,0.2885219654633764,-1.016798145825781,-0.3406519658189908
RMM_RMMCS20338SOM,2023,RMM,RMMCS20338SOM,2033,,CS,2023,9.46,6.011100727009579,-1.3948946816640355,0.19872955883060922,1.1349039994308165,-1.5456080803352463,0.25106922166457646,-0.7671715744287321,0.3077380009768614,-0.6465995133300608,-1.8676761565914426
RMM_RMMCS20338SON,2020,RMM,RMMCS20338SON,2033,,CS,2020,0.0,9.240027274541967,-2.5948153161299277,1.3225133252934205,0.9915517756892739,-3.1905195046456907,0.6566911338470852,1.0958441549476845,-2.3093773756517577,6.676587619023942,2.6989807087044295
RMM_RMMCS20338SON,2021,RMM,RMMCS20338SON,2033,,CS,2021,0.0,7.7685802424913755,-3.276712440560868,0.274405900215217,0.8085631051304067,-1.7099357292748745,0.15209869530349784,-0.4702584938667467,0.3811073671949329,-1.192420236668797,0.22506768592864482
RMM_RMMCS20338SON,2022,RMM,RMMCS20338SON,2033,,CS,2022,0.0,5.065260120101274,-3.0514817839927395,0.2071536020215553,0.22122460067837338,-1.3992095530277828,0.3696786890699196,-0.7114862472627155,0.2705940873597606,-1.0454450645358007,-0.3149894521655058
RMM_RMMCS20338SON,2023,RMM,RMMCS20338SON,2033,,CS,2023,7.82,5.9551491603293645,-2.3538336232052677,0.15712550814967002,0.7160646135674588,-1.7227155706509798,0.3161915114201853,-0.5140158920713924,0.12231044448846233,-0.6532824996390886,-1.7363236627981464
RMM_RMMCS20338SOSE,2020,RMM,RMMCS20338SOSE,2033,,CS,2020,0.0,9.26182516083945,-2.532256267425127,1.2540330209182748,0.8958335152904254,-3.2764480808627976,0.6501804874523966,1.062984336009117,-2.2624063350202843,6.7516425460441924,2.631744922932299
RMM_RMMCS20338SOSE,2021,RMM,RMMCS20338SOSE,2033,,CS,2021,0.0,7.790378128788857,-3.214153391856068,0.20592559584007136,0.7128448447315581,-1.7958643054919818,0.14558804890880916,-0.5031183128053143,0.42807840782640644,-1.1173653096485465,0.15783190015651424
RMM_RMMCS20338SOSE,2022,RMM,RMMCS20338SOSE,2033,,CS,2022,0.0,5.087058006398757,-2.988922735287939,0.13867329764640973,0.12550634027952476,-1.48513812924489,0.3631680426752309,-0.7443460662012831,0.3175651279912341,-0.9703901375155494,-0.3822252379376366
RMM_RMMCS20338SOSE,2023,RMM,RMMCS20338SOSE,2033,,CS,2023,9.28,6.010237877009459,-1.2776368792794845,0.05325458623684978,1.12302228914141,-1.8370362796636845,0.2106370312148755,-0.7257156420795928,0.20505093143156422,-0.6439638703948476,-1.9311894400118554
RMM_RMMCS20338SOSW,2020,RMM,RMMCS20338SOSW,2033,,CS,2020,0.0,9.252007792201653,-2.560431716841793,1.2848752954078444,0.9389432661570821,-3.2377474243986044,0.6531127633095465,1.0777837964470978,-2.283561231182551,6.71783918196637,2.662026689043411
RMM_RMMCS20338SOSW,2021,RMM,RMMCS20338SOSW,2033,,CS,2021,0.0,7.78056076015106,-3.242328841272734,0.23676787032964078,0.7559545955982151,-1.7571636490277882,0.1485203247659591,-0.4883188523673334,0.40692351166413965,-1.1511686737263693,0.18811366626762657
RMM_RMMCS20338SOSW,2022,RMM,RMMCS20338SOSW,2033,,CS,2022,0.0,5.077240637760959,-3.017098184704605,0.16951557213597906,0.1686160911461818,-1.4464374727806966,0.36610031853238084,-0.7295466057633022,0.2964102318289673,-1.0041935015933725,-0.3519434718265242
RMM_RMMCS20338SOSW,2023,RMM,RMMCS20338SOSW,2033,,CS,2023,8.62,5.997169005454713,-1.4515885343276742,0.11963587018227069,1.1217348483054714,-1.7371043260473127,0.2373498905673572,-0.708014250633977,0.20578456883311347,-0.6665368045491766,-1.878139496965438
RMM_RMMCS21338S,2021,RMM,RMMCS21338S,2133,,CS,2021,0.0,7.843064443416038,-2.731001538414711,-0.30568791694387565,0.3833448275785771,-1.9867191784829175,-0.0881446907249897,-0.5574200373120369,0.7713142237336499,-0.8686483734110138,0.4141292307358288
RMM_RMMCS21338S,2022,RMM,RMMCS21338S,2133,,CS,2022,0.0,5.080387408154784,-3.029328293979586,0.12756383370064878,0.12756677238216316,-1.5937018241742695,0.3476610925707732,-0.7955731642470827,0.3818277194812705,-0.9278859608537294,-0.38040542168458463
RMM_RMMCS21338S,2023,RMM,RMMCS21338S,2133,,CS,2023,0.0,6.027598067917666,-3.1172653659721883,0.04928066904718467,0.4708515572992562,-1.7411199614187634,0.32205183432411455,-0.5915991865910865,0.13666544265628164,-0.6247308327130437,-1.04661131114834
RMM_TLFCS05M,2020,RMM,TLFCS05M,05,,CS,2020,12.68,2.461934044442643,3.0134644883142827,1.7701208957015686,0.24740502040142773,-1.539741496266871,1.7103244540937828,0.46587100325758457,-2.7641536197914007,2.094310068951982,0.4783727687086053
RMM_TLFCS05M,2021,RMM,TLFCS05M,05,,CS,2021,14.67,1.7300910172143946,1.2176898609941542,-2.5893386604057627,0.4316387866815904,-0.5036285344632246,1.404745837138023,-0.6138583598367747,-0.8619386766521016,-0.700759649959378,2.085345763085115
RMM_TLFCS05M,2022,RMM,TLFCS05M,05,,CS,2022,15.54,-0.4363831211916334,1.3233195430495939,0.49626466992006796,-2.391191291770639,-0.40120921383009617,1.61833184922926,-0.7452241798814423,0.10978676311490297,0.07900115944631407,1.5762068199615618
RMM_TLFCS05M,2023,RMM,TLFCS05M,05,,CS,2023,12.72,0.46707619576133036,0.9521779387273028,-2.348882168744309,-0.2478550113162376,0.29666059866578715,1.717813557635552,-0.6549595843710614,-0.6256387306758026,0.6390267059206582,0.36181130629536473
RMM_TLFCS05N,2020,RMM,TLFCS05N,05,,CS,2020,8.97,2.439658044101232,2.862579500925937,2.0315012716277066,1.2486933340149355,-0.5743345992825611,1.968045796864667,-0.40041539546618243,-1.9135853811326056,2.1907574783646857,0.593676369491633
RMM_TLFCS05N,2021,RMM,TLFCS05N,05,,CS,2021,9.64,1.643398570845418,0.6552791353389524,-1.9013259576428514,0.869540935176844,-0.24872667088463163,1.625966353196915,-0.6425239582703302,-0.9943522408681926,-0.7548328566003224,1.9649690909972426
RMM_TLFCS05N,2022,RMM,TLFCS05N,05,,CS,2022,10.54,-0.5481716238293416,0.7852174400009362,1.0862053810833083,-1.7442462490984412,-0.36042235484729707,1.7997183824041463,-0.7811907488329506,-0.18200140261349784,-0.4884343374409379,1.6091775355110134
RMM_TLFCS05N,2023,RMM,TLFCS05N,05,,CS,2023,8.66,0.38597975111955857,0.3656556313658079,-1.7563603290641858,0.3095400160021561,0.7703331542832804,1.947000901051069,-0.6735020791263189,-0.8474161626319552,0.36426430721008923,0.307232395833742
RMM_TLFCS05S,2020,RMM,TLFCS05S,05,,CS,2020,8.75,2.430650947494213,2.967262804967092,1.872408929080105,0.6700407303585518,-1.280500630281248,1.7705280273940012,0.20434235875209814,-2.537734609544906,1.9693031096654272,0.6156465786791386
RMM_TLFCS05S,2021,RMM,TLFCS05S,05,,CS,2021,9.03,1.649692793477094,1.5458741441824222,-0.5855902622797048,-0.20327797090612487,-0.7452511896566871,1.2330519151232484,-0.2880638746964093,-1.2774724350469664,-1.7192940909329844,2.7834446541782274
RMM_TLFCS05S,2022,RMM,TLFCS05S,05,,CS,2022,9.78,-0.5223237305848816,0.9856487263005154,0.04262052405373085,-1.433688069960379,0.3357920060060907,1.6733239227799843,-0.36442653493394056,-0.9867456878705396,-0.6162213110498738,1.817595070333527
RMM_TLFCS05S,2023,RMM,TLFCS05S,05,,CS,2023,8.92,0.3798132818241928,0.39859894698612625,-1.9330324150426554,0.3024184772524544,0.42380357381368694,1.9094627844191117,-0.6169340269037411,-1.0002251106250506,0.2094661299791118,0.2726934277818091
RMM_TLFCS06NN,2020,RMM,TLFCS06NN,06,,CS,2020,12.72,2.487819875501449,2.6004656534917756,2.0753999378913437,0.27207923509108495,-0.848227005978505,1.6550792980114557,0.33732723233477613,-2.3588558020471013,2.175385709375118,0.26514409512083503
RMM_TLFCS06NN,2021,RMM,TLFCS06NN,06,,CS,2021,13.91,1.7345312882754518,1.0360333266498774,-2.3977979660631217,0.44630554646248993,-0.09878050351083577,1.2748430398254174,-0.48511917464888765,-0.8097171527429241,-0.4115417850684099,1.741310916212813
RMM_TLFCS06NN,2022,RMM,TLFCS06NN,06,,CS,2022,15.78,-0.4565523703973777,1.6192058525152746,0.8523221397761401,-2.3092342871508778,-0.6719963600691781,1.3028750232932882,-0.6262034978477219,0.04919430781181906,-0.5931996239537476,1.5732260475036906
RMM_TLFCS06NN,2023,RMM,TLFCS06NN,06,,CS,2023,12.66,0.47921812550486115,0.9765785983941869,-2.482785497779378,-0.07545558584650273,0.6862526522911182,1.4955746867981543,-0.5059657254146059,-0.6790154567457384,0.5015876555584982,0.2113038213460562
RMM_TLFCS06NS,2020,RMM,TLFCS06NS,06,,CS,2020,9.54,2.4669279550515877,2.4702562211667995,2.3533231945617836,0.5483380803741049,-0.44378366918747186,1.7347831040078143,0.13424987848651795,-2.166758293449246,2.114151005246755,0.4127853414928501
RMM_TLFCS06NS,2021,RMM,TLFCS06NS,06,,CS,2021,11.13,1.7111286504000893,0.5701833367120819,-1.888645197476802,0.7266191444652369,0.622222615961472,1.4803645900804443,-0.5851758596979265,-0.7627026103252988,-0.4428503154384146,1.7065068419917082
RMM_TLFCS06NS,2022,RMM,TLFCS06NS,06,,CS,2022,12.72,-0.49487132493521624,0.9428216443783489,1.3992574560341582,-2.192205998445536,-0.053415020026413976,1.526183952545319,-0.6758379635180894,0.06720440451237486,-0.4540144755649463,1.530211211089133
RMM_TLFCS06NS,2023,RMM,TLFCS06NS,06,,CS,2023,11.22,0.44800754467975035,0.398933749294479,-2.0338984847864663,0.07152756269558512,1.2529821520081397,1.6877833796341692,-0.5359232891180692,-0.6874596855315417,0.487866758262377,0.18127879831156865
RMM_TLFCS09169P,2020,RMM,TLFCS09169P,0916,,CS,2020,5.39,2.573061626507757,2.128556304445415,2.8813795127757342,0.9533961108984909,0.8850579791764648,0.9903391183794682,-0.16230946716048084,-1.1744110759305795,1.4954946387804289,-0.36407626933686155
RMM_TLFCS09169P,2021,RMM,TLFCS09169P,0916,,CS,2021,5.81,1.769397840053817,-0.3108269627909859,-1.35658548223527,1.0091290279988294,1.62927708825474,0.8163003287752618,-0.1571846012025175,-0.7829947971953469,-0.9660724705484512,0.47086251351964414
RMM_TLFCS09169P,2022,RMM,TLFCS09169P,0916,,CS,2022,6.6,-0.4818815102769603,1.8739461744710153,2.3647443212065755,0.242398687506622,1.1169262740121315,1.0467631137403364,-1.660159504123845,0.9535112324247653,-0.9379592279356936,-0.4558340797232704
RMM_TLFCS09169P,2023,RMM,TLFCS09169P,0916,,CS,2023,5.92,0.45962773440849064,0.5555173773807411,-1.2523375232618483,1.1282727659753218,1.5533720277349417,0.9359679641218276,-0.39189380138415575,-0.6323306305543348,-0.8400734413980111,-1.3144474189962763
RMM_TLFCS09169RE,2020,RMM,TLFCS09169RE,0916,,CS,2020,5.2,2.596215515147589,2.4235965505879653,3.066999596399132,2.2371876514022007,1.7054465976687145,1.2997856474010994,-1.2464763140724155,-0.3073824868172563,2.0236438735033966,-0.6410783377953855
RMM_TLFCS09169RE,2021,RMM,TLFCS09169RE,0916,,CS,2021,4.77,1.7644961660249838,-0.23637210049372331,-0.9359449621960149,1.134439758763007,1.6699896877961609,0.878682579410686,-0.33829506166896006,-0.5377246891149672,-0.9048627383546759,0.3979063871845281
RMM_TLFCS09169RE,2022,RMM,TLFCS09169RE,0916,,CS,2022,4.76,-0.49507211327434714,2.050193872007058,2.4793864727710067,1.3154935475760154,1.5768894182043363,1.2587142761981946,-2.3819751381831176,1.403996419534579,-0.7816410280269543,-0.6060794056376452
RMM_TLFCS09169RE,2023,RMM,TLFCS09169RE,0916,,CS,2023,5.26,0.429579377404952,0.40384273336826515,-0.916806816858359,1.3021038669044627,1.5041096083761891,1.0156934596375051,-0.4710886782500897,-0.6069363084276129,-0.9857431644611264,-1.3666675293672141
RMM_TLFCS09169RWZ,2020,RMM,TLFCS09169RWZ,0916,,CS,2020,6.85,2.56598694393777,2.507950530852879,2.738465802684437,1.6706008144980224,0.9546080335782795,1.145968792628031,-0.6300015596249172,-0.8393965419814161,1.925471016731188,-0.9736378091092326
RMM_TLFCS09169RWZ,2021,RMM,TLFCS09169RWZ,0916,,CS,2021,6.96,1.7777351413413154,-0.15021327902120143,-1.2806787052016162,0.7523922330328479,1.1473834111061658,0.7548172938166762,-0.2073533993114248,-0.5914372482218078,-0.9296030174641225,0.43238025824428533
RMM_TLFCS09169RWZ,2022,RMM,TLFCS09169RWZ,0916,,CS,2022,6.34,-0.452292161921498,2.716091483115391,2.296421055469475,0.8594460437734903,1.1653643858634168,1.012735259736742,-2.0918487812676765,1.2345151953432687,-0.8521648522527596,-0.5326140687765781
RMM_TLFCS09169RWZ,2023,RMM,TLFCS09169RWZ,0916,,CS,2023,7.04,0.42908467901833974,0.5147265350504303,-1.4971699792152573,1.0160115766942541,0.8676664687159055,0.8470105189770701,-0.2437962827258128,-0.8645503481840513,-1.1546951490642254,-1.274825185297637
RMM_TLFCS09338PN,2020,RMM,TLFCS09338PN,0933,,CS,2020,2.92,2.6599801242495142,4.0594388503938745,4.552023592689266,4.319480272808692,3.6850690979969447,1.5644751931450764,-2.8757534223794172,0.8995133882406217,2.2067061031212356,-0.432728083231818
RMM_TLFCS09338PN,2021,RMM,TLFCS09338PN,0933,,CS,2021,3.16,1.7573286084358821,0.029411518555989506,-0.8239099225492057,2.158769534159071,2.706001205756834,0.9772380782785823,-0.5552959757447641,-0.6256149453466516,-1.2092444555168869,0.5448354250826297
RMM_TLFCS09338PN,2022,RMM,TLFCS09338PN,0933,,CS,2022,2.32,-0.4518565173559036,3.358613658276231,4.019924127915677,3.9141094938067664,3.7643806873104473,1.7491676802277447,-4.607382730159897,3.1462825773064185,-0.37452021069640995,-0.5681943245646827
RMM_TLFCS09338PN,2023,RMM,TLFCS09338PN,0933,,CS,2023,2.02,0.3863974200230858,0.870221414055736,-0.47058441681018676,2.4662638998731468,2.4008041827086455,1.167650712965025,-0.801145867149578,-0.5251280211604932,-1.2067786467803456,-1.5528984793498337
RMM_TLFCS09338PS,2020,RMM,TLFCS09338PS,0933,,CS,2020,9.2,2.6088266277892695,2.1731342962076714,2.39576387751739,0.7295323463455444,0.36004933070353656,0.9778194297467829,0.046738638166279795,-1.414364292183101,1.8571665081006232,-0.8272703038584663
RMM_TLFCS09338PS,2021,RMM,TLFCS09338PS,0933,,CS,2021,10.22,1.8312011187842583,0.14402977223317323,-1.6067427733660544,0.3715825787708058,0.9778682745723984,0.6386852555972179,-0.17626361496515539,-0.4736974680920559,-0.7357308755621765,0.43602200245021655
RMM_TLFCS09338PS,2022,RMM,TLFCS09338PS,0933,,CS,2022,9.54,-0.4052822056655089,2.3395578834212474,1.0406855507737467,1.532472208924294,1.3937153544910035,1.2694146483788131,-2.883499383687616,1.9810759581619832,0.16947126256704464,-1.0158339352989818
RMM_TLFCS09338PS,2023,RMM,TLFCS09338PS,0933,,CS,2023,7.94,0.44331259238052767,0.9933615626174888,-1.1210397241684145,0.5214837472569077,0.17611022579795146,0.801187135449503,-0.43659452557818823,-0.2788821672955651,-0.7193899002190507,-1.7088339728454685
RMM_TLFCS09338PW,2020,RMM,TLFCS09338PW,0933,,CS,2020,6.3,2.5929704099275597,2.268325873795334,2.85540319796019,1.0105330146411258,0.8229194907348114,1.0146762658055957,-0.14992767600820572,-1.26158768660538,1.7058642035196052,-0.5848370688321083
RMM_TLFCS09338PW,2021,RMM,TLFCS09338PW,0933,,CS,2021,6.39,1.7849503891601108,-0.15402884120992263,-1.3995562355467546,0.8946124500126887,1.4745854321133243,0.7729119650578966,-0.1799108900851218,-0.6976843223221966,-0.9196174374000865,0.4546420549105173
RMM_TLFCS09338PW,2022,RMM,TLFCS09338PW,0933,,CS,2022,6.6,-0.44404771754508254,1.949662840766463,2.354928233695246,-0.17320100069206007,0.8844293650437156,0.9044421310257448,-1.4324671241355484,0.7654096566660503,-1.1010194200923615,-0.12437497587374186
RMM_TLFCS09338PW,2023,RMM,TLFCS09338PW,0933,,CS,2023,6.58,0.40019665092657597,0.3125820312336164,-1.5853610849994133,0.9022674386892678,1.0714669914097426,0.8958006518386671,-0.11105336361058071,-0.94564252104372,-0.9211705331499949,-1.493748829556591
RMM_TLFCS09338RE,2020,RMM,TLFCS09338RE,0933,,CS,2020,9.18,2.615903198070085,2.6037074498497645,3.020124551380394,0.5402354283176634,0.6486127973453986,0.8581033791016606,0.1931473747226087,-1.5709245813649113,1.5430192241347114,-0.4775332093878874
RMM_TLFCS09338RE,2021,RMM,TLFCS09338RE,0933,,CS,2021,8.62,1.8227802996010014,0.1866474396959025,-1.9855883871007376,0.7612534603403951,1.4906712010520424,0.6166030151670315,-0.05966402247853334,-0.7886790750135321,-0.8551415611486582,0.6048485975218023
RMM_TLFCS09338RE,2022,RMM,TLFCS09338RE,0933,,CS,2022,8.7,-0.4097761569804256,2.185754697303803,1.8213977853097203,0.058263405376218096,0.884860180202185,0.8982889103361745,-1.6654654436548983,1.0145989984748507,-0.8217196573046007,-0.24522286061680817
RMM_TLFCS09338RE,2023,RMM,TLFCS09338RE,0933,,CS,2023,9.96,0.5082720451644887,1.0206151901624763,-1.4459479440587995,0.8734878586089954,1.2938107084298802,0.8091758326573338,-0.4399308983562441,-0.44359376984670634,-0.7829708801017126,-1.3080381410253294
RMM_TLFCS09338RWZ,2020,RMM,TLFCS09338RWZ,0933,,CS,2020,13.36,2.594192588622567,2.555385830033016,2.347789175620984,0.5499572075572318,0.20905648987242945,0.8698922674740813,0.1187398849390064,-1.357768433970848,1.6680607209869274,-0.9022528951017958
RMM_TLFCS09338RWZ,2021,RMM,TLFCS09338RWZ,0933,,CS,2021,11.39,1.8589549387120188,0.6680258618775191,-2.206439388133852,0.25398262543707806,0.6632894372282082,0.4283595522164274,-0.06725641384256098,-0.5404682115672206,-0.6559832075188076,0.5776980727754737
RMM_TLFCS09338RWZ,2022,RMM,TLFCS09338RWZ,0933,,CS,2022,10.1,-0.4314701303446788,2.5619752033046015,1.1198743514761134,-0.4960042525852498,-0.17782207313475815,0.612299315739267,-1.0890179254870862,0.5715995231343748,-1.0696799655729714,-0.40974255728480874
RMM_TLFCS09338RWZ,2023,RMM,TLFCS09338RWZ,0933,,CS,2023,11.5,0.5203135670770335,1.3907928071377866,-1.7895290511148578,0.7121753184548916,0.652357430937865,0.6619280343181148,-0.3686293520288073,-0.5251745461664646,-0.8693375064867304,-1.3268232319022457
RMM_TLFCS09GOE,2020,RMM,TLFCS09GOE,09,,CS,2020,0.0,0.1664891123379687,-1.3204475973793572,-0.3156581596475214,-0.07370461980419829,-0.48550374583818934,0.2204251160391144,-0.09479436310650609,0.37792856644356954,-0.007152360211130589,-0.08737411359105553
RMM_TLFCS09GOW,2020,RMM,TLFCS09GOW,09,,CS,2020,0.0,0.189784563342912,-1.253590598763541,-0.38884321775836406,-0.17599894389457102,-0.5773358120244109,0.21346717332723356,-0.1299117268576471,0.42812662513369387,0.07305901217692354,-0.1592291518208135
RMM_TLFCS10338R,2020,RMM,TLFCS10338R,1033,,CS,2020,23.06,2.62162783449698,2.711790919671096,2.102668699213042,-0.7409220904308982,-1.0608319251984268,0.9033113731845742,0.6776663959584619,-2.168965945821793,1.7685819342510052,-0.08791391257889396
RMM_TLFCS10338R,2021,RMM,TLFCS10338R,1033,,CS,2021,25.54,1.9902548114973908,1.6887193849142517,-3.574250802343107,-0.6612195207768078,0.24076304863681908,0.36977021448378683,-0.3268143371721313,-0.126818294975099,0.10327860203485821,1.4928109730821437
RMM_TLFCS10338R,2022,RMM,TLFCS10338R,1033,,CS,2022,26.36,-0.21217625456337894,3.370894334868215,-0.05592779589333321,-2.8519080588000754,-0.6702600143375579,0.3625808103697394,-0.8663207458101253,1.0864339893692017,0.09311020144020958,0.8862276343528508
RMM_TLFCS10338R,2023,RMM,TLFCS10338R,1033,,CS,2023,20.26,0.6403258383297254,2.5310583300857004,-3.6509594220256494,-0.560966378644392,-0.33021916471212154,0.43265815833118115,-0.4102909938526508,-0.17873831693398007,0.4330868566637408,-0.33157922975240994
RMM_TLFCS1116914E,2020,RMM,TLFCS1116914E,1116,,CS,2020,10.73,2.5606821052227517,2.1290221316766926,2.4374441751009903,0.09250930218113211,-0.181031625302957,0.8070508471678207,0.3802340350216713,-1.5736098313274076,1.561906496438628,-0.6796628225389122
RMM_TLFCS1116914E,2021,RMM,TLFCS1116914E,1116,,CS,2021,9.29,1.8154395617035806,0.008810242324375673,-2.1061706017367796,0.33275070339038243,0.7062751452374609,0.5601891810270234,-0.118517421310197,-0.6265784369619246,-0.6127555504519651,0.6118777829828488
RMM_TLFCS1116914E,2022,RMM,TLFCS1116914E,1116,,CS,2022,8.68,-0.45467809433444795,1.7804035290158826,1.3934026649792648,-1.132902096753705,-0.5675001608779685,0.5849800971716068,-0.7315126212769684,0.21269851645050666,-1.2046838996172609,-0.02493641635155817
RMM_TLFCS1116914E,2023,RMM,TLFCS1116914E,1116,,CS,2023,7.84,0.4569800688102537,0.8471667309192279,-1.9387042446504703,0.8356557121054904,0.3227692916046767,0.7078046803536553,-0.326589961629566,-0.7712399309300452,-0.9338088686625947,-1.2305877815948858
RMM_TLFCS1116914W,2020,RMM,TLFCS1116914W,1116,,CS,2020,5.21,2.542401573601165,2.435379508971625,3.1745912962275136,0.9497890436881392,0.580314486067456,0.9312509428472389,-0.10324655828320665,-1.3385679987292294,1.514971122410954,-0.513760410717413
RMM_TLFCS1116914W,2021,RMM,TLFCS1116914W,1116,,CS,2021,4.57,1.7545951705725844,-0.32758931740171915,-1.556985820074177,1.2610801957407627,1.4829489734239234,0.7844279969984205,-0.2610802375959317,-0.8498748907502839,-1.0604911131782442,0.6033389122143699
RMM_TLFCS1116914W,2022,RMM,TLFCS1116914W,1116,,CS,2022,4.08,-0.5279539185403143,1.559022287274756,2.467383755606129,0.12964605810148697,0.601556754899483,1.0121103334406136,-1.5297081684023603,0.7194334327802766,-1.126098833568552,-0.3497633493087316
RMM_TLFCS1116914W,2023,RMM,TLFCS1116914W,1116,,CS,2023,4.0,0.4132059962351647,0.30654449225917246,-1.1789491376458014,1.455599048908148,1.2530966758362727,0.9868576228943878,-0.5091857795624949,-0.7621129295208882,-1.032661980340797,-1.29507056430818
RMM_TLFCS11338SO,2020,RMM,TLFCS11338SO,1133,,CS,2020,21.0,2.642516328800409,2.7136450705084627,2.548280956460314,-1.0108797111833756,-0.7076348954054453,0.4532766082433432,1.003446886320727,-2.162986750449511,1.277806019726868,-0.24248763504928325
RMM_TLFCS11338SO,2021,RMM,TLFCS11338SO,1133,,CS,2021,22.06,2.000630907565038,1.5734502465414844,-3.6391204773751644,-0.25054493322854315,0.8610987201219208,0.044573399573427645,-0.031862692916880424,-0.3687267304741466,-0.2694129103860141,1.0288987753376764
RMM_TLFCS11338SO,2022,RMM,TLFCS11338SO,1133,,CS,2022,19.9,-0.2715551329190553,3.5743963447949225,0.8969836782583896,-2.8589376825590347,-1.065727113705946,-0.12666688659544356,-0.35607507658907017,0.5800968437066324,-0.882934966545998,0.6611561409198149
RMM_TLFCS11338SO,2023,RMM,TLFCS11338SO,1133,,CS,2023,18.12,0.606731614467322,2.476572236396904,-3.692604289969672,0.330580938710767,-0.011870149422636677,0.11752380284309122,-0.11889153003510759,-0.740870019834249,-0.6692057200459998,-0.7943689239723721
RMM_TLFCS1416914N,2020,RMM,TLFCS1416914N,1416,,CS,2020,10.32,2.5296958414811526,1.3946603394390582,2.6189003363341046,-0.49650493380333016,-0.41593834984498146,0.8866351180950282,0.412503614187845,-1.5387534360966706,1.5859393189945517,0.0859126319441414
RMM_TLFCS1416914N,2021,RMM,TLFCS1416914N,1416,,CS,2021,9.41,1.7999590446394007,1.0368652570730268,1.1381385100997736,-1.801608452586563,0.7688262799478126,0.1936119662338169,0.15526283883562825,-0.5712686993201328,-1.3748650296657705,2.3640886731378608
RMM_TLFCS1416914N,2022,RMM,TLFCS1416914N,1416,,CS,2022,9.6,-0.448711502840419,2.1061160928799336,0.07129399462012771,-0.7230216617135055,0.9941686307098511,0.4346343522067894,-0.2573924045171395,-0.8904672277343676,-1.3614743135521792,1.0708398905466294
RMM_TLFCS1416914N,2023,RMM,TLFCS1416914N,1416,,CS,2023,6.74,0.3813673218609321,0.9302342863790742,-2.3539618065415735,1.192363075101059,0.28292207854390033,0.795826054053934,-0.45007620111739094,-0.8385471430673346,-0.68743543907407,-1.0637426431299997
RMM_TLFCS1416914S,2020,RMM,TLFCS1416914S,1416,,CS,2020,9.43,2.0306214870477928,1.1157188137839145,2.6065223174236993,0.34543624500891973,-0.8918854313378515,-0.6526979463729495,1.7588878305876035,-1.0358440914204268,2.119602192536353,-0.14412140697542528
RMM_TLFCS1416914S,2021,RMM,TLFCS1416914S,1416,,CS,2021,8.2,1.3042198837337609,-0.7507551083943789,-1.611505658459473,1.077495385479124,0.5547404930433525,-0.7656336122735047,0.7489403163668359,0.358458826586427,0.13235986887751858,1.0688443188491754
RMM_TLFCS1416914S,2022,RMM,TLFCS1416914S,1416,,CS,2022,9.79,-0.9838747813512657,1.4325337359052275,1.9306678641121395,-0.4548635377506526,-0.8921932119901909,-0.8234411110677051,0.25709123428525893,1.1200921079372155,-0.5707723525421061,0.2545647837333939
RMM_TLFCS1416914S,2023,RMM,TLFCS1416914S,1416,,CS,2023,3.24,-0.10592289564283196,0.5744710105830122,-1.8604620691113616,1.8405094061181961,-0.3335944940159624,-0.7567256621361251,0.6704479934184456,-0.023934379453466565,-0.2948815565955625,-0.909682676236669
RMM_TLFCS1441214,2020,RMM,TLFCS1441214,1441,,CS,2020,8.47,2.0291975237386284,1.268479774862517,2.474985629847793,1.1770645470489525,-0.561400043802588,-0.5088351828315312,1.1400921855566706,-0.5191615373218852,2.281959904651153,-0.2772260417674743
RMM_TLFCS1441214,2021,RMM,TLFCS1441214,1441,,CS,2021,7.77,1.289459660208349,-0.5180182212332944,-1.2461043658489805,1.320848268086798,0.34457055643130224,-0.746921505812751,0.5891169506437587,0.48049643858099966,-0.023880088391360608,0.9784821321413484
RMM_TLFCS1441214,2022,RMM,TLFCS1441214,1441,,CS,2022,9.94,-0.9757706578364652,1.2730512731502017,1.8732589335890089,0.096850009824194,-0.41562345984627885,-0.6528823963577758,-0.17929124085494272,1.4937525765246018,-0.42733008958119545,0.14390595891450517
RMM_TLFCS1441214,2023,RMM,TLFCS1441214,1441,,CS,2023,6.42,-0.06280333422321369,0.4159282689106769,-1.3979365781039879,1.5748278631370134,0.241338334649828,-0.6467668468994862,0.5011564874134501,0.40269424997583786,0.09112966894467882,-0.9840454914911274
RMM_TLFCS19338S,2020,RMM,TLFCS19338S,1933,,CS,2020,0.0,1.9679050804382692,-2.4164391710228186,0.3254309461296296,0.8274023046528193,-1.4702526272105478,-0.8214869467838148,1.0847131036238529,0.220726968724384,1.5532006955424822,0.5899298365981113
RMM_TLFCS19338S,2021,RMM,TLFCS19338S,1933,,CS,2021,0.0,1.1072294477892701,-2.9979436981260794,0.4720258961476551,0.925344184609663,-1.0892448979826752,-0.7238016428188496,0.6178606120859196,0.6948770348812463,-0.5051184795158199,0.16118307100454718
RMM_TLFCS19338S,2022,RMM,TLFCS19338S,1933,,CS,2022,1.26,-1.0023911630665403,-1.9397662818371801,0.5693871551563435,1.0654255973013187,-0.4988618978522952,-0.5657933053663318,0.10288778730044158,0.8326127187566275,-0.40402139887030475,-0.27095124318972696
RMM_TLFCS19338S,2023,RMM,TLFCS19338S,1933,,CS,2023,3.92,-0.20077508472028435,-2.0473443570036984,0.21562847699542081,1.0095796471338863,-1.3000834244398956,-0.6898683176534228,0.513752252074107,0.640790132603627,-0.5599539281388576,-1.5276941927279286
RMM_TLFCS19338SE,2020,RMM,TLFCS19338SE,1933,,CS,2020,0.0,2.370186303015705,-2.2001687623160158,0.037110372688548915,0.17275913470237142,-1.6562864751784678,1.008967948096755,-0.2170272025543044,-0.5909564496689031,1.311458633039282,0.7261224597758283
RMM_TLFCS19338SE,2021,RMM,TLFCS19338SE,1933,,CS,2021,0.0,1.509510670366707,-2.7816732894192766,0.18370532270657436,0.2707010146592152,-1.2752787459505954,1.1066532520617205,-0.6838796940922379,-0.11680638351204083,-0.7468605420190203,0.29737569418226445
RMM_TLFCS19338SE,2022,RMM,TLFCS19338SE,1933,,CS,2022,1.74,-0.5919750930845398,-0.46527959942040764,3.387105437249462,-1.8316441198832119,-1.0332538772750617,0.6857726069968867,-0.6270638002947326,-0.16816447022959854,-1.9172575988195144,1.3446406756375722
RMM_TLFCS19338SE,2023,RMM,TLFCS19338SE,1933,,CS,2023,4.26,0.24654937493540285,-1.641584682837273,-2.1131218612624054,1.101979439403498,0.2457246160998991,0.9550009349073953,-0.151271674963137,-1.4487536867293649,-0.9607697342322226,-0.8626867917949058
RMM_TLFCS19338SN,2020,RMM,TLFCS19338SN,1933,,CS,2020,0.0,0.061382256018046,-1.6221000078007215,0.01454585254306603,0.3878376281749831,-0.07116620911702337,0.2518186908939102,0.06365183762780868,0.1514397064012232,-0.36905843324770826,0.23682897556463853
RMM_TLFCS19338SN,2021,RMM,TLFCS19338SN,1933,,CS,2021,0.0,0.002025343146892913,-2.145657419933725,0.5150499013812522,0.7193980774306027,0.01112496894453266,0.47004448042325137,0.06672646408873159,-0.12753351801598398,-0.5752711928234207,-0.017648538761624154
RMM_TLFCS19338SN,2022,RMM,TLFCS19338SN,1933,,CS,2022,0.0,0.01776849266716004,-1.7910436599443353,0.4857288116851051,0.8197631373428762,-0.030771109091045103,0.4281063769598986,0.027607341395832437,-0.12014183041240113,-0.5875660416118907,-0.08259891234166537
RMM_TLFCS19338SS,2020,RMM,TLFCS19338SS,1933,,CS,2020,0.0,1.4102178712534985,-2.754707888643059,0.5798687164001022,1.44356265786654,-1.6178572053543563,-3.2755274859044636,0.9186619570054646,0.22784298475097417,2.2476831746392367,1.2088125334082975
RMM_TLFCS19338SS,2021,RMM,TLFCS19338SS,1933,,CS,2021,0.0,0.5495422386044996,-3.3362124157463193,0.7264636664181275,1.5415045378233836,-1.2368494761264839,-3.177842181939498,0.45180946546753076,0.7019930509078366,0.18936399958093436,0.7800657678147341
RMM_TLFCS19338SS,2022,RMM,TLFCS19338SS,1933,,CS,2022,1.36,-1.5597501173766082,-1.3494793460576708,3.96046825654601,-0.9998009843157848,-1.1133522917618945,-3.626890319793707,0.7591170362577229,0.5090497250881796,-1.044041227888905,1.905300799301305
RMM_TLFCS19338SS,2023,RMM,TLFCS19338SS,1933,,CS,2023,4.26,-0.7054308343084712,-2.4083128229829454,-1.5079215399061165,2.28801744835153,0.58687303693475,-3.2694629717624757,0.9971142410884737,-0.6030226947183508,0.13842635802726552,-0.40033699205226964
RMM_TLFCS19338SW,2020,RMM,TLFCS19338SW,1933,,CS,2020,0.0,1.975725696132786,-2.3939943214875083,0.3008616766209895,0.7930606387081943,-1.5010819637159223,-0.8238228275513748,1.07292370293597,0.23757917414178287,1.5801287991299002,0.5658070737638353
RMM_TLFCS19338SW,2021,RMM,TLFCS19338SW,1933,,CS,2021,0.0,1.1150500634837868,-2.9754988485907696,0.447456626639015,0.8910025186650378,-1.1200742344880497,-0.7261375235864096,0.6060712113980365,0.7117292402986451,-0.478190375928402,0.13706030817027123
RMM_TLFCS19338SW,2022,RMM,TLFCS19338SW,1933,,CS,2022,2.28,-0.979641513124413,-0.9512407054689825,2.846525315676257,-0.6593603707597598,-0.750589139419043,-0.9947167589398475,0.4849222922586771,0.7580197111456854,-1.2869180279868742,0.7844983990160027
RMM_TLFCS19338SW,2023,RMM,TLFCS19338SW,1933,,CS,2023,6.5,-0.1364022318664021,-1.9111062902774327,-1.3253890015087535,1.3445613240860887,0.11340826727884232,-0.8306166841178904,0.9618632080074672,-0.16870809646556076,-0.5204649675033467,-1.1385390732089153
RMM_TLFCS23338SNE,2023,RMM,TLFCS23338SNE,2333,,CS,2023,0.0,0.40204868795615767,-2.3659888016597757,-0.5655294051688524,-0.43503653040058027,-1.4356458867817652,0.6003701117489048,-0.818717960738912,0.313285502664424,-0.5163160262556851,-1.000893666345204
RMM_TLFCS23338SNW,2023,RMM,TLFCS23338SNW,2333,,CS,2023,0.0,0.42445669320853174,-2.3016787363245617,-0.6359264610659486,-0.5334339278589387,-1.523979588541845,0.5936772335212861,-0.8524975201566761,0.36157125435682924,-0.43916032519669984,-1.0700113697852567
RMM_TLFCS23338SSE,2023,RMM,TLFCS23338SSE,2333,,CS,2023,0.0,0.4077744726257767,-2.363894134507547,-0.5705527713453284,-0.4474098032660915,-1.4386087218294075,0.5970981740235827,-0.8261157224377513,0.31643483152275187,-0.5128973490162736,-1.0114287307249354
RMM_TLFCS23338SSW,2023,RMM,TLFCS23338SSW,2333,,CS,2023,0.0,0.4171481183872896,-2.3369921517311827,-0.6000010447280246,-0.48857109081674144,-1.47556019608053,0.594298430408564,-0.8402462807090438,0.3366335741861591,-0.48062182060298525,-1.0403418294411952
RNF_RNFCS03,2020,RNF,RNFCS03,03,,CS,2020,6.56,0.1715738856682688,-0.08027785346143965,-0.733432991410879,0.05334967560201348,-1.3676979655524937,0.06878269456458415,-0.1330232306608465,0.3095726076372918,0.15097199387340604,-0.8648910751103835
RNF_RNFCS03,2021,RNF,RNFCS03,03,,CS,2021,0.0,0.20504084157182975,-0.7192666367311297,-0.7176679176019569,-0.0663837323397005,-1.3718181176265956,0.06935918022485407,-0.20096380137552428,0.3674135209253878,-0.35422532119193795,-0.18141389478508776
RNF_RNFCS03E,2020,RNF,RNFCS03E,03,,CS,2020,0.0,0.21024466248628793,0.5643027779995418,2.41407116921083,-0.5563652499240684,0.03524096606787194,-0.04084040329503778,0.8584232885409229,-1.3247557212143486,0.011972043964379224,0.08823196658901133
RNF_RNFCS03N,2020,RNF,RNFCS03N,03,,CS,2020,0.0,0.19859533478717528,0.4948297258540238,1.7637702430949305,-0.09449420979007832,-0.2154076539035083,0.022570002471226928,0.725431056090393,-1.2162179423620971,0.16333774419757438,-0.23971501737285103
RNF_RNFCS03RG,2020,RNF,RNFCS03RG,03,,CS,2020,0.0,0.18822499237888507,0.5493834847019764,2.4117977159845423,-0.5620659359371151,0.12363748664306932,-0.09276966547001289,0.7859599853568828,-1.155293433131494,-0.28412284208433586,0.3727150489185322
RNF_RNFCS03W,2020,RNF,RNFCS03W,03,,CS,2020,0.0,0.20815373378511884,0.8308838872700146,2.276808447101826,-0.4552678561435497,-0.11451826167779414,-0.10595649001072369,0.8001281581652964,-1.2784498404453513,-0.1256538758635616,0.13464701183142622
RNF_RNFCS170614,2020,RNF,RNFCS170614,1706,,CS,2020,0.0,0.3124175784819612,2.314783195753731,-0.8006123883589453,1.0055859841467167,-3.7233466181320622,-0.1060629027026061,0.7705688981261809,-2.32423487743041,1.5616101154808244,-2.5125939453992596
RNF_RNFCS170614,2023,RNF,RNFCS170614,1706,,CS,2023,5.48,0.0008660641794249502,2.816783555425438,-1.8155821328849329,2.0028394862309997,-5.809649280849092,-0.5500807490437618,-0.30768588242773715,-0.7698532848090572,-2.9046882663398286,-1.4485763243582783
RNF_RNFCS170614E,2020,RNF,RNFCS170614E,1706,,CS,2020,1.59,0.32740528315479267,-0.3474569951635388,-0.17964812936556218,0.3481825430372735,-0.7474588397905196,-0.7837380720229643,-0.18392478424481987,0.5796354209606811,-0.5269179610191768,-2.290672115990463
RNF_RNFCS170614E,2021,RNF,RNFCS170614E,1706,,CS,2021,1.82,0.3798055927746153,-1.1060763011239056,-0.137910103410836,0.4197742189657622,-1.0504670898279644,-0.7736268497455592,-0.1856430414474441,0.19659499407711364,-1.258843167016053,-1.402714932380149
RNF_RNFCS170614E,2022,RNF,RNFCS170614E,1706,,CS,2022,3.73,0.270453811277412,-0.2617133984601186,-0.03263024044352789,0.8124633394094769,-1.250971253299954,-0.7563161235525924,-0.17636809694589464,0.232288447071506,-1.0876394765236395,-2.424079127276253
RNF_RNFCS170614E,2023,RNF,RNFCS170614E,1706,,CS,2023,0.0,0.38899781376403236,-0.9442927555370537,-0.30336940676019153,0.38145216729955467,-1.1533218775766219,-0.8490607998357679,-0.19174495200160893,0.26345180227115716,-1.2915542442931591,-1.294548184567514
RNF_RNFCS170614N,2020,RNF,RNFCS170614N,1706,,CS,2020,1.45,0.3181235294783447,-0.5963172488889674,-0.14133307351610339,0.2740659147737679,-0.5273391103754056,-0.7592795243636874,-0.24067278149821916,0.7580604273441744,-0.625015357745766,-2.1334178974527447
RNF_RNFCS170614N,2021,RNF,RNFCS170614N,1706,,CS,2021,1.83,0.38083226094686806,-1.388089023861065,0.02073777855555716,0.3142084494789183,-0.6808432043149115,-0.6985399208839513,-0.17467173125796387,0.2673258461114673,-1.067351577328353,-1.3999998506303297
RNF_RNFCS170614N,2022,RNF,RNFCS170614N,1706,,CS,2022,3.99,0.27387984440943525,-0.5364134663135642,0.11434656939996672,0.686149305780113,-0.9110129415043486,-0.6938897517440802,-0.17926754537633732,0.33593450359437627,-0.9759417087986396,-2.38186047576463
RNF_RNFCS170614N,2023,RNF,RNFCS170614N,1706,,CS,2023,0.0,0.3966091287853023,-1.2523486249823217,-0.14878877666627413,0.2172573815421022,-0.7239005741160567,-0.7738605812086619,-0.18649413060058936,0.38126023607790643,-1.061169954810798,-1.2717059346233375
RNF_RNFCS170614S,2020,RNF,RNFCS170614S,1706,,CS,2020,2.5,0.33801909955198983,-0.20122264447438706,-0.40817959321694297,0.2970997376082002,-0.9526701988578336,-0.8418913261680316,-0.27151972167539895,0.7105656854263878,-0.6143240125783699,-2.247410517949248
RNF_RNFCS170614S,2021,RNF,RNFCS170614S,1706,,CS,2021,2.91,0.40372664374169254,-0.7589996331865861,-0.37133632926620797,0.3790909419443037,-1.3828569813266316,-0.866156420165372,-0.21025639382511507,0.20826374433164513,-1.302386462169223,-1.4250799380929018
RNF_RNFCS170614S,2022,RNF,RNFCS170614S,1706,,CS,2022,6.03,0.3064883249816532,0.030009546799001148,-0.2446037106005946,0.6659468259151992,-1.4621405989589897,-0.8370227994922833,-0.20866301459010084,0.3124674632688503,-1.0517052958445214,-2.440377256729371
RNF_RNFCS170614S,2023,RNF,RNFCS170614S,1706,,CS,2023,0.0,0.4236019714740003,-0.5525242586340189,-0.6112967220229804,0.27109725251566863,-1.4098139438399777,-0.961146582624663,-0.20398337889401022,0.3198501218625924,-1.1647902416023999,-1.300770441974632
RNF_RNFCS170614W,2020,RNF,RNFCS170614W,1706,,CS,2020,2.94,0.36838845134867115,-0.0003454339196637671,-0.1285572904348418,0.32259584971774946,-0.9738658380006712,-0.7836466082374371,-0.06625741532778233,0.28797578189277495,-0.1872232055901555,-2.647972058693729
RNF_RNFCS170614W,2021,RNF,RNFCS170614W,1706,,CS,2021,4.07,0.41209688313633175,-0.6036305237067653,-0.4631306330457242,0.3671184097639052,-1.4820442440286892,-0.9054646494160584,-0.20593905188625136,0.20005612414172,-1.2846264565163676,-1.4348450680641145
RNF_RNFCS170614W,2022,RNF,RNFCS170614W,1706,,CS,2022,7.47,0.32760487007288297,0.14239848815377992,-0.3476107462312684,0.5389876188073912,-1.487741213942871,-0.8853824309958297,-0.22717718993507993,0.41134719304649503,-1.0471932216269275,-2.382430390299701
RNF_RNFCS170614W,2023,RNF,RNFCS170614W,1706,,CS,2023,0.0,0.4516267409925185,-0.6369043835591491,-0.6344123960084675,0.041883735888232715,-1.174257490175611,-0.9546467219152787,-0.22015832723792483,0.48387386684861844,-0.9385171342603907,-1.2657992169836536
RNF_RNFCS1733814,2020,RNF,RNFCS1733814,1733,,CS,2020,0.0,0.3233900347757727,2.118228818829949,-0.13926358158616772,1.0276434250948827,-3.245072742601927,0.05689400873950598,1.070177054278922,-2.8046419328059615,2.060359636572903,-2.861532286273101
RNF_RNFCS1733814,2023,RNF,RNFCS1733814,1733,,CS,2023,5.69,0.013535741079626872,1.7622126610128939,-1.258123393260413,1.5306179091289578,-4.52910944333101,-0.30732853888468753,-0.3213580246671759,-0.38202873255043684,-2.4642453606574866,-1.3033375736401727
RNF_RNFCS1733814E,2020,RNF,RNFCS1733814E,1733,,CS,2020,5.02,0.12943671908464907,1.6893063796668646,2.001601395263852,-0.7696794206834929,-0.8859987430079395,-0.2852010058254505,0.5799369871393668,-0.7519095004069956,-0.47395276062809716,-0.3711583183701395
RNF_RNFCS1733814E,2021,RNF,RNFCS1733814E,1733,,CS,2021,0.0,0.16750214371118882,1.0611501051876624,-3.0333936981932355,1.9120292930567824,-0.7897423935504702,-0.37163355743668713,0.5273756187516543,-1.6616466906361467,-1.1365166522591885,0.11267128379977474
RNF_RNFCS1733814EN,2021,RNF,RNFCS1733814EN,1733,,CS,2021,7.44,0.5058642099312682,-0.699248451527899,-0.5722852760287487,-0.32037874093587676,-0.8053154621804683,-0.8885262826214626,-0.22207353198506663,0.605385332461619,-0.40206226108600757,-1.4731018948719488
RNF_RNFCS1733814EN,2022,RNF,RNFCS1733814EN,1733,,CS,2022,15.24,0.427059676835122,0.2820339804762406,-0.558144564463321,-0.14279194446738655,-1.1566603685055012,-0.9612256956160337,-0.2920356234981376,0.8614913183899564,-0.6462304119783419,-2.2900405669905477
RNF_RNFCS1733814EN,2023,RNF,RNFCS1733814EN,1733,,CS,2023,0.0,0.5705264996155208,-0.5439712268666073,-1.0059693090345434,-0.8086365153897962,-0.5406620974324732,-1.0523485082208794,-0.2569959326033653,1.0818756979053372,-0.0348460057415872,-1.09386061023482
RNF_RNFCS1733814ES,2021,RNF,RNFCS1733814ES,1733,,CS,2021,2.17,0.4300195984827116,-1.3527249135117856,-0.1601717495286421,-0.10030446800642236,-0.21220636925823097,-0.7691764547992893,-0.1546896239294042,0.583670317267566,-0.6057008734048988,-1.197306049014734
RNF_RNFCS1733814ES,2022,RNF,RNFCS1733814ES,1733,,CS,2022,3.93,0.27215384574580254,-0.7977647861987677,0.25291075955687486,0.5866138300582333,-0.5620392150154435,-0.6408020931322967,-0.17044710178451672,0.4286395148924874,-0.8746129590425574,-2.3115300792430373
RNF_RNFCS1733814ES,2023,RNF,RNFCS1733814ES,1733,,CS,2023,0.0,0.3865077487088573,-1.4372431246391921,-0.026176531621640277,0.20793920464974994,-0.4498189026430968,-0.7239350273475756,-0.15479799572386035,0.383577854202598,-0.9307868203844595,-1.2583074181762128
RNF_RNFCS1733814M,2020,RNF,RNFCS1733814M,1733,,CS,2020,2.65,0.35345751950694715,-0.47075596464191555,0.03524067729408284,0.19492059647462695,-0.5148681984131099,-0.7164620288576625,-0.1236030182246397,0.534513490442874,-0.2888475020810796,-2.419999191280362
RNF_RNFCS1733814M,2021,RNF,RNFCS1733814M,1733,,CS,2021,4.82,0.4197008495057569,-1.266029493163654,-0.0937926218316841,0.0797820841716833,-0.6144108199954884,-0.734795305503239,-0.19192285963123398,0.4008185752812116,-0.8704530789783461,-1.4085294047377497
RNF_RNFCS1733814M,2022,RNF,RNFCS1733814M,1733,,CS,2022,7.3,0.3311792457731415,-0.28344190774191996,-0.1309643894476422,0.34061794384675087,-0.8499727625708642,-0.7881596642113858,-0.2012553693377695,0.5616100257123258,-0.7249565662363702,-2.3151303551980194
RNF_RNFCS1733814M,2023,RNF,RNFCS1733814M,1733,,CS,2023,0.0,0.4455169474096449,-1.1067765579068254,-0.3646640389711493,-0.09722132150087112,-0.6088085884795275,-0.8457254712271691,-0.20892795593920566,0.6090099942409263,-0.7814191637272756,-1.1905343588052422
RNF_RNFCS1733814W,2020,RNF,RNFCS1733814W,1733,,CS,2020,1.27,0.3274184609567648,-0.6140021070025182,0.10237482230243536,0.28750163263484113,-0.4016355265437066,-0.6999749966949047,-0.11513955338739604,0.5346257719725335,-0.39457819246770115,-2.3174953917872276
RNF_RNFCS1733814W,2021,RNF,RNFCS1733814W,1733,,CS,2021,3.48,0.38694820091156706,-1.5696146653584566,0.1330015109018592,0.20059109238584544,-0.41029621398532695,-0.6523121104162395,-0.1717336574176358,0.3414745159347276,-0.9550751289201266,-1.3863821071639775
RNF_RNFCS1733814W,2022,RNF,RNFCS1733814W,1733,,CS,2022,4.16,0.2961932804667146,-0.7205428662258775,0.15226656790911314,0.4417021830755618,-0.5313048996005314,-0.6717679957218693,-0.18399187037182493,0.5264767013412703,-0.7436587006617975,-2.294232631272408
RNF_RNFCS1733814W,2023,RNF,RNFCS1733814W,1733,,CS,2023,0.0,0.4033425741449458,-1.523646487976547,-0.010945926657182725,0.07483877091749608,-0.34392096290430263,-0.7050778412209129,-0.18038134816220922,0.47924744289122145,-0.844065326763456,-1.2615695820501203
RNF_RNFCS17412S,2020,RNF,RNFCS17412S,1741,,CS,2020,5.78,0.3236500460557794,0.18020650303106503,0.8766994432218305,0.5484418891847812,-1.059566832453094,0.2524562213619107,-0.089608076247091,-0.7564494114737691,1.4557931932391033,-2.461819477081615
RNF_RNFCS17412S,2021,RNF,RNFCS17412S,1741,,CS,2021,6.67,0.344212235810839,-1.0475914568626639,-0.3112316147895241,0.07588314351339057,-1.0236532333103305,-0.016135853389674867,-0.7933759478965398,0.5796485794371158,-0.1567944229588705,-0.1751179427408482
RNF_RNFCS17412S,2022,RNF,RNFCS17412S,1741,,CS,2022,7.84,0.24179596963758648,-0.2591920447323803,-0.2113528363037338,0.39317195450814185,-1.174229546943702,-0.004458528084179346,-0.8055564000819107,0.7016550953233973,-0.022304493319444764,-1.1285938917093166
RNF_RNFCS17412S,2023,RNF,RNFCS17412S,1741,,CS,2023,1.67,0.23423360926794148,-0.4842238630190419,-0.17192792653384575,0.37511196800630625,-1.0560073253042248,0.022825119058604643,-0.830429417964806,0.7914433277949143,-0.04136534702479957,-1.0290699755391723
RNF_RNFCS17412SW,2020,RNF,RNFCS17412SW,1741,,CS,2020,0.0,0.1272601479042335,0.48624974228711565,2.0266211390164734,-0.9850515341585876,-0.27888576941519594,-0.3833180921843684,0.48499120353890224,-0.5047116496830705,-1.4143195104033501,1.4774590579470723
RNS_RNSCS04,2022,RNS,RNSCS04,04,,CS,2022,0.0,0.21807189670605745,-1.1724071004443346,-0.47771078832153013,-0.3002134802900237,-0.6888461781076798,0.20501824289137824,-0.17255423998403266,0.4890814106859876,0.17045853579098938,-0.24648169824266256
SAS_SASCS,2022,SAS,SASCS,,,CS,2022,30.1,0.33198150604279797,-0.1465641245141875,-0.8747133748862355,-0.8524661990595415,-0.8855907716875977,-0.026036483998651078,-0.14827587818212157,0.6326405894356902,0.36676817934227207,-0.35342605278193656
SAS_SASCS,2023,SAS,SASCS,,,CS,2023,0.0,0.4450814428702506,0.4395667910443123,-2.1441771446031126,-1.6603961986608082,-0.58749059939614,-0.4937371897550463,-0.17788497104469173,1.5797656043409165,1.2498497209089319,0.6050770453476172
SHA_SHACS21338S,2023,SHA,SHACS21338S,2133,,CS,2023,0.0,-0.36838936312661247,-2.3060454573053115,-0.1352448184682952,0.7170914890762584,-1.8395150693438342,-0.10423589109909909,0.04720014603535597,0.9297316935102546,0.47987406184073667,1.0632533721362245
YEK_GMWCSPV17,2021,YEK,GMWCSPV17,17,,CS,2021,0.34,-0.6784192251284883,-4.144477927430622,1.0379132422343778,0.6457329258784456,0.3398978898225902,-16.79834948535875,-12.036766966426246,-8.001665824562545,2.0160951645165506,0.7163547892112977
YEK_GMWCSPV17,2022,YEK,GMWCSPV17,17,,CS,2022,1.34,-0.7137209642558173,-3.2132126739223295,4.869794641353634,-0.9851093719652129,0.38432418671351004,-17.083989193226675,-11.88426791938058,-8.091532452087524,0.7168294984119327,1.960128878012953
YEK_GMWCSPV17,2023,YEK,GMWCSPV17,17,,CS,2023,0.0,-0.6829800374643678,-4.48464946788008,-0.5964283909811414,1.6811193668878006,2.2922470188006616,-16.776198396370205,-11.374825360733158,-9.549496709567542,1.7490642073650948,1.0272701146758687
YFT_YFTCS05N,2020,YFT,YFTCS05N,05,,CS,2020,12.52,0.21769051325069128,-1.8659171297872768,0.03098119499117749,-0.7031323532475396,0.4787138791310581,0.3182742408187329,-0.1300867854657074,0.8344342465308153,0.16046394606299677,0.12185597251508726
YFT_YFTCS05N,2021,YFT,YFTCS05N,05,,CS,2021,10.42,0.30949553906576555,-2.2449285384375814,-0.011442128469892376,-1.4901923863906563,1.6690717624331,0.3977593422169987,-0.09381296086022607,1.3180754464485682,1.5284442352418282,0.11767611095274125
YFT_YFTCS05N,2022,YFT,YFTCS05N,05,,CS,2022,0.0,0.20563143886251709,-1.8987365975034163,-0.11037931836249762,-0.6097025804903136,0.7894251764000859,0.3471322363518304,-0.01707471006571946,0.7231357961438009,1.0015463867813301,0.0019500459142215757
YFT_YFTCS05N18,2020,YFT,YFTCS05N18,05,,CS,2020,0.0,0.1382017789748233,-1.4016310956985636,-0.22679058908435534,0.05050991659125409,-0.3739933797549204,0.22887404647496973,-0.05215184998012061,0.3169737808912758,-0.10455188382519635,-0.00012156716920649259
YFT_YFTCS05S,2020,YFT,YFTCS05S,05,,CS,2020,12.7,0.22809869565618235,-1.8460009239056479,0.005579055355693219,-0.7546533095793861,0.45444859164194906,0.3167921426495279,-0.14517459551560788,0.8618392060373615,0.19617679966995308,0.09503051245972582
YFT_YFTCS05S,2021,YFT,YFTCS05S,05,,CS,2021,12.52,0.3362902272177443,-2.28999760641206,-0.010251985636540928,-1.6832305408841217,1.7863397611699405,0.40766102325428055,-0.12332418349289549,1.440994126982912,1.6343763450779427,0.1077995583952549
YFT_YFTCS05S,2022,YFT,YFTCS05S,05,,CS,2022,0.0,0.24264954101817726,-1.8604983403770603,-0.22380960359099722,-0.8599296841156652,0.962110655412061,0.3235604905949763,-0.027909961423705467,0.885922542248345,1.3055039870131175,0.018286493593910498
YFT_YFTCS05W,2020,YFT,YFTCS05W,05,,CS,2020,5.68,0.13067791157892267,-1.7373552716197138,0.02708323158599176,-0.10000513309130647,0.18467587007966937,0.2824509299069009,-0.021804234959599166,0.45781150536413295,-0.1343967452338282,0.18965744834759737
YFT_YFTCS05W,2021,YFT,YFTCS05W,05,,CS,2021,4.74,0.13999193178050237,-2.195773169992609,0.28149946357276817,-0.27675170929467585,0.7704871922396388,0.43782088994195295,-0.0037651472214945926,0.525367990937442,0.37387142120488037,0.048820548972903555
YFT_YFTCS05W,2022,YFT,YFTCS05W,05,,CS,2022,0.0,0.09294787248340897,-2.038204116667232,0.23587614634459075,0.12224830797581952,0.3718580926123956,0.41463917430896885,0.031163588977368963,0.2557749861064078,0.13617206200125775,-0.0034996094227174525
YFT_YFTCS05W18,2020,YFT,YFTCS05W18,05,,CS,2020,0.0,0.0766352298903303,-1.5783245920403652,-0.033372935505699954,0.32085920168723897,-0.13129434769133508,0.24726289507065485,0.04065832564789493,0.18430748292451885,-0.31653908227933947,0.1897810338665826
YFT_YFTCS07NE,2020,YFT,YFTCS07NE,07,,CS,2020,8.38,0.7689546204435482,-1.0868825437683376,1.2272140989776301,-3.573786139626159,0.6840377533963053,0.05519389113769437,1.035657908536889,-1.3660778301265881,-1.819563388432258,0.033135101606107144
YFT_YFTCS07NE,2021,YFT,YFTCS07NE,07,,CS,2021,4.86,0.8066591677538413,-2.128991400367312,-1.7986146753461016,-1.3316858809349792,2.8634448511938415,0.5943781216829758,0.30678316208535805,-1.1127478176533783,-0.11578085260695632,-0.7345273123345101
YFT_YFTCS07NE,2022,YFT,YFTCS07NE,07,,CS,2022,11.44,0.7762318715591778,-1.7305226724504756,2.146840893039237,-4.208425761460133,0.9834041081700936,0.24995230439327715,0.7711104470563858,-0.6479039330542644,-1.4096414642181851,-0.05304755768714281
YFT_YFTCS07NE,2023,YFT,YFTCS07NE,07,,CS,2023,2.48,0.8275759353532526,-2.039539487458434,-1.836806493079743,-1.5351474890191672,2.9060057343793764,0.5587451807892085,0.2889644688072817,-0.9246486981572832,0.23732647992676456,-0.7192614975904453
YFT_YFTCS07NW,2020,YFT,YFTCS07NW,07,,CS,2020,7.64,0.7573860093913624,-1.2038449246732197,1.0015430933289935,-3.3871217555129225,0.6014745019938781,0.09558792591986773,1.000658972881988,-1.3487354012498032,-1.7563799698982328,-0.08776133300173301
YFT_YFTCS07NW,2021,YFT,YFTCS07NW,07,,CS,2021,5.18,0.7928073322260867,-2.1672847004279805,-1.558329082922182,-1.3440392471780214,2.6542129395224308,0.6217946510595734,0.24525513581712666,-1.0274808253386631,-0.19156360684404797,-0.791039780683223
YFT_YFTCS07NW,2022,YFT,YFTCS07NW,07,,CS,2022,9.58,0.7644527345439546,-1.6565384584377716,2.144319580081748,-4.129009467854777,0.9042329080226559,0.22945280297740087,0.7913386920757929,-0.711051768732126,-1.4346864363849976,-0.035351422347862524
YFT_YFTCS07NW,2023,YFT,YFTCS07NW,07,,CS,2023,2.08,0.7977384291902645,-2.0422856989193643,-1.782355277204599,-1.3031304574263514,2.7243245053065017,0.5733518895862699,0.30029088130391157,-1.0885924178021147,-0.02527261398633442,-0.747601543476001
YFT_YFTCS07SE,2020,YFT,YFTCS07SE,07,,CS,2020,8.7,0.7677643948081363,-1.2950256412984436,0.8958953832358653,-3.4109742823059923,0.6296623617818764,0.12388020907343372,0.9635794646347438,-1.2656969938349463,-1.6701281192095139,-0.15612736916580688
YFT_YFTCS07SE,2021,YFT,YFTCS07SE,07,,CS,2021,5.9,0.8147168368486482,-2.180951774434711,-1.5041247932367663,-1.554636055713726,2.70504222660119,0.6234287702635802,0.20351770666671812,-0.8506959898266602,-0.01037112462992937,-0.802939283127241
YFT_YFTCS07SE,2022,YFT,YFTCS07SE,07,,CS,2022,12.6,0.8007098477934791,-1.7147689427013033,2.218827354432278,-4.450840718906043,1.1501180800601631,0.23189481829397954,0.7655862513177497,-0.5190998620255595,-1.274677946232228,0.015525535533078118
YFT_YFTCS07SE,2023,YFT,YFTCS07SE,07,,CS,2023,3.66,0.8546072362190337,-2.0632701336823613,-1.9305284930289928,-1.7108829411455073,3.1424729782106664,0.5493889982144741,0.29830828820655214,-0.830605289521064,0.41626278692776253,-0.6762102690892852
YFT_YFTCS07SW,2020,YFT,YFTCS07SW,07,,CS,2020,10.76,0.7908826348064997,-1.0516699618579015,1.448146908541759,-3.8402798333139834,0.8686313343294487,0.0337972138821263,1.052200751979751,-1.3052965036957278,-1.8311303488484214,0.1476926858934531
YFT_YFTCS07SW,2021,YFT,YFTCS07SW,07,,CS,2021,6.78,0.8570206114673794,-2.163706831154952,-2.0297619792370627,-1.6361313882382411,3.3559710606804543,0.5691886883789933,0.3446150131806455,-0.9699864348178634,0.22771569016821103,-0.6334480555385166
YFT_YFTCS07SW,2022,YFT,YFTCS07SW,07,,CS,2022,12.9,0.814503891389312,-1.7049829174981646,2.224284345513646,-4.576902544041225,1.2562720572315789,0.21993942033225244,0.7664826244135142,-0.4452797927871565,-1.1661009401317899,0.052490176567523084
YFT_YFTCS07SW,2023,YFT,YFTCS07SW,07,,CS,2023,2.84,0.8528132742447552,-2.0322496296856385,-1.9782557350331746,-1.6786165390499586,3.1388417892445877,0.5389514291404608,0.31220787137074396,-0.8603419640930129,0.4320538873798547,-0.6691195528457299
YFT_YFTCS09338RE,2020,YFT,YFTCS09338RE,0933,,CS,2020,10.74,0.780174921640981,-0.7833677450591696,2.182918057496093,-4.1598842433900325,0.9093724338337097,-0.1706392434945164,1.137973481501664,-1.3947953805610624,-2.1279253117036534,0.5430106775768897
YFT_YFTCS09338RE,2021,YFT,YFTCS09338RE,0933,,CS,2021,6.22,0.8426388376868612,-2.248403658995881,-2.602158791987338,-1.2814117213289755,3.737796015602335,0.44710693946163615,0.48866978422250656,-1.3095815711104433,0.1290656759118083,-0.4686488064048251
YFT_YFTCS09338RE,2022,YFT,YFTCS09338RE,0933,,CS,2022,11.72,0.7787921600004682,-1.5771456295002986,2.817167188591066,-4.672910553757482,1.0039369319954974,0.06936990704235066,0.7471995544684802,-0.4320122146059454,-1.4727548389909784,0.28481251093701937
YFT_YFTCS09338RE,2023,YFT,YFTCS09338RE,0933,,CS,2023,3.06,0.8235010298109499,-2.1720434633324763,-2.217035998136209,-1.365295835077407,3.22427504051687,0.45748178411811136,0.3626039747444047,-1.068176316293008,0.23163870133931153,-0.5944758704084261
YFT_YFTCS09338RW,2020,YFT,YFTCS09338RW,0933,,CS,2020,18.78,0.870676814935538,-0.760470424823496,2.611194544462463,-5.003697394600708,1.4001632797390509,-0.19772384227097906,1.111716625258243,-1.0820270502263576,-1.9927216005756703,0.7244354568781608
YFT_YFTCS09338RW,2021,YFT,YFTCS09338RW,0933,,CS,2021,11.02,1.0167102936738746,-2.2666326163311177,-3.2514959616882555,-2.38035089044481,5.020757322064828,0.3639481979095053,0.5272112132973036,-0.7097933342920226,1.3436185061732404,-0.26072324667647917
YFT_YFTCS09338RW,2022,YFT,YFTCS09338RW,0933,,CS,2022,19.06,0.9227750434774091,-1.6412221084695993,2.8637759053919196,-5.847564890497195,1.8431400981648685,0.03492865781855124,0.6676292888749052,0.2765224161369198,-0.6483514231452178,0.44239344821586873
YFT_YFTCS09338RW,2023,YFT,YFTCS09338RW,0933,,CS,2023,4.8,0.962017815433856,-2.1054841021910344,-2.6845913371368635,-2.278937519636671,4.064753162551657,0.3783263272175792,0.35812336798491373,-0.5142331124129411,1.303293772574292,-0.4762353886239815
YFT_YFTCS2315SO4,2023,YFT,YFTCS2315SO4,2315,,CS,2023,0.0,1.7185978027949613,-1.8483619402178653,-0.88417016701079,-2.522049717138315,-0.5773060505751701,1.3317567266295212,-5.55693982750031,-2.8744795877354683,-1.2617931132817097,-2.1047945775112327
YOG_YONCS09169P,2020,YOG,YONCS09169P,0916,,CS,2020,0.0,0.1297046680956348,0.05122152219857585,-0.5061363561480354,0.7905424732723152,-1.014147958514072,0.0011018318540004322,-0.05223030817036409,-0.03619519488591739,-0.3565320682798518,-0.198197721548435
YOG_YONCS09169PF,2020,YOG,YONCS09169PF,0916,,CS,2020,5.8,1.9934793053324706,-1.1118242502940914,1.2852613625059304,0.9069985758262892,-0.6761726063600021,0.11926956974488107,1.609085675312452,-1.130239063856424,2.804574872703132,-0.3896056517202005
YOG_YONCS09169PF,2021,YOG,YONCS09169PF,0916,,CS,2021,4.34,1.2965049315430939,-0.7309734789615989,0.6048153424306228,1.444825407377394,0.991673109315027,-0.09951432261920115,0.019802407313559776,1.0909327518566536,0.2871020919899548,0.8566057229202557
YOG_YONCS09169PF,2022,YOG,YONCS09169PF,0916,,CS,2022,6.34,-0.9182811716083531,2.2563445435257656,3.9065858212815225,0.9654502714979764,1.186571706029847,-0.24240118070582387,-1.0482611591355508,1.8128296362892262,-0.9535224518400729,1.0696298988880384
YOG_YONCS09169PF,2023,YOG,YONCS09169PF,0916,,CS,2023,5.12,-0.03259900792999579,0.5099366215803497,-1.4040068654123607,2.5314960358720633,2.07464286843326,-0.21562014873080304,0.4710888329911738,-0.20498630562972345,-0.2524237805408343,-0.5584484958035324
YOG_YONCS09169PI,2020,YOG,YONCS09169PI,0916,,CS,2020,5.88,2.004241702207221,-0.8894122509788749,1.7037164744160591,-0.5746438994559987,-1.0681846892313434,-0.3004423714361202,2.565562699828422,-1.7924524680865692,1.9527305180516898,0.319434032218372
YOG_YONCS09169PI,2021,YOG,YONCS09169PI,0916,,CS,2021,5.86,1.3257986767598808,0.4265990002616068,1.781944437822498,0.23396455036531663,1.028614251519359,-0.5819757033710561,0.469107027665101,0.5271924184177538,-0.5032304786877043,1.9451723783715418
YOG_YONCS09169PI,2022,YOG,YONCS09169PI,0916,,CS,2022,8.09,-0.9354238846002001,1.8468855935392745,0.9076440535094619,1.1248760249209213,1.179617624321697,-0.45712258051733784,0.04663997420017059,0.31830792572338923,-0.9521718345226917,0.8022863196935525
YOG_YONCS09169PI,2023,YOG,YONCS09169PI,0916,,CS,2023,6.3,-0.0013431129880209526,0.23307952202327897,-1.299753592683504,1.6373594257992214,1.004602639697075,-0.2989319665391083,0.5124223749036955,0.026399072892177057,-0.10634689465773597,-0.4825013460159821
YOG_YONCS09338PE,2020,YOG,YONCS09338PE,0933,,CS,2020,11.84,2.039738017122799,0.6710450622997873,0.06721802908798373,1.4221208696738268,-1.38141352874575,-0.31970161350212434,0.7810161035235308,-0.059565500345565355,1.8181861927413487,0.11869556611385504
YOG_YONCS09338PE,2021,YOG,YONCS09338PE,0933,,CS,2021,14.6,1.3749576501968808,0.8114944256011605,-0.9355635046191685,0.7077905916977018,-1.3555611303531632,-0.7393178951382224,0.2820016380722693,0.8611510952758312,-0.29251701666724284,0.9674507221657361
YOG_YONCS09338PE,2022,YOG,YONCS09338PE,0933,,CS,2022,15.23,-0.8549122298289235,1.4721162319430126,-0.8880079470629958,0.2317546021665138,-0.9246461745715339,-0.5073791989583805,0.07466084035705361,1.0941181875401604,0.28299162074698897,-0.27765785718171226
YOG_YONCS09338PE,2023,YOG,YONCS09338PE,0933,,CS,2023,13.39,0.050685442869346044,1.2906418826205084,-1.0591968627299888,0.4887752836899264,-1.0024412401026397,-0.5764049530594555,0.242835740477064,0.9876274430823716,0.3061315966666956,-0.9509017423083619
YOG_YONCS09338PEF,2020,YOG,YONCS09338PEF,0933,,CS,2020,0.0,2.0387966527056505,-1.1566413097057386,1.3846244180375575,1.4410763377727989,-0.49834659769190204,0.10158962582821664,1.5806420087202933,-1.4700721769609064,2.669382200990927,0.2574583224320709
YOG_YONCS09338PEF,2021,YOG,YONCS09338PEF,0933,,CS,2021,0.0,1.106778152751866,-2.23101698430701,0.6884065992530571,1.4020569167662607,-0.11033934968860987,0.020677066922997058,0.5183721652657666,0.22685038902034582,-0.5569222554123106,0.927018779461667
YOG_YONCS09338PEF,2022,YOG,YONCS09338PEF,0933,,CS,2022,0.0,-1.0485533407407206,-2.0759041616676694,0.6278514570281797,0.9541835602099987,0.09980358175168412,0.20806670754322554,0.31789933909935025,0.12894411173965878,-0.42868053994267635,0.562544624314967
YOG_YONCS09338PEF,2023,YOG,YONCS09338PEF,0933,,CS,2023,0.0,-0.1332950294300331,-2.1563062766358243,0.5082445602432991,1.2437615776301496,0.036213761688862894,0.13417032565733095,0.429198479110504,0.08148177426437214,-0.5390674488820382,-0.10300152039551218
YOG_YONCS09338PEI,2020,YOG,YONCS09338PEI,0933,,CS,2020,0.0,2.0569199621813508,-0.4065457034089956,2.611083776350619,0.713862712301296,-0.24212186243512213,-0.1569171284269026,1.8157656641567286,-1.7460139218705453,2.1238036089715795,0.9917002927587818
YOG_YONCS09338PEI,2021,YOG,YONCS09338PEI,0933,,CS,2021,0.0,1.1279604970037231,-2.1430004219166174,-0.42538198091747714,1.8401943879532354,0.8339041714057494,-0.07618798766262416,0.8696994651785018,-0.49546163095489326,-0.6785116931102863,1.216587485047456
YOG_YONCS09338PEI,2022,YOG,YONCS09338PEI,0933,,CS,2022,0.0,-1.0397230606468795,-1.0035211456131654,3.027137690682211,-0.3898856688311457,0.0017156430174447173,-0.15775867553039788,0.4308156214058044,0.21732328119735847,-1.2662519355142354,1.6327441404009113
YOG_YONCS09338PEI,2023,YOG,YONCS09338PEI,0933,,CS,2023,0.0,-0.10484423371920558,-2.0380879526408853,-0.9877263758681047,1.8322403379499097,1.3044624125705022,0.004067262145271055,0.9010792642874131,-0.8886824094278607,-0.7023787524567702,0.28592899593049875
YOG_YONCS09338PWZ,2020,YOG,YONCS09338PWZ,0933,,CS,2020,6.19,2.0065779759714215,0.4807352056896394,0.3583951404077715,1.7639541258121687,-0.9511114725019786,-0.23560603950483897,0.6982014637466908,0.004477852502784533,1.7076386934747243,0.24132127818203628
YOG_YONCS09338PWZ,2021,YOG,YONCS09338PWZ,0933,,CS,2021,8.19,1.2777045715829227,-0.14163800006101254,-0.2144918571296477,1.1868730253363384,-0.8645831173269383,-0.43692586413369494,0.27303426633782607,0.6448136754839446,-0.5282736661805402,0.8935685797702065
YOG_YONCS09338PWZ,2022,YOG,YONCS09338PWZ,0933,,CS,2022,0.0,-0.991317774977884,1.73341676491864,-0.24302181610507956,1.8706167442846087,-0.914903200081924,-0.31408024382631056,-0.07228571944349553,0.5260889289796968,-0.22273219727977114,-0.5705407815544252
YOG_YONCS09338PWZ,2023,YOG,YONCS09338PWZ,0933,,CS,2023,7.88,-0.17359800741309422,0.8913897394122932,-0.08189620155389696,2.251924669008663,-1.8251296614717154,-0.29031901618151973,0.15297765141600508,0.05112063523883164,-1.4975640917775497,-1.2222918707381285
YOG_YONCS09338PWZF,2020,YOG,YONCS09338PWZF,0933,,CS,2020,0.0,2.042993291958873,-1.1276488892646792,1.4342016397318238,1.4491328848882918,-0.4987583340904561,0.11209538246763921,1.6156665588330341,-1.5419999710682233,2.738087217540629,0.192852015218944
YOG_YONCS09338PWZF,2021,YOG,YONCS09338PWZF,0933,,CS,2021,0.0,1.106778152751866,-2.23101698430701,0.6884065992530571,1.4020569167662607,-0.11033934968860987,0.020677066922997058,0.5183721652657666,0.22685038902034582,-0.5569222554123106,0.927018779461667
YOG_YONCS09338PWZF,2022,YOG,YONCS09338PWZF,0933,,CS,2022,9.04,-0.9826686434486606,-2.38677269839382,0.7873011393668597,0.37273787400190334,0.6820271863336318,0.2700817501105339,0.24882793176376103,0.5208689313537341,-0.20809336630169248,0.6244295282794351
YOG_YONCS09338PWZF,2023,YOG,YONCS09338PWZF,0933,,CS,2023,0.0,-0.01309840083284284,-2.1040800829969517,0.1429714681766819,0.3385407228440811,0.9339447988291247,0.044395227309601375,0.44158432542217096,0.6978616877769598,0.634569789567414,0.08810463609899177
YOG_YONCS09338PWZI,2020,YOG,YONCS09338PWZI,0933,,CS,2020,0.0,2.0599270938403196,-0.42252927217483466,2.5870581763295797,0.7644595742352454,-0.25759353218999986,-0.1315140849677501,1.835929277181657,-1.7995943252741389,2.2225807480944875,0.885803466915058
YOG_YONCS09338PWZI,2021,YOG,YONCS09338PWZI,0933,,CS,2021,0.0,1.126714476753614,-2.1481778667631115,-0.359865005613328,1.814421595530472,0.778360434870787,-0.07049004327523468,0.8490331534189293,-0.4529726886034086,-0.6713593732456994,1.1995540317777038
YOG_YONCS09338PWZI,2022,YOG,YONCS09338PWZI,0933,,CS,2022,0.0,-1.0407543342344812,-1.128762957707122,2.7469290794525434,-0.23291408003801936,0.01317116870903485,-0.11503454320063163,0.41762831836271486,0.2070016263701818,-1.168433378367192,1.5077573356025529
YOG_YONCS09338PWZI,2023,YOG,YONCS09338PWZI,0933,,CS,2023,0.0,-0.10816695438616354,-2.0518944722315355,-0.8130144417237072,1.7635128914892078,1.1563457818106027,0.01926178051164301,0.8459690995952194,-0.775378563157235,-0.6833058994845387,0.24050645387782593
YOG_YONCS10169PNE,2020,YOG,YONCS10169PNE,1016,,CS,2020,5.78,2.109482449961216,1.8526900026314033,3.698267760696968,0.5692741247202744,0.2174644287032013,-0.4632405170667028,1.4964697676033283,-1.2158373979829018,1.7769133656488796,0.7447000984603148
YOG_YONCS10169PNE,2021,YOG,YONCS10169PNE,1016,,CS,2021,5.54,1.31792769502894,-0.5022048193020668,-1.7334148774121174,2.0632537254097043,1.8310712396699835,-0.43812579121023715,0.7570078865819322,-0.36376616822145563,-0.25750780516957444,1.3781174343273856
YOG_YONCS10169PNE,2022,YOG,YONCS10169PNE,1016,,CS,2022,8.4,-0.903389330664769,2.55252168215704,4.31159171025829,-0.5516374939909753,0.3007896928720652,-0.6705358082064453,-0.23097456683793538,1.3061771311010237,-1.3739028869842262,1.451579285300187
YOG_YONCS10169PNE,2023,YOG,YONCS10169PNE,1016,,CS,2023,6.28,0.002266481985484943,0.17510748657572364,-2.4928268713998896,2.0912407564087383,1.8342765501426916,-0.4469039311581918,0.8807302053373542,-0.7102838064466328,-0.2961791904436004,-0.12996408860907724
YOG_YONCS10169PNW,2020,YOG,YONCS10169PNW,1016,,CS,2020,3.72,2.0889745628235805,1.5843052252293655,2.9356790657992824,2.559416699644607,0.7749159810649544,0.027238789341206004,-0.023878420615979914,0.09291697954855072,2.525838888437619,0.14249535559737356
YOG_YONCS10169PNW,2021,YOG,YONCS10169PNW,1016,,CS,2021,2.5,1.2606009244283298,-0.5806116088921391,-0.5368596112726661,2.108145795386444,0.9843040751921588,-0.2909176888679524,0.381569597992454,0.15648878237806857,-0.3839516703685592,1.0795567459038165
YOG_YONCS10169PNW,2022,YOG,YONCS10169PNW,1016,,CS,2022,3.99,-0.9458994137422049,2.0553429695529593,3.1460072765815,2.261983211770515,1.1395008702612488,-0.001446364831613238,-1.689699324183692,2.0785858004877955,-0.567685115992871,0.46678837336215123
YOG_YONCS10169PNW,2023,YOG,YONCS10169PNW,1016,,CS,2023,3.47,-0.10377931775669111,-0.050300210803047606,-0.8849552814106114,2.187083628338227,0.9036895492385522,-0.18168883552966064,0.45302101424070307,-0.11735882752703018,-0.46085615254139595,-0.7814544540908832
YOG_YONCS10169PSE,2020,YOG,YONCS10169PSE,1016,,CS,2020,3.99,2.1352126753105733,2.543109085199099,3.7715727401609738,5.182105466510786,2.7673521893473296,0.5760210606029093,-2.487761420915893,2.1401190459210944,3.245099093666919,0.06274051526256366
YOG_YONCS10169PSE,2021,YOG,YONCS10169PSE,1016,,CS,2021,3.28,1.2966836967436906,-0.29964776616832184,0.0074976610214161025,2.5515249343719635,1.8907856310799995,-0.17621488613418182,-0.018246350724207126,0.6637956668209621,-0.2495367440746595,1.1290718778867244
YOG_YONCS10169PSE,2022,YOG,YONCS10169PSE,1016,,CS,2022,4.45,-0.8628695820401143,3.2014168803228737,4.134196327202294,5.2004561081480105,3.7335875245323584,0.6445598833524596,-4.425082113341596,4.37427452523444,0.5164401830830777,0.2968314574865699
YOG_YONCS10169PSE,2023,YOG,YONCS10169PSE,1016,,CS,2023,3.05,-0.08163689058104624,0.34448139390317356,-0.43549192289122574,2.685069055805403,1.552200277519713,-0.10718712337395173,0.1088004941021048,0.268311461462232,-0.3548318985799323,-0.7658573381439949
YOG_YONCS10169PSW,2020,YOG,YONCS10169PSW,1016,,CS,2020,5.52,2.103545534550375,2.0824175818953714,3.7745560887920035,0.9424893869230003,0.3995901536014657,-0.44587627221029075,1.2380050796794786,-1.0140150754695436,1.7092526706551379,0.8224819714576459
YOG_YONCS10169PSW,2021,YOG,YONCS10169PSW,1016,,CS,2021,4.4,1.3046376262010937,-0.32038215265089326,-1.702555634943484,2.36330619884034,1.8308311355068305,-0.4494587754742456,0.6963935610079818,-0.396848633011165,-0.43840925067911785,1.418005768407314
YOG_YONCS10169PSW,2022,YOG,YONCS10169PSW,1016,,CS,2022,6.97,-0.9449367853227759,2.6345268455290918,3.981872353818673,0.7162694863430489,0.6991976574577728,-0.4058888206265529,-0.8270811388631573,1.6588366071825502,-1.0992078439460735,0.8645463089068635
YOG_YONCS10169PSW,2023,YOG,YONCS10169PSW,1016,,CS,2023,4.79,-0.05158457500194068,0.43197902527925713,-1.8246603132692139,2.3947576896935274,1.5534234027804268,-0.35140527945329203,0.6424720966708748,-0.43536479759958335,-0.3710312464791641,-0.521861149023666
YOG_YONCS10338R,2020,YOG,YONCS10338R,1033,,CS,2020,14.38,2.062329789972228,0.3763266960493827,0.08361385374957839,1.096726550723031,-1.328081972430756,-0.32392339785059393,0.7433690008186669,0.1324453356080642,1.9541916062229152,0.10513768579852817
YOG_YONCS10338R,2021,YOG,YONCS10338R,1033,,CS,2021,15.27,1.4126994753108861,0.35295287638085254,-1.0350932542797486,0.12053291650438615,-1.1009269222530638,-0.7477820305281652,0.30839552207926546,1.1368986818459077,0.23086704780531683,0.9985887744187257
YOG_YONCS10338R,2022,YOG,YONCS10338R,1033,,CS,2022,20.7,-0.7932589658798619,2.402083847527318,-1.0509152455711726,0.3853207498048869,-1.022222020575741,-0.6619408457866564,-0.08042582088081,1.2370647262028336,0.508431498655924,-0.4803439601463134
YOG_YONCS10338R,2023,YOG,YONCS10338R,1033,,CS,2023,16.53,0.09694145916775627,1.883906266793127,-1.6891833252469164,0.17919533068646576,-1.6432754636885503,-0.8915590858366751,0.227333955649938,1.2046524694020488,0.19845095588120876,-0.7120091895284987
YOG_YONCS10338RF,2020,YOG,YONCS10338RF,1033,,CS,2020,0.0,2.0348978119273027,-1.2128241158085549,1.3869252729403727,1.4487076704441977,-0.5749426563552457,0.06688985339280798,1.5436493309595767,-1.4138270152020778,2.685437736190176,0.2411112600386058
YOG_YONCS10338RF,2021,YOG,YONCS10338RF,1033,,CS,2021,0.0,1.1028793119735183,-2.2871997904098262,0.6907074541558723,1.4096882494376595,-0.1869354083519536,-0.014022705512411525,0.4813794875050499,0.2830955507791744,-0.5408667202130617,0.9106717170682018
YOG_YONCS10338RF,2022,YOG,YONCS10338RF,1033,,CS,2022,0.0,-1.0524521815190684,-2.1320869677704857,0.6301523119309949,0.9618148928813975,0.02320752308834037,0.17336693510781692,0.28090666133863357,0.1851892734984874,-0.41262500474342756,0.5461975619215018
YOG_YONCS10338RF,2023,YOG,YONCS10338RF,1033,,CS,2023,0.0,-0.1371938702083809,-2.2124890827386405,0.5105454151461143,1.2513929103015484,-0.04038229697448084,0.09947055322192234,0.39220580134978716,0.13772693602320074,-0.5230119136827893,-0.11934858278897736
YOG_YONCS10338RI,2020,YOG,YONCS10338RI,1033,,CS,2020,0.0,2.061182785970404,-0.28381612504775783,2.908304591998719,0.5877495426933339,-0.2689298796426075,-0.23076876695532147,1.8633339934681263,-1.8228545232314446,2.1083237521431784,1.0483819852541794
YOG_YONCS10338RI,2021,YOG,YONCS10338RI,1033,,CS,2021,0.0,1.1355628813707364,-1.2895771673616798,1.3550153113162247,0.8153124585494868,0.8608332806397012,-0.4342903509055821,0.9955540274650404,-0.5073044863907135,-1.383254443799011,2.1475495844081363
YOG_YONCS10338RI,2022,YOG,YONCS10338RI,1033,,CS,2022,0.0,-1.0213655178561045,-1.1335399912617923,1.3993291743654004,0.3232646544633031,0.9962019263443213,-0.24197370937277812,0.7683503253927201,-0.5479137371093893,-1.251589961664951,1.7681758335349969
YOG_YONCS10338RI,2023,YOG,YONCS10338RI,1033,,CS,2023,0.0,-0.11331181541462056,-2.1132547231808454,-0.745196611516743,1.7453714317378435,1.0242059866122968,-0.0097400475363761,0.7883101100749298,-0.6766444590469217,-0.6600980444207031,0.20712593821460848
YOM_YOMCS23169SO,2023,YOM,YOMCS23169SO,2316,,CS,2023,0.0,0.31987306237682667,-2.118154655871565,-0.8303577106340285,-0.5697053605766844,-2.113014921002676,-0.4760363420374323,-1.1427945189242765,0.6803260566673369,0.3573050075786581,-0.9545722779631363
YOM_YOMCS23338SE,2023,YOM,YOMCS23338SE,2333,,CS,2023,0.0,0.09812185604633962,-2.355112901196445,-0.5465686322530697,-0.11058380633430723,-1.7237367659675011,-1.020876351091399,0.08575221439562941,1.28268348750178,0.14121867709177724,-1.081170066086595
YOM_YOMCS23338SW,2023,YOM,YOMCS23338SW,2333,,CS,2023,0.0,0.11223236945657004,-2.1549187014731963,-0.7465044376071515,-0.2570785523768469,-2.175215075711387,-0.7394365015922919,-0.22756296551678457,1.394711392554195,0.5246354678239991,-0.8400539142951166
YOM_YONCS0422,2020,YOM,YONCS0422,0422,,CS,2020,10.34,2.5874873025361347,2.099060856136243,1.6895093817816662,-0.20618860732752195,-0.8418626419815262,1.5683619131200066,0.5490769154946247,-2.492871289609827,2.06450056927363,-0.05987859562103365
YOM_YONCS0422,2021,YOM,YONCS0422,0422,,CS,2021,6.02,1.777079334112355,0.4500267759719463,-2.157089995565324,0.26619508739569364,-0.30917894627140824,1.2933199478723045,-0.34641600051034566,-1.1276940891093865,-0.5772483439393241,1.2997109199134176
YOM_YONCS0422,2022,YOM,YONCS0422,0422,,CS,2022,8.68,-0.5208607078590031,1.220308208263447,-0.6450792714940768,0.077337476353484,-1.0154411905146838,1.7160349105226793,-1.0142110711172512,-0.4896885898512388,-0.5750699058328189,-0.444048399602147
YOM_YONCS0422,2023,YOM,YONCS0422,0422,,CS,2023,9.98,0.46571277256605337,0.7214311659993657,-0.8660875684755027,-0.20066436712043736,-0.6287315277229224,1.641024686735093,-0.8805649589422817,-0.29748698057429496,-0.2878258602393232,-0.7750945781924845
YOM_YONCS0423,2020,YOM,YONCS0423,0423,,CS,2020,11.28,2.6094615215938863,1.7486245423213764,1.7081928048306791,-0.9691649468634945,-0.9806581939654042,1.5084512525411753,0.898767711158678,-2.659430084225747,2.0348495856949014,0.025642925787565416
YOM_YONCS0423,2021,YOM,YONCS0423,0423,,CS,2021,8.28,1.8373005570503682,0.40379928211280414,-2.336721381842424,-0.0834636260838323,0.06699603214581157,1.3055034391777212,-0.3347067888549566,-1.002721768983346,-0.1531794302115146,1.2404209684379093
YOM_YONCS0423,2022,YOM,YONCS0423,0423,,CS,2022,10.5,-0.45851145968835566,2.3449847529352925,0.6613400314187335,-1.3944045447849387,-1.3777002143272976,1.2764487581143964,-0.6366450371636692,-0.5438959144326144,-1.0444427743327536,0.27937645095077257
YOM_YONCS0423,2023,YOM,YONCS0423,0423,,CS,2023,11.34,0.5194420354183482,1.1118986869378837,-2.227899082781097,0.016068435908109194,-0.0895042530802692,1.4353195421998037,-0.5492537283050871,-0.9221249623346806,-0.38523663532046,-0.48879177234614063
YOM_YONCS04GON,2020,YOM,YONCS04GON,04,,CS,2020,6.95,2.5483754467543247,2.2979462008216593,2.111390039059038,1.8725053782557695,0.4276197640785568,2.0108863914242074,-0.9751273200889596,-1.3280261257674633,2.5074753559723413,-0.1685939912196089
YOM_YONCS04GON,2021,YOM,YONCS04GON,04,,CS,2021,4.86,1.7078707568878282,0.0039009257144974737,-1.2140191552854762,0.6659830380513113,0.11756201822145443,1.5100089572398714,-0.5263788340015972,-0.9542674051463356,-0.8186863368189493,1.2965019688660375
YOM_YONCS04GON,2022,YOM,YONCS04GON,04,,CS,2022,4.62,-0.5408251089119755,2.139792803113374,1.7318881405280977,0.5554052075111806,0.2918790041229773,1.7883355864412285,-1.821351690197545,0.2221495618515843,-0.8625685851930056,0.268580375611688
YOM_YONCS04GON,2023,YOM,YONCS04GON,04,,CS,2023,6.06,0.3878618031161174,0.5491304960288218,-1.2501340507529455,1.0337754567530997,0.5975407672866639,1.7224531038587865,-0.6409547186868844,-1.1546075913332048,-0.8461333790208916,-0.48159324317971536
YOM_YONCS04GOS,2020,YOM,YONCS04GOS,04,,CS,2020,8.46,2.567900596775875,2.3503636250301567,1.1793640834693333,0.15747961378035052,-1.6265718479912097,1.540038989884777,0.6711015826124028,-2.897082328951269,2.2348754299899953,-0.47338572053406847
YOM_YONCS04GOS,2021,YOM,YONCS04GOS,04,,CS,2021,6.79,1.7591646920809587,0.5594272464125928,-1.9897859751791371,0.2823158313432607,-1.1377734917457951,1.2582159394237629,-0.47460206108755076,-1.0507796765187964,-1.150920940912587,1.260521283905309
YOM_YONCS04GOS,2022,YOM,YONCS04GOS,04,,CS,2022,8.6,-0.476498557825379,1.43263153459427,0.9600081233630021,-1.821418044347205,-0.9743607190939959,1.4281825498509166,-0.4417710230776435,-0.5933211126296793,-0.8761143307603654,0.29142736278760584
YOM_YONCS04GOS,2023,YOM,YONCS04GOS,04,,CS,2023,8.26,0.4978987678711199,0.7911058816343361,-1.9919948513448829,0.1368708558042543,0.21011793214510882,1.5650631949020644,-0.5316194986327595,-1.0170222089357117,-0.1934959479646396,-0.6225451738270069
YOM_YONCS09GORE,2020,YOM,YONCS09GORE,09,,CS,2020,5.52,2.5163179563036904,2.2022689065662524,2.6984323323840855,1.7282519011278017,0.4894410141639576,1.771285411706135,-1.0384602745766032,-1.051627135364139,2.251770021720033,0.17066700155525635
YOM_YONCS09GORE,2021,YOM,YONCS09GORE,09,,CS,2021,3.6,1.6592549782551882,-0.4100575861951733,-1.3125170013239964,1.100735012335549,0.3995378262839603,1.4163781044439498,-0.61648151859186,-0.9296497717679569,-0.7232303732899327,1.2991797232573072
YOM_YONCS09GORE,2022,YOM,YONCS09GORE,09,,CS,2022,6.04,-0.5708604834816284,2.255115092878912,2.442970572760272,1.0417877801493676,0.4357302993625445,1.6966865360185646,-2.412605719271905,0.852874881704598,-0.9094978898527006,0.35570684397966984
YOM_YONCS09GORE,2023,YOM,YONCS09GORE,09,,CS,2023,5.92,0.37440224231445507,0.40160168536403573,-1.3460378758009601,1.2596161657597569,0.8197904068598189,1.5559488010557319,-0.8390017588784598,-0.811903183634867,-0.6360798476729406,-0.40357316949845595
YOM_YONCS09GORW,2020,YOM,YONCS09GORW,09,,CS,2020,10.77,2.458436792896017,1.0043025826413567,-0.08990436750687622,0.8841825298564817,-1.279154044491478,1.504930485078305,-0.6008398974664583,-0.7324489201553409,1.5679585733207904,0.2141076803289836
YOM_YONCS09GORW,2021,YOM,YONCS09GORW,09,,CS,2021,6.24,1.7086866056858672,0.44396069150183487,-1.10888605831669,0.2157196272115727,-1.6262024771928445,1.1611282354001973,-0.8813844544471765,-0.19650133345502885,-0.6038734616238217,1.0546903880346843
YOM_YONCS09GORW,2022,YOM,YONCS09GORW,09,,CS,2022,9.76,-0.5561650661683596,1.406662578704975,-0.5738745513817628,0.4825253091550159,-1.2992772603123093,1.5079102576163828,-1.2701427193782513,-0.1767703634542984,-0.6305711541722936,-0.4638600470561402
YOM_YONCS09GORW,2023,YOM,YONCS09GORW,09,,CS,2023,10.28,0.4210252399555311,0.7392127337096381,-0.8932352078932044,0.06781822868326046,-1.0304969339218917,1.414440393806837,-1.0678689892919841,-0.015110332577220173,-0.34511525448731817,-0.7276602669868323
YOM_YONCS09GORWF,2020,YOM,YONCS09GORWF,09,,CS,2020,0.0,0.1167237265242716,-1.2005745737208906,0.8134865630170436,0.5553367435027808,-0.039284762383686084,0.41755706160157813,0.6211645992716,-0.984356960049743,0.6624479181109845,-0.7346291869764316
YOM_YONCS09GORWF,2021,YOM,YONCS09GORWF,09,,CS,2021,0.0,-0.007681094771833469,-2.1735145026903155,0.5455436755941032,0.762020712468258,0.04938832985545824,0.47294362321986844,0.08135869898504033,-0.14844937580353582,-0.6086925979851099,0.012291060500775058
YOM_YONCS09GORWF,2022,YOM,YONCS09GORWF,09,,CS,2022,0.0,-0.007681094771833469,-2.1735145026903155,0.5455436755941032,0.762020712468258,0.04938832985545824,0.47294362321986844,0.08135869898504033,-0.14844937580353582,-0.6086925979851099,0.012291060500775058
YOM_YONCS09GORWF,2023,YOM,YONCS09GORWF,09,,CS,2023,0.0,-0.007681094771833469,-2.1735145026903155,0.5455436755941032,0.762020712468258,0.04938832985545824,0.47294362321986844,0.08135869898504033,-0.14844937580353582,-0.6086925979851099,0.012291060500775058
YOM_YONCS09GORWI,2020,YOM,YONCS09GORWI,09,,CS,2020,0.0,0.1469070005348815,0.13520046462907132,2.996273929745014,-0.7613177316031173,0.42317079847473854,-0.055051702495938715,1.0243631781287261,-1.4391185838029514,-0.3628213656252094,0.6285228451815638
YOM_YONCS09GORWI,2021,YOM,YONCS09GORWI,09,,CS,2021,0.0,0.030530192898183026,-2.0147395273978423,-1.4636435670664683,1.5523863467663301,1.7527295835943024,0.2982066620065909,0.7151255929452687,-1.4514436079157318,-0.8280304071657718,0.5346502941065123
YOM_YONCS09GORWI,2022,YOM,YONCS09GORWI,09,,CS,2022,0.0,-0.001557907845447221,-1.429891243382448,2.2092823047702566,-0.1699980959909298,-0.018628853938357264,0.21926908751188132,0.15965831080338455,-0.08716455026717476,-1.1894902810456802,0.7544002139910284
YOM_YONCS09GORWI,2023,YOM,YONCS09GORWI,09,,CS,2023,0.0,0.012047559188229393,-2.0915382926208324,-0.4918084333882571,1.1700899258286759,0.9288308249923615,0.38272617041953494,0.4085753018449408,-0.8211909630353761,-0.7219376625077343,0.28198740393851984
YOM_YONCS19338S,2020,YOM,YONCS19338S,1933,,CS,2020,0.0,2.0555419098203447,-2.3058333041953456,0.16829530435661402,0.6155814617708046,-1.769157047240882,-0.6420908994759146,0.7355366763032172,0.30220071313428143,1.8210641756777797,0.68942003236806
YOM_YONCS19338S,2021,YOM,YONCS19338S,1933,,CS,2021,0.0,1.1948662771713467,-2.887337831298607,0.3148902543746394,0.7135233417276484,-1.3881493180130093,-0.5444055955109492,0.26868418476528355,0.7763507792911438,-0.23725499938052266,0.26067326677449615
YOM_YONCS19338S,2022,YOM,YONCS19338S,1933,,CS,2022,0.23,-0.9274208486599517,0.6101773343606136,2.8701219324491465,2.0346156229107786,-0.055475383654140564,-0.5341574836770795,-1.4565370386108532,1.7087545744825055,-0.7593329239120189,0.6499515561996783
YOM_YONCS19338S,2023,YOM,YONCS19338S,1933,,CS,2023,4.69,-0.10657060918408634,-0.8987702126232288,-0.7783675841221191,2.3795019848255086,-0.250298483679941,-0.6747293422449687,0.15052322320917627,0.1450272171106664,-1.3452671589092207,-0.8464415548886288
YOM_YONCS21169SN,2021,YOM,YONCS21169SN,2116,,CS,2021,0.0,7.85366031432223,-2.663015913421948,-0.3755891540001832,0.31692640796051025,-2.121630812651685,-0.02409668863661335,-0.6421092842893338,0.8133518359699292,-0.7533806466805524,0.44842032313881536
YOM_YONCS21169SN,2022,YOM,YONCS21169SN,2116,,CS,2022,0.0,5.090983279060976,-2.9613426689868225,0.057662596644341174,0.06114835276409633,-1.728613458343037,0.4117090946591495,-0.8802624112243796,0.42386533171754986,-0.8126182341232681,-0.34611432928159813
YOM_YONCS21169SN,2023,YOM,YONCS21169SN,2116,,CS,2023,0.0,6.038193938823858,-3.049279740979425,-0.02062056800912302,0.4044331376811893,-1.876031595587531,0.3860998364124909,-0.6762884335683834,0.17870305489256094,-0.5094631059825824,-1.0123202187453535
YOM_YONCS21169SS,2021,YOM,YONCS21169SS,2116,,CS,2021,0.0,7.8525510071315185,-2.666199580022701,-0.37210415123300034,0.32179756625052797,-2.117257857119008,-0.02376535803128571,-0.6404370288726128,0.8109614522227804,-0.7572002358418882,0.4518419916259467
YOM_YONCS21169SS,2022,YOM,YONCS21169SS,2116,,CS,2022,0.0,5.089873971870264,-2.9645263355875757,0.06114759941152406,0.06601951105411405,-1.7242405028103598,0.41204042526447715,-0.8785901558076586,0.42147494797040114,-0.8164378232846039,-0.3426926607944668
YOM_YONCS21169SS,2023,YOM,YONCS21169SS,2116,,CS,2023,0.0,6.037084631633147,-3.052463407580178,-0.017135565241940022,0.40930429597120704,-1.8716586400548538,0.38643116701781854,-0.6746161781516624,0.17631267114541216,-0.5132826951439182,-1.0088985502582222
YOM_YONCS21412RE,2021,YOM,YONCS21412RE,2141,,CS,2021,0.0,7.784328614902756,-2.861995075969022,-0.15777648105124698,0.6213738010866192,-1.848321091859359,-0.0033885258036347224,-0.537593320744271,0.6639528517731309,-0.9921049692640468,0.6622746035845238
YOM_YONCS21412RE,2022,YOM,YONCS21412RE,2141,,CS,2022,0.0,5.021651579641501,-3.160321831533897,0.2754752695932775,0.3655957458902055,-1.4553037375507114,0.43241725749212817,-0.775746447679317,0.27446634752075133,-1.0513425567067634,-0.13226004883588965
YOM_YONCS21412RE,2023,YOM,YONCS21412RE,2141,,CS,2023,0.0,5.968862239404384,-3.2482589035264997,0.19719210493981343,0.7088805308072984,-1.6027218747952052,0.4068079992454695,-0.5717724700233208,0.029304070695762595,-0.7481874285660769,-0.7984659382996447
YOM_YONCS21412RW,2021,YOM,YONCS21412RW,2141,,CS,2021,0.0,7.788765843665602,-2.8492604095660092,-0.17171649211997886,0.6018891679265482,-1.865812913990068,-0.0047138482249452825,-0.544282342411155,0.6735143867617259,-0.976826612618703,0.6485879296359985
YOM_YONCS21412RW,2022,YOM,YONCS21412RW,2141,,CS,2022,0.0,5.0260888084043485,-3.147587165130884,0.26153525852454557,0.3461111127301345,-1.4727955596814202,0.4310919350708176,-0.782435469346201,0.28402788250934646,-1.0360642000614197,-0.14594672278441506
YOM_YONCS21412RW,2023,YOM,YONCS21412RW,2141,,CS,2023,0.0,5.97329946816723,-3.235524237123487,0.1832520938710815,0.6893958976472274,-1.6202136969259142,0.40548267682415895,-0.5784614916902048,0.0388656056843577,-0.7329090719207333,-0.8121526122481701
YON_YONCS120614,2020,YON,YONCS120614,1206,,CS,2020,7.71,2.126125093429242,1.7348642385001791,1.948218594498852,1.240544285886885,-1.287548955990702,-0.46239197234616525,1.3588521788199357,-1.2185535536136638,2.716618115370874,-1.000598286177716
YON_YONCS120614,2021,YON,YONCS120614,1206,,CS,2021,10.03,1.3829045107791529,0.07123128932102879,-1.2602454877847367,1.0769965162096191,-0.5427592137901353,-0.7984090457054949,0.4023999016099313,0.5027491452258115,-0.4485801579954452,0.8195731515888185
YON_YONCS120614,2022,YON,YONCS120614,1206,,CS,2022,7.11,-0.8840725911789337,0.9698762183331711,1.1887283446831294,-0.9129703673972989,-0.9277958051752961,-0.7426648528191484,0.40798121018302697,0.9568402393122135,-0.2958744457701327,0.06438920307490086
YON_YONCS120614,2023,YON,YONCS120614,1206,,CS,2023,8.06,-0.011925583888258564,0.07147583098080955,-1.4526197465781496,1.152395183863869,-0.3063078692817225,-0.5452141293951291,0.5754342320628669,0.0788528250602208,-0.057808071673081364,-1.1781856526516006
YON_YONCS12338R,2020,YON,YONCS12338R,1233,,CS,2020,16.42,2.0715653020082927,1.1131185035429467,-0.014485947921474318,1.4239414725023185,-1.7114721830223891,-0.5823968901329155,0.6622968334123663,0.18584342641203655,1.890153018101611,-0.4302342823026266
YON_YONCS12338R,2021,YON,YONCS12338R,1233,,CS,2021,16.26,1.463175070880747,0.7892728402303323,-1.2802437154222368,0.12443305521595989,-1.4983033877868588,-1.0717872915314655,0.19944503753199397,1.367705587676677,-0.07791649462282844,0.9434166298997403
YON_YONCS12338R,2022,YON,YONCS12338R,1233,,CS,2022,12.98,-0.6911795013554886,0.33974244620215666,-1.1187112180199994,-0.5512528599208736,-0.6842505504290962,-0.7184443373338553,0.05935823291485373,1.3147663577127715,0.6628514195858712,0.4571678041213016
YON_YONCS12338R,2023,YON,YONCS12338R,1233,,CS,2023,14.28,0.08530682837401657,0.6423679244576829,-1.0274803145269527,0.27545518671666025,-1.2632270381250779,-0.7252312498609426,0.22559167570388536,1.0249411356665483,0.25699157108147813,-1.0225239404127555
YON_YONCS12338RF,2020,YON,YONCS12338RF,1233,,CS,2020,0.0,0.11042876764443751,-1.2440632043824797,0.7391207304756443,0.5432519228295412,-0.03866715778585497,0.40179842664244414,0.5686277741024889,-0.8764652688887674,0.5593903932864314,-0.6377197261567412
YON_YONCS12338RF,2021,YON,YONCS12338RF,1233,,CS,2021,16.26,0.11082390279109783,-2.7326652114477485,0.8323414449333665,-0.28380969214940066,1.0966179549110413,0.5844883789880582,-0.042878146510167844,0.5564950453164714,-0.21192850026360585,0.12360173953421014
YON_YONCS12338RF,2022,YON,YONCS12338RF,1233,,CS,2022,0.0,0.09885065513823431,-0.8184969991026146,1.4063904608752005,-1.2358143976356155,1.4699161112150305,0.15689642443640547,0.14599797514825794,1.1032895899090922,1.0950997424500823,-0.016140871422926174
YON_YONCS12338RF,2023,YON,YONCS12338RF,1233,,CS,2023,0.0,0.00810182839621682,-2.107933534634729,-0.28433801159178496,1.088476083156592,0.7529423259649808,0.4007696609796016,0.3431319812729607,-0.686642645589008,-0.6992886496032094,0.2280481352509709
YON_YONCS12338RI,2020,YON,YONCS12338RI,1233,,CS,2020,0.0,0.14201744423882828,-0.30904657396584206,2.2735301973126343,-0.27017112189936976,0.254178069865349,0.13231284693655684,0.9284651475403061,-1.3780949758260075,0.11039403620832486,0.03823277271364415
YON_YONCS12338RI,2021,YON,YONCS12338RI,1233,,CS,2021,0.0,0.01661630010529658,-2.072554328183689,-0.7320373428368037,1.264590164712141,1.1324911922872232,0.36183370766577344,0.48435177829670717,-0.9769837516574864,-0.7481628353445525,0.344443399260945
YON_YONCS12338RI,2022,YON,YONCS12338RI,1233,,CS,2022,0.0,0.0010847307227826277,-1.1089590998916838,2.9273168710462802,-0.5722377922733161,-0.047983638523056774,0.10978849841685537,0.1934507748513014,-0.06071530977253481,-1.4401503337349788,1.0746789012868219
YON_YONCS12338RI,2023,YON,YONCS12338RI,1233,,CS,2023,0.0,0.020562030897309156,-2.0561590861697923,-0.9395077646332758,1.3462040073842245,1.308379691314604,0.3437902171057068,0.5497950988686873,-1.1115320691038546,-0.7708118482490774,0.39838266794849403
YON_YONCS13338RN,2020,YON,YONCS13338RN,1333,,CS,2020,13.39,2.120774018644358,2.2272294405660586,2.5164969121694303,0.450231351785298,-1.299725537375609,-0.8155261768322492,1.7225695497180964,-1.3629054487839514,1.9966115484713527,-0.25651688442035964
YON_YONCS13338RN,2021,YON,YONCS13338RN,1333,,CS,2021,15.9,1.4477062615344636,0.89971637043299,-2.452685356000257,1.2142391552998448,-0.009208181238851962,-1.1315838298642509,0.5883595712793046,0.3167467474249393,-0.3231828629849314,1.2188467600529904
YON_YONCS13338RN,2022,YON,YONCS13338RN,1333,,CS,2022,12.28,-0.8411006208335253,1.953315194596154,1.367787964360299,-1.5817730015532243,-1.23869043135371,-1.1577047782890488,0.5133601147772515,1.1817220845857002,-0.5004182189257629,0.6496553602632541
YON_YONCS13338RN,2023,YON,YONCS13338RN,1333,,CS,2023,13.6,0.08121741486231224,0.18960337476233044,-2.2102876421495306,0.795781985588361,0.3018526603514804,-0.7710280692333142,0.6635866520106963,0.2164014869733562,0.12254925945903243,-0.5576676819295875
YON_YONCS13338RS,2020,YON,YONCS13338RS,1333,,CS,2020,14.27,2.140069892809819,2.333497612539906,2.704793310855887,0.5471590175464034,-1.1572816567419022,-0.757161568083937,1.733684983402913,-1.4704445437259197,2.2450914568244733,-0.4547724948717662
YON_YONCS13338RS,2021,YON,YONCS13338RS,1333,,CS,2021,16.38,1.4510648183232504,0.41667829954873664,-2.39720296874694,0.8593518490948868,0.2069017200806651,-1.0801604165105494,0.6393407712089519,0.4401158134839403,-0.15992552798181436,1.311169420220712
YON_YONCS13338RS,2022,YON,YONCS13338RS,1333,,CS,2022,11.87,-0.8380775023113997,2.1564369439988456,1.5834841885838478,-1.6521522846628889,-1.1286193968238845,-1.1882923692416085,0.5465722199061872,1.1507110950849302,-0.3439569227075263,0.684328537032694
YON_YONCS13338RS,2023,YON,YONCS13338RS,1333,,CS,2023,11.93,0.032891320070156715,0.7178280883374576,-2.590140222668662,1.3475054484084514,-0.3490836997563672,-0.9176572614673244,0.762098649313242,-0.22680467585600295,-0.3760929279192368,-0.5117248006387516
YON_YONCS13412R,2020,YON,YONCS13412R,1341,,CS,2020,15.38,2.061559875091403,0.974197456708236,0.10663030343813171,1.502865238817103,-1.5804754932622307,-0.584433730349609,0.5929009505496652,0.2971152427434655,1.882249597493961,-0.39615528719038656
YON_YONCS13412R,2021,YON,YONCS13412R,1341,,CS,2021,16.55,1.4490887410129765,0.7795372500560267,-1.1301258251546553,0.32221430980348387,-1.4050752441499732,-1.0664485088927778,0.1357416226890214,1.3884502819140903,-0.054124375054085135,0.878601360174054
YON_YONCS13412R,2022,YON,YONCS13412R,1341,,CS,2022,10.18,-0.7247625667543917,0.5117341971491095,-1.1666869491755563,-0.2262499288769391,-0.9673577954925746,-0.8018529211812384,0.02823125091347698,1.238459566291211,0.4742769382373607,0.48465333703448316
YON_YONCS13412R,2023,YON,YONCS13412R,1341,,CS,2023,12.42,0.013059436368358785,0.40816865717750145,-0.8939539321427601,0.6502775202475221,-1.6668942726275229,-0.7200184389483832,0.24198188167923043,0.7868757220958911,-0.16247082384452563,-1.045233900013826
YON_YONCS13412RF,2020,YON,YONCS13412RF,1341,,CS,2020,0.0,0.1167237265242716,-1.2005745737208906,0.8134865630170436,0.5553367435027808,-0.039284762383686084,0.41755706160157813,0.6211645992716,-0.984356960049743,0.6624479181109845,-0.7346291869764316
YON_YONCS13412RF,2021,YON,YONCS13412RF,1341,,CS,2021,0.0,-0.007681094771833469,-2.1735145026903155,0.5455436755941032,0.762020712468258,0.04938832985545824,0.47294362321986844,0.08135869898504033,-0.14844937580353582,-0.6086925979851099,0.012291060500775058
YON_YONCS13412RF,2022,YON,YONCS13412RF,1341,,CS,2022,0.0,-0.12224227283100673,-1.5073334282931643,0.7324062474682598,1.1379965671429597,-0.09039433023450344,0.5213120595441758,0.06108020372149128,-0.05440391141763779,-0.5512512147727113,-0.9535655951665266
YON_YONCS13412RF,2023,YON,YONCS13412RF,1341,,CS,2023,0.0,-0.007681094771833469,-2.1735145026903155,0.5455436755941032,0.762020712468258,0.04938832985545824,0.47294362321986844,0.08135869898504033,-0.14844937580353582,-0.6086925979851099,0.012291060500775058
YON_YONCS13412RI,2020,YON,YONCS13412RI,1341,,CS,2020,0.0,0.1315258461057715,-0.3815276250684907,2.1495871430769684,-0.2903124896881024,0.2552074108617342,0.10604845533800024,0.8409037722584543,-1.198275490557715,-0.06136850516593013,0.19974854074646173
YON_YONCS13412RI,2021,YON,YONCS13412RI,1341,,CS,2021,0.0,0.01661630010529658,-2.072554328183689,-0.7320373428368037,1.264590164712141,1.1324911922872232,0.36183370766577344,0.48435177829670717,-0.9769837516574864,-0.7481628353445525,0.344443399260945
YON_YONCS13412RI,2022,YON,YONCS13412RI,1341,,CS,2022,0.0,-0.0005910888570704605,-1.3124770445443634,2.47197787779807,-0.3171589604844857,-0.02936840927422308,0.17921521345272548,0.17202140740628102,-0.0774879988666967,-1.2811951783710334,0.8715753434894896
YON_YONCS13412RI,2023,YON,YONCS13412RI,1341,,CS,2023,0.0,0.015162609813502478,-2.078594680504598,-0.6556008716486298,1.2345219068855837,1.067690166329767,0.36848130945106117,0.4602410812438724,-0.9274133189140877,-0.7398184621692013,0.32457103711290064
YRN_YRNCS1216914,2020,YRN,YRNCS1216914,1216,,CS,2020,1.28,0.09983037647044603,-1.5825455434921754,-0.05435852392363875,0.17764113032458767,-0.10351755137802005,0.2519021534870408,0.009975110661276857,0.26968105953224314,-0.2375606356541827,0.1557726420555958
YRN_YRNCS1216914,2021,YRN,YRNCS1216914,1216,,CS,2021,1.94,0.06230262121181101,-2.1214042505788844,0.40606667895196547,0.3385780345554826,0.1483934614803967,0.4619440715793609,0.009760661285633904,0.1065968473098814,-0.2614898554269804,-0.06712744783156147
YRN_YRNCS1216914,2022,YRN,YRNCS1216914,1216,,CS,2022,3.4,0.09237498781415039,-0.8736586208769486,3.3005809458656894,-1.4434241981870293,0.18959608115280158,0.023931598827527607,0.13577565052237583,0.3215505777701605,-1.1509495245775017,1.2483239559467703
YRN_YRNCS1216914,2023,YRN,YRNCS1216914,1216,,CS,2023,3.32,0.13488203385944333,-2.0139476173655733,-1.4605741943098192,0.7477005090663121,1.9783102337654916,0.29335065980848296,0.5715814406765901,-0.8598074561195582,-0.14966481191321426,0.45649331932169723
YRN_YRNCS12169R10,2020,YRN,YRNCS12169R10,1216,,CS,2020,15.62,0.2437225692593071,-1.9626509119810331,0.07485622792285589,-0.9176225044825567,0.6648140415598514,0.33851333629162594,-0.15895676871111847,0.9762434340234847,0.24794850413205952,0.13247039337863628
YRN_YRNCS12169R10,2021,YRN,YRNCS12169R10,1216,,CS,2021,13.98,0.38009800540686345,-2.3395714275576123,-0.08471308353939996,-2.0446880315960865,2.1926485922559755,0.3903683618827016,-0.12195028081008441,1.6911969291748101,2.0296174591370146,0.19697373324954434
YRN_YRNCS12169R10,2022,YRN,YRNCS12169R10,1216,,CS,2022,16.06,0.38320564772486754,-1.236020650931209,2.668488882486772,-3.498907420542961,2.055401041313191,0.016833758524669066,-0.015362646234375372,1.7671766881084088,0.9422753990856955,1.358683859878053
YRN_YRNCS12169R10,2023,YRN,YRNCS12169R10,1216,,CS,2023,12.36,0.4055682202231797,-2.1507369143771444,-1.7835131219850275,-1.3345175489922558,3.5329125431414816,0.23117380827556944,0.41226923724103937,0.579321465397724,1.8668179656477184,0.6247974470354565
YRN_YRNCS12169R11,2020,YRN,YRNCS12169R11,1216,,CS,2020,11.42,0.19869142880808174,-1.8596085054180558,0.04608065926985658,-0.5841567517926355,0.4511603463116265,0.31400833562297675,-0.10512675019535225,0.7630794804456041,0.09580865374131511,0.14820024779864824
YRN_YRNCS12169R11,2021,YRN,YRNCS12169R11,1216,,CS,2021,9.54,0.2774741473164463,-2.2525402560022663,0.051984695475577575,-1.275218456473485,1.546450204409436,0.4059266137410778,-0.07204099423551948,1.181256693134513,1.326347373883268,0.12227236706907088
YRN_YRNCS12169R11,2022,YRN,YRNCS12169R11,1216,,CS,2022,10.68,0.2692082542607136,-1.2797696796349667,2.436484863125072,-2.4422558090257183,1.3396200836242467,0.08349448912887651,0.02437191136773087,1.1867913022547927,0.31121785313187483,1.1110847325232382
YRN_YRNCS12169R11,2023,YRN,YRNCS12169R11,1216,,CS,2023,6.66,0.27378147204360176,-2.0450215254267334,-1.3957632871109777,-0.4545907212724607,2.497126214498924,0.26942672339216867,0.3990279965102465,0.08060146126824569,1.0042341331928182,0.45787340001589116
YRN_YRNCS12169R11_P2,2022,YRN,YRNCS12169R11_P2,1216,,CS,2022,2.8,0.07208258274730286,-1.7462438054724911,0.09442669650683574,0.25036646659951134,0.1474318965759215,0.27392603271579974,0.056890273791855295,0.25191649185696907,-0.3341563775471458,0.2859364654355012
YRN_YRNCS12169R11_P2,2023,YRN,YRNCS12169R11_P2,1216,,CS,2023,0.0,0.029547949483933435,-2.157338248023408,0.43240599221063775,0.4816425716053162,0.32744661569536243,0.4451371768289787,0.08519502306387525,0.042464756700363114,-0.24517663917333257,0.07148323286632938
YRN_YRNCS12169R9,2020,YRN,YRNCS12169R9,1216,,CS,2020,10.16,0.16288501213941123,-1.8926874821243016,0.10749654429433483,-0.38620674435630253,0.474960643943971,0.313316580589468,-0.05536541076453026,0.6510835810545498,-0.026607043518759886,0.22169474071599168
YRN_YRNCS12169R9,2021,YRN,YRNCS12169R9,1216,,CS,2021,6.96,0.2152943288272029,-2.247506238848607,0.14103006228289647,-0.8661969243883545,1.3601093223023004,0.4086924657572695,-0.013920352666392475,0.9261214737305782,1.0081398636085463,0.16009409113506753
YRN_YRNCS12169R9,2022,YRN,YRNCS12169R9,1216,,CS,2022,8.76,0.19688722056181088,-0.9893701227306694,3.2968086349352372,-2.3391732021656835,1.0358269721591253,-0.003794774696986656,0.10888142190293303,0.8962847074908349,-0.4088205511310632,1.4405645858194747
YRN_YRNCS12169R9,2023,YRN,YRNCS12169R9,1216,,CS,2023,6.82,0.23117104559503346,-2.1032228523112324,-1.6721042456811654,0.01752141992252474,2.795059933389673,0.2592438639608503,0.5742210603786241,-0.3863400817008489,0.6191245950188213,0.6149930286098079
YRN_YRNCS12338P,2020,YRN,YRNCS12338P,1233,,CS,2020,6.4,1.0679025807897495,-2.3081709907513774,-0.34408292526131434,-1.9847431360014425,0.5735197390800768,0.19879622823490725,-0.8342283301868408,-0.03684148345663863,-0.862864374872408,-1.6297114616567532
YRN_YRNCS12338P,2021,YRN,YRNCS12338P,1233,,CS,2021,6.64,1.0953897774730337,-2.8030072534956076,-0.09794611817811352,-2.3094836198565285,1.306829977185587,0.3551108430729523,-0.8242187171513464,0.1309655358416341,-0.2323272176615793,-1.7472496199524514
YRN_YRNCS12338P,2022,YRN,YRNCS12338P,1233,,CS,2022,8.06,1.1101400327051127,-1.7792782826161286,2.681771875285628,-4.97984937075935,0.7919645691513135,-0.30308070833371775,0.21916624555112835,-0.3806938045850744,-1.5723857062497852,-0.30762659073537496
YRN_YRNCS12338P,2023,YRN,YRNCS12338P,1233,,CS,2023,6.46,1.1520078049378806,-2.638228951519764,-2.053664839248297,-1.722432333741341,3.058542034779533,0.17341343702306722,-0.22582700079853754,-0.9864144157827897,-0.22703825259115676,-1.2231949432887288
YRN_YRNCS128338P,2020,YRN,YRNCS128338P,1283,,CS,2020,0.0,0.09161087696493668,-1.5353450929301973,-0.08042047286267026,0.25509856477199944,-0.19032924738247747,0.24278993189873144,0.01808287752216143,0.2165776635110273,-0.26497462860130466,0.14358850929030967
YRN_YRNCS128338P,2021,YRN,YRNCS128338P,1283,,CS,2021,0.0,0.0322539640937836,-2.058902505063201,0.4200835759755159,0.5866590140276189,-0.10803806932092153,0.4610157214280726,0.021157503983084337,-0.06239556090617989,-0.47118738817701716,-0.11088900503595311
YRN_YRNCS1316914,2020,YRN,YRNCS1316914,1316,,CS,2020,4.82,1.0641808056702238,-1.6763923933318345,0.888312767001104,-3.5963682961770376,0.20829653100327541,-0.3557844568627347,0.36127117700367806,-1.132170754439195,-1.8616113913261665,-0.7258783061474767
YRN_YRNCS1316914,2021,YRN,YRNCS1316914,1316,,CS,2021,3.86,1.0729922639717515,-2.674540683500585,-1.4152230765787104,-1.4243113549548894,2.0438619484202842,0.2010513200691458,-0.41429516228790336,-0.9180442505344615,-0.6454055112038669,-1.4582889934657037
YRN_YRNCS1316914,2022,YRN,YRNCS1316914,1316,,CS,2022,6.06,1.0533246275952743,-1.6211586371499345,3.1491707232386346,-4.765526564682591,0.30591029420075416,-0.38090226164146823,0.21567888087156947,-0.592711152988768,-2.108022903984988,-0.21867931648422242
YRN_YRNCS1316914,2023,YRN,YRNCS1316914,1316,,CS,2023,3.4,1.1009399763090904,-2.5900071916905376,-2.2523281392293883,-1.2124964320694183,2.79769807858453,0.11784234177837494,-0.16339352029287554,-1.3585623500422244,-0.5806736035285648,-1.2327249574437766
YRN_YRNCS2346P,2023,YRN,YRNCS2346P,2346,,CS,2023,0.0,2.0267336547301,-2.1684251558280083,-0.763169494707671,-2.8024781762564888,-0.14487772258600196,1.1085352660125205,-5.9178144162776904,-2.982357751441703,-1.5697162165072798,-2.4566440351136167
ZRT_ZRTCS09-1,2022,ZRT,ZRTCS09-1,09,,CS,2022,0.0,0.11593485921574392,-0.4218413769667335,1.7852940656140914,-0.7888038493940457,0.20971555674712386,-0.12964911592941356,0.39962705310920776,-0.25610781477971695,-1.039233692425468,1.1975705920713053
ZRT_ZRTCS09-1,2023,ZRT,ZRTCS09-1,09,,CS,2023,0.0,0.05799707332088538,-1.9448065688967657,-1.2077318550345923,1.25821257786733,1.308622505629593,0.319587494313382,0.5484843132024914,-1.1413156369916224,-0.6698920063165789,0.3339577380919669
ZRT_ZRTCS09-1S,2022,ZRT,ZRTCS09-1S,09,,CS,2022,0.0,0.0982090171371254,-0.5881873327896912,1.6261059285884465,-0.6072876169532041,0.22472246383027497,-0.0839521895126712,0.38007773665094285,-0.2362076363208062,-1.0053379709736114,1.127333458142004
ZRT_ZRTCS09-1S,2023,ZRT,ZRTCS09-1S,09,,CS,2023,0.0,0.040114220246747954,-2.0005789023050657,-0.9803988226745198,1.2499322273563171,1.2111519128814265,0.33972558100560535,0.5128057307811852,-1.0543421808713485,-0.6996751367235021,0.3311148174235458
ZRT_ZRTCS09-2,2022,ZRT,ZRTCS09-2,09,,CS,2022,0.0,0.10499768862941987,-0.5640630143904016,1.6134148937435577,-0.6412649018480381,0.2001664231923346,-0.08760370350617361,0.3717036754587559,-0.2239141257998294,-0.9857784896929372,1.1114142217996328
ZRT_ZRTCS09-2,2023,ZRT,ZRTCS09-2,09,,CS,2023,0.0,0.046909202318946325,-1.980898754692688,-1.008624901519914,1.2235832394367523,1.191116563598434,0.3371013269170476,0.5050799364273447,-1.0447444769510381,-0.6775562774736988,0.31248687544921344
ZRT_ZRTCS09-3,2022,ZRT,ZRTCS09-3,09,,CS,2022,0.0,0.14287678366384393,-0.27524889643828976,1.8295528728779835,-0.969305435616872,0.13642394618909262,-0.16193286591550235,0.386769534712672,-0.23290316497507518,-1.0034131405840858,1.1894005821618447
ZRT_ZRTCS09-3,2023,ZRT,ZRTCS09-3,09,,CS,2023,0.0,0.08503318552874475,-1.8645449956356628,-1.395339376136458,1.1915661703798697,1.3028039003692928,0.30263598171452716,0.54530241925889,-1.1583469065999161,-0.5958717832941657,0.2853592859144324
