year,vineyard,variety,block,size,block_score,rr_w,predicted_yield,actual_yield,previous_year_actual_yield,winery,root_stock,clone,distance_between_rows,distance_between_vines,vines_per_quarter_acre,planting_year,weather_station,degree,general_direction,altitude_m,color,cluster_count,cluster_weight,weather_temp_max_mean,weather_temp_min_mean,weather_vpd_max_mean,weather_rain_daily_sum,weather_gdd_from_mar_max,weather_solar_rad_mean,weather_cold_hours_sum,vine_id,row,vine_position,yield_error,shoots_per_vine,canopy_size,shoots_per_canopy_area,previous_year_predicted_yield,previous_year_yield_error,previous_year_canopy_size,canopy_change_from_previous_year
2021,ALB,CS,ALBCS2006R,10.72,0,0.0,0.0,0.0,,GHW,R110,06,2.5,1.5,267.0,2020.0,RMM,122.0,EW,390.0,R,0.0,0.0,26.361159420289855,13.347246376811595,2.2861159420289856,398.3,3586.0,873.7797101449275,-4057.0,ALB_ALBCS2006R,2006,,0.0,0.0,0.0,,,,,
2022,ALB,CS,ALBCS2006R,10.72,0,0.0,0.0,0.0,0.0,GHW,R110,06,2.5,1.5,267.0,2020.0,RMM,122.0,EW,390.0,R,0.0,0.0,25.703835616438354,12.902191780821918,2.1288493150684933,441.4,3005.0,868.5068493150685,-3980.0,ALB_ALBCS2006R,2006,,0.0,0.0,0.0,,0.0,0.0,0.0,0.0
2023,ALB,CS,ALBCS2006R,10.72,4,0.0,3.2,1.35,0.0,GHW,R110,06,2.5,1.5,267.0,2020.0,RMM,122.0,EW,390.0,R,0.0,0.0,26.641917808219176,13.72082191780822,2.2706027397260273,623.6,3113.0,872.1178082191781,-4560.0,ALB_ALBCS2006R,2006,,-1.85,0.0,0.0,,0.0,0.0,0.0,0.0
2024,ALB,CS,ALBCS2006R,10.72,4,0.0,4.0,2.38,1.35,GHW,R110,06,2.5,1.5,267.0,2020.0,RMM,122.0,EW,390.0,R,13.0,0.0,26.23633879781421,13.641530054644809,2.1353551912568305,506.9,3173.0,861.6010928961749,-4482.0,ALB_ALBCS2006R,2006,,-1.62,0.0011354743138241377,0.0,,3.2,-1.85,0.0,0.0
2025,ALB,CS,ALBCS2006R,10.72,4,0.0,3.0,1.1,2.38,GHW,R110,06,2.5,1.5,267.0,2020.0,RMM,122.0,EW,390.0,R,0.0,0.0,27.848219178082193,13.033698630136987,2.5629315068493153,198.2,3184.0,848.0931506849315,-4430.0,ALB_ALBCS2006R,2006,,-1.9,0.0,0.0,,4.0,-1.62,0.0,0.0
2021,ALB,CS,ALBCS2106R,17.93,0,0.0,0.0,0.0,,GHW,R110,06,2.5,1.5,267.0,2021.0,RMM,122.0,EW,390.0,R,0.0,0.0,26.361159420289855,13.347246376811595,2.2861159420289856,398.3,3586.0,873.7797101449275,-4057.0,ALB_ALBCS2106R,2106,,0.0,0.0,0.0,,,,,
2022,ALB,CS,ALBCS2106R,17.93,0,0.0,0.0,0.0,0.0,GHW,R110,06,2.5,1.5,267.0,2021.0,RMM,122.0,EW,390.0,R,0.0,0.0,25.703835616438354,12.902191780821918,2.1288493150684933,441.4,3005.0,868.5068493150685,-3980.0,ALB_ALBCS2106R,2106,,0.0,0.0,0.0,,0.0,0.0,0.0,0.0
2023,ALB,CS,ALBCS2106R,17.93,0,0.0,0.0,0.0,0.0,GHW,R110,06,2.5,1.5,267.0,2021.0,RMM,122.0,EW,390.0,R,0.0,0.0,26.641917808219176,13.72082191780822,2.2706027397260273,623.6,3113.0,872.1178082191781,-4560.0,ALB_ALBCS2106R,2106,,0.0,0.0,0.0,,0.0,0.0,0.0,0.0
2024,ALB,CS,ALBCS2106R,17.93,4,0.0,7.0,4.54,0.0,GHW,R110,06,2.5,1.5,267.0,2021.0,RMM,122.0,EW,390.0,R,0.0,0.0,26.23633879781421,13.641530054644809,2.1353551912568305,506.9,3173.0,861.6010928961749,-4482.0,ALB_ALBCS2106R,2106,,-2.46,0.0,0.0,,0.0,0.0,0.0,0.0
2025,ALB,CS,ALBCS2106R,17.93,4,0.0,6.0,2.64,4.54,GHW,R110,06,2.5,1.5,267.0,2021.0,RMM,122.0,EW,390.0,R,0.0,0.0,27.848219178082193,13.033698630136987,2.5629315068493153,198.2,3184.0,848.0931506849315,-4430.0,ALB_ALBCS2106R,2106,,-3.36,0.0,0.0,,7.0,-2.46,0.0,0.0
2020,ALH,CS,ALHCS1116914,7.9,4,0.37,8.0,6.51,,GHW,101/14,169,2.5,1.5,267.0,2011.0,ALH,48.0,EW,580.0,R,34.0,105.0,,,,,,,,ALH_ALHCS1116914,1116,,-1.4900000000000002,0.004029772910444223,105.0,3.8378789623278314e-05,,,,
2021,ALH,CS,ALHCS1116914,7.9,0,0.0,6.32,5.54,6.51,GHW,101/14,169,2.5,1.5,267.0,2011.0,ALH,48.0,EW,580.0,R,21.0,127.0,,,,,,,,ALH_ALHCS1116914,1116,,-0.7800000000000002,0.002488977385862608,127.0,1.9598247132776443e-05,8.0,-1.4900000000000002,105.0,22.0
2022,ALH,CS,ALHCS1116914,7.9,4,0.0,8.0,8.79,5.54,GHW,101/14,169,2.5,1.5,267.0,2011.0,ALH,48.0,EW,580.0,R,32.0,103.0,,,,,,,,ALH_ALHCS1116914,1116,,0.7899999999999991,0.0037927274451239746,103.0,3.68225965546017e-05,6.32,-0.7800000000000002,127.0,-24.0
2023,ALH,CS,ALHCS1116914,7.9,4,0.0,7.0,7.54,8.79,GHW,101/14,169,2.5,1.5,267.0,2011.0,ALH,48.0,EW,580.0,R,28.0,0.0,,,,,,,,ALH_ALHCS1116914,1116,,0.54,0.0033186365144834778,0.0,,8.0,0.7899999999999991,103.0,-103.0
2024,ALH,CS,ALHCS1116914,7.9,4,0.0,6.5,4.92,7.54,GHW,101/14,169,2.5,1.5,267.0,2011.0,ALH,48.0,EW,580.0,R,20.0,0.0,,,,,,,,ALH_ALHCS1116914,1116,,-1.58,0.002370454653202484,0.0,,7.0,0.54,0.0,0.0
2025,ALH,CS,ALHCS1116914,7.9,4,0.0,5.0,3.2,4.92,GHW,101/14,169,2.5,1.5,267.0,2011.0,ALH,48.0,EW,580.0,R,0.0,0.0,,,,,,,,ALH_ALHCS1116914,1116,,-1.7999999999999998,0.0,0.0,,6.5,-1.58,0.0,0.0
2020,ALH,CS,ALHCS11338RPE,8.4,4,0.25,8.0,6.21,,GHW,RIP,338,2.5,1.5,267.0,2011.0,ALH,67.0,EW,590.0,R,28.0,111.0,,,,,,,,ALH_ALHCS11338RPE,1133,,-1.79,0.003121098626716604,111.0,2.811800564609553e-05,,,,
2021,ALH,CS,ALHCS11338RPE,8.4,0,0.0,5.39,6.05,6.21,GHW,RIP,338,2.5,1.5,267.0,2011.0,ALH,67.0,EW,590.0,R,25.0,0.0,,,,,,,,ALH_ALHCS11338RPE,1133,,0.6600000000000001,0.002786695202425539,0.0,,8.0,-1.79,111.0,-111.0
2022,ALH,CS,ALHCS11338RPE,8.4,4,0.0,7.0,6.97,6.05,GHW,RIP,338,2.5,1.5,267.0,2011.0,ALH,67.0,EW,590.0,R,31.0,142.0,,,,,,,,ALH_ALHCS11338RPE,1133,,-0.03000000000000025,0.0034555020510076686,142.0,2.4334521485969497e-05,5.39,0.6600000000000001,0.0,142.0
2023,ALH,CS,ALHCS11338RPE,8.4,4,0.0,6.2,6.32,6.97,GHW,RIP,338,2.5,1.5,267.0,2011.0,ALH,67.0,EW,590.0,R,20.0,0.0,,,,,,,,ALH_ALHCS11338RPE,1133,,0.1200000000000001,0.0022293561619404316,0.0,,7.0,-0.03000000000000025,142.0,-142.0
2024,ALH,CS,ALHCS11338RPE,8.4,4,0.0,5.5,4.76,6.32,GHW,RIP,338,2.5,1.5,267.0,2011.0,ALH,67.0,EW,590.0,R,20.0,0.0,,,,,,,,ALH_ALHCS11338RPE,1133,,-0.7400000000000002,0.0022293561619404316,0.0,,6.2,0.1200000000000001,0.0,0.0
2025,ALH,CS,ALHCS11338RPE,8.4,4,0.0,4.0,3.08,4.76,GHW,RIP,338,2.5,1.5,267.0,2011.0,ALH,67.0,EW,590.0,R,0.0,0.0,,,,,,,,ALH_ALHCS11338RPE,1133,,-0.9199999999999999,0.0,0.0,,5.5,-0.7400000000000002,0.0,0.0
2020,ALH,CS,ALHCS11338RPW,5.0,4,0.23,6.0,5.25,,GHW,RIP,338,1.6,1.3,481.0,2011.0,ALH,48.0,EW,580.0,R,29.0,96.0,,,,,,,,ALH_ALHCS11338RPW,1133,,-0.75,0.0030145530145530147,96.0,3.1401593901593906e-05,,,,
2021,ALH,CS,ALHCS11338RPW,5.0,0,0.0,5.0,4.0,5.25,GHW,RIP,338,1.6,1.3,481.0,2011.0,ALH,48.0,EW,580.0,R,17.0,90.0,,,,,,,,ALH_ALHCS11338RPW,1133,,-1.0,0.0017671517671517672,90.0,1.9635019635019634e-05,6.0,-0.75,96.0,-6.0
2022,ALH,CS,ALHCS11338RPW,5.0,4,0.0,6.0,5.36,4.0,GHW,RIP,338,1.6,1.3,481.0,2011.0,ALH,48.0,EW,580.0,R,36.0,108.0,,,,,,,,ALH_ALHCS11338RPW,1133,,-0.6399999999999997,0.0037422037422037424,108.0,3.4650034650034654e-05,5.0,-1.0,90.0,18.0
2023,ALH,CS,ALHCS11338RPW,5.0,4,0.0,4.5,4.39,5.36,GHW,RIP,338,1.6,1.3,481.0,2011.0,ALH,48.0,EW,580.0,R,19.0,0.0,,,,,,,,ALH_ALHCS11338RPW,1133,,-0.11000000000000032,0.001975051975051975,0.0,,6.0,-0.6399999999999997,108.0,-108.0
2024,ALH,CS,ALHCS11338RPW,5.0,4,0.0,4.0,3.1,4.39,GHW,RIP,338,1.6,1.3,481.0,2011.0,ALH,48.0,EW,580.0,R,16.0,0.0,,,,,,,,ALH_ALHCS11338RPW,1133,,-0.8999999999999999,0.0016632016632016633,0.0,,4.5,-0.11000000000000032,0.0,0.0
2025,ALH,CS,ALHCS11338RPW,5.0,4,0.0,3.0,2.3,3.1,GHW,RIP,338,1.6,1.3,481.0,2011.0,ALH,48.0,EW,580.0,R,0.0,0.0,,,,,,,,ALH_ALHCS11338RPW,1133,,-0.7000000000000002,0.0,0.0,,4.0,-0.8999999999999999,0.0,0.0
2020,ALH,CS,ALHCS12169RE,11.9,4,0.22,12.0,11.85,,GHW,R110,169,2.5,1.5,267.0,2012.0,ALH,65.0,EW,580.0,R,32.0,115.0,,,,,,,,ALH_ALHCS12169RE,1216,,-0.15000000000000036,0.0025178610770150755,115.0,2.1894444147957176e-05,,,,
2021,ALH,CS,ALHCS12169RE,11.9,0,0.0,11.31,11.26,11.85,GHW,R110,169,2.5,1.5,267.0,2012.0,ALH,65.0,EW,580.0,R,23.0,0.0,,,,,,,,ALH_ALHCS12169RE,1216,,-0.05000000000000071,0.0018097126491045856,0.0,,12.0,-0.15000000000000036,115.0,-115.0
2022,ALH,CS,ALHCS12169RE,11.9,4,0.0,12.0,11.72,11.26,GHW,R110,169,2.5,1.5,267.0,2012.0,ALH,65.0,EW,580.0,R,39.0,114.0,,,,,,,,ALH_ALHCS12169RE,1216,,-0.27999999999999936,0.003068643187612123,114.0,2.691792269835196e-05,11.31,-0.05000000000000071,0.0,114.0
2023,ALH,CS,ALHCS12169RE,11.9,4,0.0,9.5,10.71,11.72,GHW,R110,169,2.5,1.5,267.0,2012.0,ALH,65.0,EW,580.0,R,18.0,0.0,,,,,,,,ALH_ALHCS12169RE,1216,,1.2100000000000009,0.00141629685582098,0.0,,12.0,-0.27999999999999936,114.0,-114.0
2024,ALH,CS,ALHCS12169RE,11.9,4,0.0,11.0,7.9,10.71,GHW,R110,169,2.5,1.5,267.0,2012.0,ALH,65.0,EW,580.0,R,20.0,0.0,,,,,,,,ALH_ALHCS12169RE,1216,,-3.0999999999999996,0.0015736631731344223,0.0,,9.5,1.2100000000000009,0.0,0.0
2025,ALH,CS,ALHCS12169RE,11.9,4,0.0,7.0,7.84,7.9,GHW,R110,169,2.5,1.5,267.0,2012.0,ALH,65.0,EW,580.0,R,0.0,0.0,,,,,,,,ALH_ALHCS12169RE,1216,,0.8399999999999999,0.0,0.0,,11.0,-3.0999999999999996,0.0,0.0
2020,ALH,CS,ALHCS12169RWE,2.8,4,0.24,2.0,2.5,,GHW,R110,169,2.5,1.5,267.0,2012.0,ALH,65.0,EW,580.0,R,34.0,130.0,,,,,,,,ALH_ALHCS12169RWE,1216,,0.5,0.011369716425896202,130.0,8.745935712227848e-05,,,,
2021,ALH,CS,ALHCS12169RWE,2.8,0,0.0,2.24,1.93,2.5,GHW,R110,169,2.5,1.5,267.0,2012.0,ALH,65.0,EW,580.0,R,22.0,90.0,,,,,,,,ALH_ALHCS12169RWE,1216,,-0.3100000000000003,0.007356875334403425,90.0,8.174305927114917e-05,2.0,0.5,130.0,-40.0
2022,ALH,CS,ALHCS12169RWE,2.8,4,0.0,3.0,2.29,1.93,GHW,R110,169,2.5,1.5,267.0,2012.0,ALH,65.0,EW,580.0,R,33.0,133.0,,,,,,,,ALH_ALHCS12169RWE,1216,,-0.71,0.011035313001605138,133.0,8.297227820755742e-05,2.24,-0.3100000000000003,90.0,43.0
2023,ALH,CS,ALHCS12169RWE,2.8,4,0.0,2.3,1.92,2.29,GHW,R110,169,2.5,1.5,267.0,2012.0,ALH,65.0,EW,580.0,R,19.0,0.0,,,,,,,,ALH_ALHCS12169RWE,1216,,-0.3799999999999999,0.006353665061530231,0.0,,3.0,-0.71,133.0,-133.0
2024,ALH,CS,ALHCS12169RWE,2.8,4,0.0,2.0,1.66,1.92,GHW,R110,169,2.5,1.5,267.0,2012.0,ALH,65.0,EW,580.0,R,0.0,0.0,,,,,,,,ALH_ALHCS12169RWE,1216,,-0.3400000000000001,0.0,0.0,,2.3,-0.3799999999999999,0.0,0.0
2025,ALH,CS,ALHCS12169RWE,2.8,4,0.0,2.0,1.92,1.66,GHW,R110,169,2.5,1.5,267.0,2012.0,ALH,65.0,EW,580.0,R,0.0,0.0,,,,,,,,ALH_ALHCS12169RWE,1216,,-0.08000000000000007,0.0,0.0,,2.0,-0.3400000000000001,0.0,0.0
2020,ALH,CS,ALHCS12169RWW,9.6,4,0.24,9.0,9.8,,GHW,R110,169,2.5,1.5,267.0,2012.0,ALH,55.0,EW,580.0,R,36.0,88.0,,,,,,,,ALH_ALHCS12169RWW,1216,,0.8000000000000007,0.00351123595505618,88.0,3.990040858018387e-05,,,,
2021,ALH,CS,ALHCS12169RWW,9.6,0,0.0,9.6,6.45,9.8,GHW,R110,169,2.5,1.5,267.0,2012.0,ALH,55.0,EW,580.0,R,24.0,103.0,,,,,,,,ALH_ALHCS12169RWW,1216,,-3.1499999999999995,0.0023408239700374533,103.0,2.2726446311043237e-05,9.0,0.8000000000000007,88.0,15.0
2022,ALH,CS,ALHCS12169RWW,9.6,4,0.0,10.0,7.63,6.45,GHW,R110,169,2.5,1.5,267.0,2012.0,ALH,55.0,EW,580.0,R,35.0,76.0,,,,,,,,ALH_ALHCS12169RWW,1216,,-2.37,0.003413701622971286,76.0,4.4917126618043236e-05,9.6,-3.1499999999999995,103.0,-27.0
2023,ALH,CS,ALHCS12169RWW,9.6,4,0.0,7.7,5.93,7.63,GHW,R110,169,2.5,1.5,267.0,2012.0,ALH,55.0,EW,580.0,R,21.0,0.0,,,,,,,,ALH_ALHCS12169RWW,1216,,-1.7700000000000005,0.0020482209737827718,0.0,,10.0,-2.37,76.0,-76.0
2024,ALH,CS,ALHCS12169RWW,9.6,4,0.0,7.0,5.76,5.93,GHW,R110,169,2.5,1.5,267.0,2012.0,ALH,55.0,EW,580.0,R,0.0,0.0,,,,,,,,ALH_ALHCS12169RWW,1216,,-1.2400000000000002,0.0,0.0,,7.7,-1.7700000000000005,0.0,0.0
2025,ALH,CS,ALHCS12169RWW,9.6,4,0.0,6.0,5.66,5.76,GHW,R110,169,2.5,1.5,267.0,2012.0,ALH,55.0,EW,580.0,R,0.0,0.0,,,,,,,,ALH_ALHCS12169RWW,1216,,-0.33999999999999986,0.0,0.0,,7.0,-1.2400000000000002,0.0,0.0
2020,ALH,CS,ALHCS1341214,19.2,4,0.31,20.0,17.49,,GHW,101/14,412,2.5,1.5,267.0,2013.0,ALH,68.0,EW,580.0,R,34.0,109.0,,,,,,,,ALH_ALHCS1341214,1341,,-2.5100000000000016,0.0016580836454431962,109.0,1.5211776563699047e-05,,,,
2021,ALH,CS,ALHCS1341214,19.2,0,0.0,15.36,13.7,17.49,GHW,101/14,412,2.5,1.5,267.0,2013.0,ALH,68.0,EW,580.0,R,23.0,0.0,,,,,,,,ALH_ALHCS1341214,1341,,-1.6600000000000001,0.0011216448189762798,0.0,,20.0,-2.5100000000000016,109.0,-109.0
2022,ALH,CS,ALHCS1341214,19.2,4,0.0,17.0,17.55,13.7,GHW,101/14,412,2.5,1.5,267.0,2013.0,ALH,68.0,EW,580.0,R,32.0,129.0,,,,,,,,ALH_ALHCS1341214,1341,,0.5500000000000007,0.0015605493133583022,129.0,1.2097281498901567e-05,15.36,-1.6600000000000001,0.0,129.0
2023,ALH,CS,ALHCS1341214,19.2,4,0.0,15.8,17.04,17.55,GHW,101/14,412,2.5,1.5,267.0,2013.0,ALH,68.0,EW,580.0,R,22.0,0.0,,,,,,,,ALH_ALHCS1341214,1341,,1.2399999999999984,0.0010728776529338327,0.0,,17.0,0.5500000000000007,129.0,-129.0
2024,ALH,CS,ALHCS1341214,19.2,4,0.0,17.0,11.02,17.04,GHW,101/14,412,2.5,1.5,267.0,2013.0,ALH,68.0,EW,580.0,R,17.0,0.0,,,,,,,,ALH_ALHCS1341214,1341,,-5.98,0.0008290418227215981,0.0,,15.8,1.2399999999999984,0.0,0.0
2025,ALH,CS,ALHCS1341214,19.2,4,0.0,12.0,9.06,11.02,GHW,101/14,412,2.5,1.5,267.0,2013.0,ALH,68.0,EW,580.0,R,0.0,0.0,,,,,,,,ALH_ALHCS1341214,1341,,-2.9399999999999995,0.0,0.0,,17.0,-5.98,0.0,0.0
2020,ALH,CS,ALHCS17412S,21.3,4,0.24,10.0,11.65,,,,,,,,,,,,,,0.0,125.0,,,,,,,,ALH_ALHCS17412S,1741,,1.6500000000000004,,125.0,,,,,
2021,ALH,CS,ALHCS17412S,21.3,0,0.0,17.04,16.66,11.65,,,,,,,,,,,,,18.0,0.0,,,,,,,,ALH_ALHCS17412S,1741,,-0.379999999999999,,0.0,,10.0,1.6500000000000004,125.0,-125.0
2022,ALH,CS,ALHCS17412S,21.3,4,0.0,20.0,17.64,16.66,,,,,,,,,,,,,30.0,119.66,,,,,,,,ALH_ALHCS17412S,1741,,-2.3599999999999994,,119.66,,17.04,-0.379999999999999,0.0,119.66
2023,ALH,CS,ALHCS17412S,21.3,0,0.0,0.0,0.0,17.64,,,,,,,,,,,,,0.0,0.0,,,,,,,,ALH_ALHCS17412S,1741,,0.0,,0.0,,20.0,-2.3599999999999994,119.66,-119.66
2023,ALH,CS,ALHCS17412SE,11.1,4,0.0,8.9,8.09,,GHW,SO4,412,2.5,1.5,267.0,2017.0,ALH,72.0,E-W,610.0,R,27.0,0.0,,,,,,,,ALH_ALHCS17412SE,1741,,-0.8100000000000005,0.0022775584573337384,0.0,,,,,
2024,ALH,CS,ALHCS17412SE,11.1,4,0.0,9.0,6.54,8.09,GHW,SO4,412,2.5,1.5,267.0,2017.0,ALH,72.0,E-W,610.0,R,19.0,0.0,,,,,,,,ALH_ALHCS17412SE,1741,,-2.46,0.0016027263218274456,0.0,,8.9,-0.8100000000000005,0.0,0.0
2025,ALH,CS,ALHCS17412SE,11.1,4,0.0,8.0,6.06,6.54,GHW,SO4,412,2.5,1.5,267.0,2017.0,ALH,72.0,E-W,610.0,R,0.0,0.0,,,,,,,,ALH_ALHCS17412SE,1741,,-1.9400000000000004,0.0,0.0,,9.0,-2.46,0.0,0.0
2023,ALH,CS,ALHCS17412SW,10.2,4,0.0,8.2,8.76,,GHW,SO4,412,2.5,1.5,267.0,2017.0,ALH,72.0,E-W,610.0,R,24.0,0.0,,,,,,,,ALH_ALHCS17412SW,1741,,0.5600000000000005,0.0022031284423881916,0.0,,,,,
2024,ALH,CS,ALHCS17412SW,10.2,4,0.0,8.0,6.54,8.76,GHW,SO4,412,2.5,1.5,267.0,2017.0,ALH,72.0,E-W,610.0,R,20.0,0.0,,,,,,,,ALH_ALHCS17412SW,1741,,-1.46,0.0018359403686568263,0.0,,8.2,0.5600000000000005,0.0,0.0
2025,ALH,CS,ALHCS17412SW,10.2,4,0.0,9.0,6.8,6.54,GHW,SO4,412,2.5,1.5,267.0,2017.0,ALH,72.0,E-W,610.0,R,0.0,0.0,,,,,,,,ALH_ALHCS17412SW,1741,,-2.2,0.0,0.0,,8.0,-1.46,0.0,0.0
2020,ALH,CS,ALHCS18412REN,9.03,0,0.0,0.0,0.0,,GHW,R110,412,2.5,1.5,267.0,2018.0,ALH,77.0,EW,615.0,R,0.0,0.0,,,,,,,,ALH_ALHCS18412REN,1841,,0.0,0.0,0.0,,,,,
2021,ALH,CS,ALHCS18412REN,9.03,0,0.0,6.32,3.19,0.0,GHW,R110,412,2.5,1.5,267.0,2018.0,ALH,77.0,EW,615.0,R,15.0,0.0,,,,,,,,ALH_ALHCS18412REN,1841,,-3.1300000000000003,0.0015553647641444873,0.0,,0.0,0.0,0.0,0.0
2022,ALH,CS,ALHCS18412REN,9.03,4,0.0,6.0,5.32,3.19,GHW,R110,412,2.5,1.5,267.0,2018.0,ALH,77.0,EW,615.0,R,26.0,126.0,,,,,,,,ALH_ALHCS18412REN,1841,,-0.6799999999999997,0.002695965591183778,126.0,2.1396552310982366e-05,6.32,-3.1300000000000003,0.0,126.0
2023,ALH,CS,ALHCS18412REN,9.03,4,0.0,6.3,3.82,5.32,GHW,R110,412,2.5,1.5,267.0,2018.0,ALH,77.0,EW,615.0,R,18.0,0.0,,,,,,,,ALH_ALHCS18412REN,1841,,-2.48,0.0018664377169733848,0.0,,6.0,-0.6799999999999997,126.0,-126.0
2024,ALH,CS,ALHCS18412REN,9.03,4,0.0,6.5,3.6,3.82,GHW,R110,412,2.5,1.5,267.0,2018.0,ALH,77.0,EW,615.0,R,23.0,0.0,,,,,,,,ALH_ALHCS18412REN,1841,,-2.9,0.0023848926383548807,0.0,,6.3,-2.48,0.0,0.0
2025,ALH,CS,ALHCS18412REN,9.03,4,0.0,5.0,4.2,3.6,GHW,R110,412,2.5,1.5,267.0,2018.0,ALH,77.0,EW,615.0,R,0.0,0.0,,,,,,,,ALH_ALHCS18412REN,1841,,-0.7999999999999998,0.0,0.0,,6.5,-2.9,0.0,0.0
2020,ALH,CS,ALHCS18412RES,8.75,0,0.0,0.0,0.0,,GHW,R110,412,2.5,1.5,267.0,2018.0,ALH,77.0,EW,615.0,R,0.0,0.0,,,,,,,,ALH_ALHCS18412RES,1841,,0.0,0.0,0.0,,,,,
2021,ALH,CS,ALHCS18412RES,8.75,0,0.0,6.13,2.84,0.0,GHW,R110,412,2.5,1.5,267.0,2018.0,ALH,77.0,EW,615.0,R,14.0,0.0,,,,,,,,ALH_ALHCS18412RES,1841,,-3.29,0.00149812734082397,0.0,,0.0,0.0,0.0,0.0
2022,ALH,CS,ALHCS18412RES,8.75,4,0.0,4.0,4.53,2.84,GHW,R110,412,2.5,1.5,267.0,2018.0,ALH,77.0,EW,615.0,R,18.0,111.3,,,,,,,,ALH_ALHCS18412RES,1841,,0.5300000000000002,0.0019261637239165329,111.3,1.7306053224766693e-05,6.13,-3.29,0.0,111.3
2023,ALH,CS,ALHCS18412RES,8.75,4,0.0,6.1,4.63,4.53,GHW,R110,412,2.5,1.5,267.0,2018.0,ALH,77.0,EW,615.0,R,15.0,0.0,,,,,,,,ALH_ALHCS18412RES,1841,,-1.4699999999999998,0.0016051364365971107,0.0,,4.0,0.5300000000000002,111.3,-111.3
2024,ALH,CS,ALHCS18412RES,8.75,4,0.0,6.0,3.8,4.63,GHW,R110,412,2.5,1.5,267.0,2018.0,ALH,77.0,EW,615.0,R,21.0,0.0,,,,,,,,ALH_ALHCS18412RES,1841,,-2.2,0.0022471910112359553,0.0,,6.1,-1.4699999999999998,0.0,0.0
2025,ALH,CS,ALHCS18412RES,8.75,4,0.0,6.0,4.12,3.8,GHW,R110,412,2.5,1.5,267.0,2018.0,ALH,77.0,EW,615.0,R,0.0,0.0,,,,,,,,ALH_ALHCS18412RES,1841,,-1.88,0.0,0.0,,6.0,-2.2,0.0,0.0
2020,ALH,CS,ALHCS18412RM,4.73,0,0.0,0.0,0.0,,GHW,R110,412,2.5,1.5,267.0,2018.0,ALH,100.0,EW,615.0,R,0.0,0.0,,,,,,,,ALH_ALHCS18412RM,1841,,0.0,0.0,0.0,,,,,
2021,ALH,CS,ALHCS18412RM,4.73,0,0.0,3.31,1.78,0.0,GHW,R110,412,2.5,1.5,267.0,2018.0,ALH,100.0,EW,615.0,R,16.0,0.0,,,,,,,,ALH_ALHCS18412RM,1841,,-1.53,0.0031672882469851375,0.0,,0.0,0.0,0.0,0.0
2022,ALH,CS,ALHCS18412RM,4.73,4,0.0,3.0,3.67,1.78,GHW,R110,412,2.5,1.5,267.0,2018.0,ALH,100.0,EW,615.0,R,26.0,116.33,,,,,,,,ALH_ALHCS18412RM,1841,,0.6699999999999999,0.005146843401350848,116.33,4.424347460973823e-05,3.31,-1.53,0.0,116.33
2023,ALH,CS,ALHCS18412RM,4.73,4,0.0,3.3,3.2,3.67,GHW,R110,412,2.5,1.5,267.0,2018.0,ALH,100.0,EW,615.0,R,21.0,0.0,,,,,,,,ALH_ALHCS18412RM,1841,,-0.09999999999999964,0.004157065824167993,0.0,,3.0,0.6699999999999999,116.33,-116.33
2024,ALH,CS,ALHCS18412RM,4.73,4,0.0,3.5,2.68,3.2,GHW,R110,412,2.5,1.5,267.0,2018.0,ALH,100.0,EW,615.0,R,20.0,0.0,,,,,,,,ALH_ALHCS18412RM,1841,,-0.8199999999999998,0.0039591103087314216,0.0,,3.3,-0.09999999999999964,0.0,0.0
2025,ALH,CS,ALHCS18412RM,4.73,4,0.0,2.0,2.86,2.68,GHW,R110,412,2.5,1.5,267.0,2018.0,ALH,100.0,EW,615.0,R,0.0,0.0,,,,,,,,ALH_ALHCS18412RM,1841,,0.8599999999999999,0.0,0.0,,3.5,-0.8199999999999998,0.0,0.0
2021,ALH,CS,ALHCS18412RW,9.99,0,0.0,4.62,2.66,,GHW,R110,412,2.5,1.5,267.0,2018.0,ALH,67.0,EW,615.0,R,17.0,0.0,,,,,,,,ALH_ALHCS18412RW,1841,,-1.96,0.001593353653278747,0.0,,,,,
2022,ALH,CS,ALHCS18412RW,9.99,4,0.0,7.0,4.8,2.66,GHW,R110,412,2.5,1.5,267.0,2018.0,ALH,67.0,EW,615.0,R,24.0,123.0,,,,,,,,ALH_ALHCS18412RW,1841,,-2.2,0.0022494404516876427,123.0,1.828813375355807e-05,4.62,-1.96,0.0,123.0
2023,ALH,CS,ALHCS18412RW,9.99,4,0.0,7.0,4.21,4.8,GHW,R110,412,2.5,1.5,267.0,2018.0,ALH,67.0,EW,615.0,R,21.0,0.0,,,,,,,,ALH_ALHCS18412RW,1841,,-2.79,0.001968260395226687,0.0,,7.0,-2.2,123.0,-123.0
2024,ALH,CS,ALHCS18412RW,9.99,4,0.0,7.0,4.66,4.21,GHW,R110,412,2.5,1.5,267.0,2018.0,ALH,67.0,EW,615.0,R,23.0,0.0,,,,,,,,ALH_ALHCS18412RW,1841,,-2.34,0.0021557137662006577,0.0,,7.0,-2.79,0.0,0.0
2025,ALH,CS,ALHCS18412RW,9.99,4,0.0,6.0,4.78,4.66,GHW,R110,412,2.5,1.5,267.0,2018.0,ALH,67.0,EW,615.0,R,0.0,0.0,,,,,,,,ALH_ALHCS18412RW,1841,,-1.2199999999999998,0.0,0.0,,7.0,-2.34,0.0,0.0
2020,ALH,CS,ALHCS18412RWN,11.35,0,0.0,0.0,0.0,,,,,,,,,,,,,,0.0,0.0,,,,,,,,ALH_ALHCS18412RWN,1841,,0.0,,0.0,,,,,
2021,ALH,CS,ALHCS18412RWN,11.35,0,0.0,0.0,0.0,0.0,,,,,,,,,,,,,0.0,0.0,,,,,,,,ALH_ALHCS18412RWN,1841,,0.0,,0.0,,0.0,0.0,0.0,0.0
2020,ALH,CS,ALHCS18412RWS,4.16,0,0.0,0.0,0.0,,,,,,,,,,,,,,0.0,0.0,,,,,,,,ALH_ALHCS18412RWS,1841,,0.0,,0.0,,,,,
2021,ALH,CS,ALHCS18412RWS,4.16,0,0.0,0.0,0.0,0.0,,,,,,,,,,,,,0.0,0.0,,,,,,,,ALH_ALHCS18412RWS,1841,,0.0,,0.0,,0.0,0.0,0.0,0.0
2020,ALN,CS,ALHCS09169AN,4.3,4,0.26,7.0,5.04,,GHW,PAUL1103,169,2.5,1.5,267.0,2009.0,BRN,90.0,EW,1046.0,R,29.0,146.0,,,,,,,,ALN_ALHCS09169AN,0916,,-1.96,0.006314780942426618,146.0,4.325192426319602e-05,,,,
2021,ALN,CS,ALHCS09169AN,4.3,0,0.0,4.6,4.33,5.04,GHW,PAUL1103,169,2.5,1.5,267.0,2009.0,BRN,90.0,EW,1046.0,R,21.0,144.0,,,,,,,,ALN_ALHCS09169AN,0916,,-0.2699999999999996,0.004572772406584793,144.0,3.175536393461662e-05,7.0,-1.96,146.0,-2.0
2022,ALN,CS,ALHCS09169AN,4.3,4,0.0,5.0,7.24,4.33,GHW,PAUL1103,169,2.5,1.5,267.0,2009.0,BRN,90.0,EW,1046.0,R,26.0,156.0,,,,,,,,ALN_ALHCS09169AN,0916,,2.24,0.005661527741485934,156.0,3.6291844496704705e-05,4.6,-0.2699999999999996,144.0,12.0
2023,ALN,CS,ALHCS09169AN,4.3,4,0.0,5.2,3.81,7.24,GHW,PAUL1103,169,2.5,1.5,267.0,2009.0,BRN,90.0,EW,1046.0,R,13.0,0.0,,,,,,,,ALN_ALHCS09169AN,0916,,-1.3900000000000001,0.002830763870742967,0.0,,5.0,2.24,156.0,-156.0
2024,ALN,CS,ALHCS09169AN,4.3,4,0.0,5.0,4.02,3.81,GHW,PAUL1103,169,2.5,1.5,267.0,2009.0,BRN,90.0,EW,1046.0,R,18.0,0.0,,,,,,,,ALN_ALHCS09169AN,0916,,-0.9800000000000004,0.003919519205644108,0.0,,5.2,-1.3900000000000001,0.0,0.0
2025,ALN,CS,ALHCS09169AN,6.5,4,0.0,6.0,6.52,4.02,GHW,PAUL1103,169,2.5,1.5,267.0,2009.0,BRN,90.0,EW,1046.0,R,0.0,0.0,,,,,,,,ALN_ALHCS09169AN,0916,,0.5199999999999996,0.0,0.0,,5.0,-0.9800000000000004,0.0,0.0
2020,ALN,CS,ALHCS09169AS,6.5,4,0.25,6.0,8.44,,GHW,PAUL1103,169,2.5,1.5,267.0,2009.0,BRN,90.0,EW,1046.0,R,26.0,210.0,,,,,,,,ALN_ALHCS09169AS,0916,,2.4399999999999995,0.003745318352059925,210.0,1.7834849295523454e-05,,,,
2021,ALN,CS,ALHCS09169AS,6.5,0,0.0,5.26,6.76,8.44,GHW,PAUL1103,169,2.5,1.5,267.0,2009.0,BRN,90.0,EW,1046.0,R,23.0,175.0,,,,,,,,ALN_ALHCS09169AS,0916,,1.5,0.003313166234514549,175.0,1.8932378482940282e-05,6.0,2.4399999999999995,210.0,-35.0
2022,ALN,CS,ALHCS09169AS,6.5,4,0.0,7.0,4.5,6.76,GHW,PAUL1103,169,2.5,1.5,267.0,2009.0,BRN,90.0,EW,1046.0,R,25.0,0.0,,,,,,,,ALN_ALHCS09169AS,0916,,-2.5,0.0036012676462114663,0.0,,5.26,1.5,175.0,-175.0
2023,ALN,CS,ALHCS09169AS,6.5,4,0.0,6.5,2.31,4.5,GHW,PAUL1103,169,2.5,1.5,267.0,2009.0,BRN,90.0,EW,1046.0,R,12.0,0.0,,,,,,,,ALN_ALHCS09169AS,0916,,-4.1899999999999995,0.001728608470181504,0.0,,7.0,-2.5,0.0,0.0
2024,ALN,CS,ALHCS09169AS,6.5,4,0.0,7.0,2.87,2.31,GHW,PAUL1103,169,2.5,1.5,267.0,2009.0,BRN,90.0,EW,1046.0,R,19.0,0.0,,,,,,,,ALN_ALHCS09169AS,0916,,-4.13,0.0027369634111207145,0.0,,6.5,-4.1899999999999995,0.0,0.0
2025,ALN,CS,ALHCS09169AS,4.3,4,0.0,3.0,4.04,2.87,GHW,PAUL1103,169,2.5,1.5,267.0,2009.0,BRN,90.0,EW,1046.0,R,0.0,0.0,,,,,,,,ALN_ALHCS09169AS,0916,,1.04,0.0,0.0,,7.0,-4.13,0.0,0.0
2020,ALN,CS,ALHCS09169PE,4.1,4,0.42,5.0,6.07,,GHW,PAUL1103,169,2.5,1.5,267.0,2009.0,BRN,60.0,EW,1000.0,R,30.0,150.0,,,,,,,,ALN_ALHCS09169PE,0916,,1.0700000000000003,0.006851192107426693,150.0,4.567461404951129e-05,,,,
2021,ALN,CS,ALHCS09169PE,4.1,0,0.0,4.92,4.81,6.07,GHW,PAUL1103,169,2.5,1.5,267.0,2009.0,BRN,60.0,EW,1000.0,R,24.0,0.0,,,,,,,,ALN_ALHCS09169PE,0916,,-0.11000000000000032,0.005480953685941354,0.0,,5.0,1.0700000000000003,150.0,-150.0
2022,ALN,CS,ALHCS09169PE,4.1,4,0.0,5.0,4.11,4.81,GHW,PAUL1103,169,2.5,1.5,267.0,2009.0,BRN,60.0,EW,1000.0,R,0.0,0.0,,,,,,,,ALN_ALHCS09169PE,0916,,-0.8899999999999997,0.0,0.0,,4.92,-0.11000000000000032,0.0,0.0
2023,ALN,CS,ALHCS09169PE,4.1,4,0.0,4.5,4.4,4.11,GHW,PAUL1103,169,2.5,1.5,267.0,2009.0,BRN,60.0,EW,1000.0,R,17.0,0.0,,,,,,,,ALN_ALHCS09169PE,0916,,-0.09999999999999964,0.0038823421942084596,0.0,,5.0,-0.8899999999999997,0.0,0.0
2024,ALN,CS,ALHCS09169PE,4.1,4,0.0,4.5,3.22,4.4,GHW,PAUL1103,169,2.5,1.5,267.0,2009.0,BRN,60.0,EW,1000.0,R,15.0,0.0,,,,,,,,ALN_ALHCS09169PE,0916,,-1.2799999999999998,0.0034255960537133466,0.0,,4.5,-0.09999999999999964,0.0,0.0
2025,ALN,CS,ALHCS09169PE,4.1,4,0.0,3.0,3.74,3.22,GHW,PAUL1103,169,2.5,1.5,267.0,2009.0,BRN,60.0,EW,1000.0,R,0.0,0.0,,,,,,,,ALN_ALHCS09169PE,0916,,0.7400000000000002,0.0,0.0,,4.5,-1.2799999999999998,0.0,0.0
2020,ALN,CS,ALHCS09169PW,3.2,4,0.39,4.0,3.55,,GHW,PAUL1103,169,2.5,1.5,267.0,2009.0,BRN,60.0,EW,1000.0,R,33.0,136.0,,,,,,,,ALN_ALHCS09169PW,0916,,-0.4500000000000002,0.009655898876404494,136.0,7.09992564441507e-05,,,,
2021,ALN,CS,ALHCS09169PW,3.2,0,0.0,3.0,3.36,3.55,GHW,PAUL1103,169,2.5,1.5,267.0,2009.0,BRN,60.0,EW,1000.0,R,19.0,0.0,,,,,,,,ALN_ALHCS09169PW,0916,,0.3599999999999999,0.005559456928838951,0.0,,4.0,-0.4500000000000002,136.0,-136.0
2022,ALN,CS,ALHCS09169PW,3.2,4,0.0,4.0,3.05,3.36,GHW,PAUL1103,169,2.5,1.5,267.0,2009.0,BRN,60.0,EW,1000.0,R,0.0,0.0,,,,,,,,ALN_ALHCS09169PW,0916,,-0.9500000000000002,0.0,0.0,,3.0,0.3599999999999999,0.0,0.0
2023,ALN,CS,ALHCS09169PW,3.2,4,0.0,3.5,1.56,3.05,GHW,PAUL1103,169,2.5,1.5,267.0,2009.0,BRN,60.0,EW,1000.0,R,15.0,0.0,,,,,,,,ALN_ALHCS09169PW,0916,,-1.94,0.004389044943820224,0.0,,4.0,-0.9500000000000002,0.0,0.0
2024,ALN,CS,ALHCS09169PW,3.2,4,0.0,3.0,1.78,1.56,GHW,PAUL1103,169,2.5,1.5,267.0,2009.0,BRN,60.0,EW,1000.0,R,14.0,0.0,,,,,,,,ALN_ALHCS09169PW,0916,,-1.22,0.004096441947565543,0.0,,3.5,-1.94,0.0,0.0
2025,ALN,CS,ALHCS09169PW,3.2,4,0.0,2.0,2.38,1.78,GHW,PAUL1103,169,2.5,1.5,267.0,2009.0,BRN,60.0,EW,1000.0,R,0.0,0.0,,,,,,,,ALN_ALHCS09169PW,0916,,0.3799999999999999,0.0,0.0,,3.0,-1.22,0.0,0.0
2020,ALN,CS,ALHCS09338AE,7.1,4,0.0,9.0,10.08,,GHW,SO4,338,2.5,1.5,267.0,2009.0,BRN,67.0,EW,1046.0,R,39.0,0.0,,,,,,,,ALN_ALHCS09338AE,0933,,1.08,0.005143218863744264,0.0,,,,,
2021,ALN,CS,ALHCS09338AE,7.1,0,0.0,8.52,9.24,10.08,GHW,SO4,338,2.5,1.5,267.0,2009.0,BRN,67.0,EW,1046.0,R,26.0,0.0,,,,,,,,ALN_ALHCS09338AE,0933,,0.7200000000000006,0.0034288125758295093,0.0,,9.0,1.08,0.0,0.0
2022,ALN,CS,ALHCS09338AE,7.1,4,0.0,9.0,8.06,9.24,GHW,SO4,338,2.5,1.5,267.0,2009.0,BRN,67.0,EW,1046.0,R,28.0,0.0,,,,,,,,ALN_ALHCS09338AE,0933,,-0.9399999999999995,0.003692567389354856,0.0,,8.52,0.7200000000000006,0.0,0.0
2023,ALN,CS,ALHCS09338AE,7.1,5,0.0,9.0,4.73,8.06,GHW,SO4,338,2.5,1.5,267.0,2009.0,BRN,67.0,EW,1046.0,R,18.0,0.0,,,,,,,,ALN_ALHCS09338AE,0933,,-4.27,0.002373793321728122,0.0,,9.0,-0.9399999999999995,0.0,0.0
2024,ALN,CS,ALHCS09338AE,7.1,4,0.0,8.5,6.44,4.73,GHW,SO4,338,2.5,1.5,267.0,2009.0,BRN,67.0,EW,1046.0,R,22.0,0.0,,,,,,,,ALN_ALHCS09338AE,0933,,-2.0599999999999996,0.0029013029487788156,0.0,,9.0,-4.27,0.0,0.0
2025,ALN,CS,ALHCS09338AE,7.1,4,0.0,6.0,8.66,6.44,GHW,SO4,338,2.5,1.5,267.0,2009.0,BRN,67.0,EW,1046.0,R,0.0,0.0,,,,,,,,ALN_ALHCS09338AE,0933,,2.66,0.0,0.0,,8.5,-2.0599999999999996,0.0,0.0
2020,ALN,CS,ALHCS09338AEF,0.0,0,0.23,0.0,0.0,,,,,,,,,,,,,,0.0,0.0,,,,,,,,ALN_ALHCS09338AEF,0933,,0.0,,0.0,,,,,
2021,ALN,CS,ALHCS09338AEF,0.0,0,0.0,0.0,0.0,0.0,,,,,,,,,,,,,0.0,219.0,,,,,,,,ALN_ALHCS09338AEF,0933,,0.0,,219.0,,0.0,0.0,0.0,219.0
2022,ALN,CS,ALHCS09338AEF,0.0,0,0.0,0.0,0.0,0.0,,,,,,,,,,,,,0.0,0.0,,,,,,,,ALN_ALHCS09338AEF,0933,,0.0,,0.0,,0.0,0.0,219.0,-219.0
2023,ALN,CS,ALHCS09338AEF,0.0,0,0.0,0.0,0.0,0.0,,,,,,,,,,,,,0.0,0.0,,,,,,,,ALN_ALHCS09338AEF,0933,,0.0,,0.0,,0.0,0.0,0.0,0.0
2024,ALN,CS,ALHCS09338AEF,0.0,0,0.0,0.0,0.0,0.0,,,,,,,,,,,,,0.0,0.0,,,,,,,,ALN_ALHCS09338AEF,0933,,0.0,,0.0,,0.0,0.0,0.0,0.0
2025,ALN,CS,ALHCS09338AEF,0.0,0,0.0,0.0,0.0,0.0,,,,,,,,,,,,,0.0,0.0,,,,,,,,ALN_ALHCS09338AEF,0933,,0.0,,0.0,,0.0,0.0,0.0,0.0
2020,ALN,CS,ALHCS09338AEI,0.0,0,0.0,0.0,0.0,,,,,,,,,,,,,,0.0,120.0,,,,,,,,ALN_ALHCS09338AEI,0933,,0.0,,120.0,,,,,
2021,ALN,CS,ALHCS09338AEI,0.0,0,0.0,0.0,0.0,0.0,,,,,,,,,,,,,0.0,0.0,,,,,,,,ALN_ALHCS09338AEI,0933,,0.0,,0.0,,0.0,0.0,120.0,-120.0
2022,ALN,CS,ALHCS09338AEI,0.0,0,0.0,0.0,0.0,0.0,,,,,,,,,,,,,0.0,168.0,,,,,,,,ALN_ALHCS09338AEI,0933,,0.0,,168.0,,0.0,0.0,0.0,168.0
2023,ALN,CS,ALHCS09338AEI,0.0,0,0.0,0.0,0.0,0.0,,,,,,,,,,,,,0.0,0.0,,,,,,,,ALN_ALHCS09338AEI,0933,,0.0,,0.0,,0.0,0.0,168.0,-168.0
2024,ALN,CS,ALHCS09338AEI,0.0,0,0.0,0.0,0.0,0.0,,,,,,,,,,,,,0.0,0.0,,,,,,,,ALN_ALHCS09338AEI,0933,,0.0,,0.0,,0.0,0.0,0.0,0.0
2025,ALN,CS,ALHCS09338AEI,0.0,0,0.0,0.0,0.0,0.0,,,,,,,,,,,,,0.0,0.0,,,,,,,,ALN_ALHCS09338AEI,0933,,0.0,,0.0,,0.0,0.0,0.0,0.0
2020,ALN,CS,ALHCS09338AN,5.8,4,0.31,7.0,6.97,,GHW,SO4,338,2.5,1.5,267.0,2009.0,BRN,67.0,EW,1046.0,R,37.0,166.0,,,,,,,,ALN_ALHCS09338AN,0933,,-0.03000000000000025,0.005973137026992122,166.0,3.598275317465134e-05,,,,
2021,ALN,CS,ALHCS09338AN,5.8,0,0.0,7.49,4.15,6.97,GHW,SO4,338,2.5,1.5,267.0,2009.0,BRN,67.0,EW,1046.0,R,30.0,173.0,,,,,,,,ALN_ALHCS09338AN,0933,,-3.34,0.0048430840759395586,173.0,2.7994705641269124e-05,7.0,-0.03000000000000025,166.0,7.0
2022,ALN,CS,ALHCS09338AN,5.8,4,0.0,6.0,5.78,4.15,GHW,SO4,338,2.5,1.5,267.0,2009.0,BRN,67.0,EW,1046.0,R,30.0,149.0,,,,,,,,ALN_ALHCS09338AN,0933,,-0.21999999999999975,0.0048430840759395586,149.0,3.2503919972748714e-05,7.49,-3.34,173.0,-24.0
2023,ALN,CS,ALHCS09338AN,5.8,4,0.0,7.0,3.46,5.78,GHW,SO4,338,2.5,1.5,267.0,2009.0,BRN,67.0,EW,1046.0,R,12.0,0.0,,,,,,,,ALN_ALHCS09338AN,0933,,-3.54,0.0019372336303758234,0.0,,6.0,-0.21999999999999975,149.0,-149.0
2024,ALN,CS,ALHCS09338AN,5.8,4,0.0,6.0,5.58,3.46,GHW,SO4,338,2.5,1.5,267.0,2009.0,BRN,67.0,EW,1046.0,R,23.0,0.0,,,,,,,,ALN_ALHCS09338AN,0933,,-0.41999999999999993,0.0037130311248869947,0.0,,7.0,-3.54,0.0,0.0
2025,ALN,CS,ALHCS09338AN,5.8,5,0.0,5.0,5.72,5.58,GHW,SO4,338,2.5,1.5,267.0,2009.0,BRN,67.0,EW,1046.0,R,0.0,0.0,,,,,,,,ALN_ALHCS09338AN,0933,,0.7199999999999998,0.0,0.0,,6.0,-0.41999999999999993,0.0,0.0
2020,ALN,CS,ALHCS09338AW,6.7,4,0.0,10.0,10.07,,GHW,SO4,338,2.5,1.5,267.0,2009.0,BRN,67.0,EW,1046.0,R,32.0,0.0,,,,,,,,ALN_ALHCS09338AW,0933,,0.07000000000000028,0.004472021912907373,0.0,,,,,
2021,ALN,CS,ALHCS09338AW,6.7,0,0.0,8.01,9.97,10.07,GHW,SO4,338,2.5,1.5,267.0,2009.0,BRN,67.0,EW,1046.0,R,27.0,0.0,,,,,,,,ALN_ALHCS09338AW,0933,,1.9600000000000009,0.003773268489015596,0.0,,10.0,0.07000000000000028,0.0,0.0
2022,ALN,CS,ALHCS09338AW,6.7,4,0.0,9.0,7.41,9.97,GHW,SO4,338,2.5,1.5,267.0,2009.0,BRN,67.0,EW,1046.0,R,28.0,0.0,,,,,,,,ALN_ALHCS09338AW,0933,,-1.5899999999999999,0.003913019173793952,0.0,,8.01,1.9600000000000009,0.0,0.0
2023,ALN,CS,ALHCS09338AW,6.7,4,0.0,9.0,5.12,7.41,GHW,SO4,338,2.5,1.5,267.0,2009.0,BRN,67.0,EW,1046.0,R,18.0,0.0,,,,,,,,ALN_ALHCS09338AW,0933,,-3.88,0.002515512326010397,0.0,,9.0,-1.5899999999999999,0.0,0.0
2024,ALN,CS,ALHCS09338AW,6.7,4,0.0,8.0,6.76,5.12,GHW,SO4,338,2.5,1.5,267.0,2009.0,BRN,67.0,EW,1046.0,R,22.0,0.0,,,,,,,,ALN_ALHCS09338AW,0933,,-1.2400000000000002,0.003074515065123819,0.0,,9.0,-3.88,0.0,0.0
2025,ALN,CS,ALHCS09338AW,6.7,4,0.0,6.0,8.08,6.76,GHW,SO4,338,2.5,1.5,267.0,2009.0,BRN,67.0,EW,1046.0,R,0.0,0.0,,,,,,,,ALN_ALHCS09338AW,0933,,2.08,0.0,0.0,,8.0,-1.2400000000000002,0.0,0.0
2020,ALN,CS,ALHCS09338AWF,0.0,0,0.32,0.0,0.0,,,,,,,,,,,,,,0.0,0.0,,,,,,,,ALN_ALHCS09338AWF,0933,,0.0,,0.0,,,,,
2021,ALN,CS,ALHCS09338AWF,0.0,0,0.0,0.0,0.0,0.0,,,,,,,,,,,,,0.0,205.0,,,,,,,,ALN_ALHCS09338AWF,0933,,0.0,,205.0,,0.0,0.0,0.0,205.0
2022,ALN,CS,ALHCS09338AWF,0.0,0,0.0,0.0,0.0,0.0,,,,,,,,,,,,,0.0,0.0,,,,,,,,ALN_ALHCS09338AWF,0933,,0.0,,0.0,,0.0,0.0,205.0,-205.0
2023,ALN,CS,ALHCS09338AWF,0.0,0,0.0,0.0,0.0,0.0,,,,,,,,,,,,,0.0,0.0,,,,,,,,ALN_ALHCS09338AWF,0933,,0.0,,0.0,,0.0,0.0,0.0,0.0
2024,ALN,CS,ALHCS09338AWF,0.0,0,0.0,0.0,0.0,0.0,,,,,,,,,,,,,0.0,0.0,,,,,,,,ALN_ALHCS09338AWF,0933,,0.0,,0.0,,0.0,0.0,0.0,0.0
2025,ALN,CS,ALHCS09338AWF,0.0,0,0.0,0.0,0.0,0.0,,,,,,,,,,,,,0.0,0.0,,,,,,,,ALN_ALHCS09338AWF,0933,,0.0,,0.0,,0.0,0.0,0.0,0.0
2020,ALN,CS,ALHCS09338AWI,0.0,0,0.32,0.0,0.0,,,,,,,,,,,,,,0.0,194.0,,,,,,,,ALN_ALHCS09338AWI,0933,,0.0,,194.0,,,,,
2021,ALN,CS,ALHCS09338AWI,0.0,0,0.0,0.0,0.0,0.0,,,,,,,,,,,,,0.0,0.0,,,,,,,,ALN_ALHCS09338AWI,0933,,0.0,,0.0,,0.0,0.0,194.0,-194.0
2022,ALN,CS,ALHCS09338AWI,0.0,0,0.0,0.0,0.0,0.0,,,,,,,,,,,,,0.0,151.0,,,,,,,,ALN_ALHCS09338AWI,0933,,0.0,,151.0,,0.0,0.0,0.0,151.0
2023,ALN,CS,ALHCS09338AWI,0.0,0,0.0,0.0,0.0,0.0,,,,,,,,,,,,,0.0,0.0,,,,,,,,ALN_ALHCS09338AWI,0933,,0.0,,0.0,,0.0,0.0,151.0,-151.0
2024,ALN,CS,ALHCS09338AWI,0.0,0,0.0,0.0,0.0,0.0,,,,,,,,,,,,,0.0,0.0,,,,,,,,ALN_ALHCS09338AWI,0933,,0.0,,0.0,,0.0,0.0,0.0,0.0
2025,ALN,CS,ALHCS09338AWI,0.0,0,0.0,0.0,0.0,0.0,,,,,,,,,,,,,0.0,0.0,,,,,,,,ALN_ALHCS09338AWI,0933,,0.0,,0.0,,0.0,0.0,0.0,0.0
2020,ALN,CS,ALHCS09338RE,5.8,4,0.0,7.0,4.61,,GHW,R110,338,2.5,1.5,267.0,2009.0,BRN,60.0,EW,1000.0,R,28.0,0.0,,,,,,,,ALN_ALHCS09338RE,0933,,-2.3899999999999997,0.0045202118042102545,0.0,,,,,
2021,ALN,CS,ALHCS09338RE,5.8,0,0.0,6.0,5.78,4.61,GHW,R110,338,2.5,1.5,267.0,2009.0,BRN,60.0,EW,1000.0,R,24.0,0.0,,,,,,,,ALN_ALHCS09338RE,0933,,-0.21999999999999975,0.0038744672607516468,0.0,,7.0,-2.3899999999999997,0.0,0.0
2022,ALN,CS,ALHCS09338RE,5.8,5,0.0,5.0,5.1,5.78,GHW,R110,338,2.5,1.5,267.0,2009.0,BRN,60.0,EW,1000.0,R,25.0,0.0,,,,,,,,ALN_ALHCS09338RE,0933,,0.09999999999999964,0.004035903396616299,0.0,,6.0,-0.21999999999999975,0.0,0.0
2023,ALN,CS,ALHCS09338RE,5.8,5,0.0,5.2,2.84,5.1,GHW,R110,338,2.5,1.5,267.0,2009.0,BRN,60.0,EW,1000.0,R,12.0,0.0,,,,,,,,ALN_ALHCS09338RE,0933,,-2.3600000000000003,0.0019372336303758234,0.0,,5.0,0.09999999999999964,0.0,0.0
2024,ALN,CS,ALHCS09338RE,5.8,4,0.0,6.0,3.9,2.84,GHW,R110,338,2.5,1.5,267.0,2009.0,BRN,60.0,EW,1000.0,R,16.0,0.0,,,,,,,,ALN_ALHCS09338RE,0933,,-2.1,0.0025829781738344313,0.0,,5.2,-2.3600000000000003,0.0,0.0
2025,ALN,CS,ALHCS09338RE,5.8,4,0.0,4.0,4.1,3.9,GHW,R110,338,2.5,1.5,267.0,2009.0,BRN,60.0,EW,1000.0,R,0.0,0.0,,,,,,,,ALN_ALHCS09338RE,0933,,0.09999999999999964,0.0,0.0,,6.0,-2.1,0.0,0.0
2020,ALN,CS,ALHCS09338REF,0.0,0,0.42,0.0,0.0,,GHW,R110,338,2.5,1.5,267.0,2009.0,BRN,60.0,EW,1000.0,R,0.0,0.0,,,,,,,,ALN_ALHCS09338REF,0933,,0.0,,0.0,,,,,
2021,ALN,CS,ALHCS09338REF,0.0,0,0.0,0.0,0.0,0.0,GHW,R110,338,2.5,1.5,267.0,2009.0,BRN,60.0,EW,1000.0,R,0.0,0.0,,,,,,,,ALN_ALHCS09338REF,0933,,0.0,,0.0,,0.0,0.0,0.0,0.0
2022,ALN,CS,ALHCS09338REF,0.0,0,0.0,0.0,0.0,0.0,GHW,R110,338,2.5,1.5,267.0,2009.0,BRN,60.0,EW,1000.0,R,0.0,0.0,,,,,,,,ALN_ALHCS09338REF,0933,,0.0,,0.0,,0.0,0.0,0.0,0.0
2023,ALN,CS,ALHCS09338REF,0.0,0,0.0,0.0,0.0,0.0,GHW,R110,338,2.5,1.5,267.0,2009.0,BRN,60.0,EW,1000.0,R,0.0,0.0,,,,,,,,ALN_ALHCS09338REF,0933,,0.0,,0.0,,0.0,0.0,0.0,0.0
2024,ALN,CS,ALHCS09338REF,0.0,0,0.0,0.0,0.0,0.0,GHW,R110,338,2.5,1.5,267.0,2009.0,BRN,60.0,EW,1000.0,R,0.0,0.0,,,,,,,,ALN_ALHCS09338REF,0933,,0.0,,0.0,,0.0,0.0,0.0,0.0
2025,ALN,CS,ALHCS09338REF,0.0,0,0.0,0.0,0.0,0.0,GHW,R110,338,2.5,1.5,267.0,2009.0,BRN,60.0,EW,1000.0,R,0.0,0.0,,,,,,,,ALN_ALHCS09338REF,0933,,0.0,,0.0,,0.0,0.0,0.0,0.0
2020,ALN,CS,ALHCS09338REI,0.0,0,0.41,0.0,0.0,,GHW,R110,338,2.5,1.5,267.0,2009.0,BRN,60.0,EW,1000.0,R,0.0,150.0,,,,,,,,ALN_ALHCS09338REI,0933,,0.0,,150.0,,,,,
2021,ALN,CS,ALHCS09338REI,0.0,0,0.0,0.0,0.0,0.0,GHW,R110,338,2.5,1.5,267.0,2009.0,BRN,60.0,EW,1000.0,R,0.0,0.0,,,,,,,,ALN_ALHCS09338REI,0933,,0.0,,0.0,,0.0,0.0,150.0,-150.0
2022,ALN,CS,ALHCS09338REI,0.0,0,0.0,0.0,0.0,0.0,GHW,R110,338,2.5,1.5,267.0,2009.0,BRN,60.0,EW,1000.0,R,0.0,137.0,,,,,,,,ALN_ALHCS09338REI,0933,,0.0,,137.0,,0.0,0.0,0.0,137.0
2023,ALN,CS,ALHCS09338REI,0.0,0,0.0,0.0,0.0,0.0,GHW,R110,338,2.5,1.5,267.0,2009.0,BRN,60.0,EW,1000.0,R,0.0,0.0,,,,,,,,ALN_ALHCS09338REI,0933,,0.0,,0.0,,0.0,0.0,137.0,-137.0
2024,ALN,CS,ALHCS09338REI,0.0,0,0.0,0.0,0.0,0.0,GHW,R110,338,2.5,1.5,267.0,2009.0,BRN,60.0,EW,1000.0,R,0.0,0.0,,,,,,,,ALN_ALHCS09338REI,0933,,0.0,,0.0,,0.0,0.0,0.0,0.0
2025,ALN,CS,ALHCS09338REI,0.0,0,0.0,0.0,0.0,0.0,GHW,R110,338,2.5,1.5,267.0,2009.0,BRN,60.0,EW,1000.0,R,0.0,0.0,,,,,,,,ALN_ALHCS09338REI,0933,,0.0,,0.0,,0.0,0.0,0.0,0.0
2020,ALN,CS,ALHCS09338RMZ,6.5,4,0.0,9.0,8.76,,GHW,R110,338,2.5,1.5,267.0,2009.0,BRN,60.0,EW,1000.0,R,33.0,0.0,,,,,,,,ALN_ALHCS09338RMZ,0933,,-0.2400000000000002,0.004753673292999135,0.0,,,,,
2021,ALN,CS,ALHCS09338RMZ,6.5,0,0.0,8.0,6.33,8.76,GHW,R110,338,2.5,1.5,267.0,2009.0,BRN,60.0,EW,1000.0,R,29.0,0.0,,,,,,,,ALN_ALHCS09338RMZ,0933,,-1.67,0.004177470469605301,0.0,,9.0,-0.2400000000000002,0.0,0.0
2022,ALN,CS,ALHCS09338RMZ,6.5,4,0.0,7.0,6.39,6.33,GHW,R110,338,2.5,1.5,267.0,2009.0,BRN,60.0,EW,1000.0,R,25.0,0.0,,,,,,,,ALN_ALHCS09338RMZ,0933,,-0.6100000000000003,0.0036012676462114663,0.0,,8.0,-1.67,0.0,0.0
2023,ALN,CS,ALHCS09338RMZ,6.5,5,0.0,7.2,5.41,6.39,GHW,R110,338,2.5,1.5,267.0,2009.0,BRN,60.0,EW,1000.0,R,16.0,0.0,,,,,,,,ALN_ALHCS09338RMZ,0933,,-1.79,0.0023048112935753384,0.0,,7.0,-0.6100000000000003,0.0,0.0
2024,ALN,CS,ALHCS09338RMZ,6.5,4,0.0,7.0,5.78,5.41,GHW,R110,338,2.5,1.5,267.0,2009.0,BRN,60.0,EW,1000.0,R,18.0,0.0,,,,,,,,ALN_ALHCS09338RMZ,0933,,-1.2199999999999998,0.0025929127052722557,0.0,,7.2,-1.79,0.0,0.0
2025,ALN,CS,ALHCS09338RMZ,6.5,5,0.0,4.0,4.64,5.78,GHW,R110,338,2.5,1.5,267.0,2009.0,BRN,60.0,EW,1000.0,R,0.0,0.0,,,,,,,,ALN_ALHCS09338RMZ,0933,,0.6399999999999997,0.0,0.0,,7.0,-1.2199999999999998,0.0,0.0
2020,ALN,CS,ALHCS09338RMZF,0.0,0,0.37,0.0,0.0,,GHW,R110,338,2.5,1.5,267.0,2009.0,BRN,60.0,EW,1000.0,R,0.0,0.0,,,,,,,,ALN_ALHCS09338RMZF,0933,,0.0,,0.0,,,,,
2021,ALN,CS,ALHCS09338RMZF,0.0,0,0.0,0.0,0.0,0.0,GHW,R110,338,2.5,1.5,267.0,2009.0,BRN,60.0,EW,1000.0,R,0.0,184.0,,,,,,,,ALN_ALHCS09338RMZF,0933,,0.0,,184.0,,0.0,0.0,0.0,184.0
2022,ALN,CS,ALHCS09338RMZF,0.0,0,0.0,0.0,0.0,0.0,GHW,R110,338,2.5,1.5,267.0,2009.0,BRN,60.0,EW,1000.0,R,0.0,0.0,,,,,,,,ALN_ALHCS09338RMZF,0933,,0.0,,0.0,,0.0,0.0,184.0,-184.0
2023,ALN,CS,ALHCS09338RMZF,0.0,0,0.0,0.0,0.0,0.0,GHW,R110,338,2.5,1.5,267.0,2009.0,BRN,60.0,EW,1000.0,R,0.0,0.0,,,,,,,,ALN_ALHCS09338RMZF,0933,,0.0,,0.0,,0.0,0.0,0.0,0.0
2024,ALN,CS,ALHCS09338RMZF,0.0,0,0.0,0.0,0.0,0.0,GHW,R110,338,2.5,1.5,267.0,2009.0,BRN,60.0,EW,1000.0,R,0.0,0.0,,,,,,,,ALN_ALHCS09338RMZF,0933,,0.0,,0.0,,0.0,0.0,0.0,0.0
2025,ALN,CS,ALHCS09338RMZF,0.0,0,0.0,0.0,0.0,0.0,GHW,R110,338,2.5,1.5,267.0,2009.0,BRN,60.0,EW,1000.0,R,0.0,0.0,,,,,,,,ALN_ALHCS09338RMZF,0933,,0.0,,0.0,,0.0,0.0,0.0,0.0
2020,ALN,CS,ALHCS09338RMZI,0.0,0,0.39,0.0,0.0,,GHW,R110,338,2.5,1.5,267.0,2009.0,BRN,60.0,EW,1000.0,R,0.0,113.0,,,,,,,,ALN_ALHCS09338RMZI,0933,,0.0,,113.0,,,,,
2021,ALN,CS,ALHCS09338RMZI,0.0,0,0.0,0.0,0.0,0.0,GHW,R110,338,2.5,1.5,267.0,2009.0,BRN,60.0,EW,1000.0,R,0.0,177.0,,,,,,,,ALN_ALHCS09338RMZI,0933,,0.0,,177.0,,0.0,0.0,113.0,64.0
2022,ALN,CS,ALHCS09338RMZI,0.0,0,0.0,0.0,0.0,0.0,GHW,R110,338,2.5,1.5,267.0,2009.0,BRN,60.0,EW,1000.0,R,0.0,169.0,,,,,,,,ALN_ALHCS09338RMZI,0933,,0.0,,169.0,,0.0,0.0,177.0,-8.0
2023,ALN,CS,ALHCS09338RMZI,0.0,0,0.0,0.0,0.0,0.0,GHW,R110,338,2.5,1.5,267.0,2009.0,BRN,60.0,EW,1000.0,R,0.0,0.0,,,,,,,,ALN_ALHCS09338RMZI,0933,,0.0,,0.0,,0.0,0.0,169.0,-169.0
2024,ALN,CS,ALHCS09338RMZI,0.0,0,0.0,0.0,0.0,0.0,GHW,R110,338,2.5,1.5,267.0,2009.0,BRN,60.0,EW,1000.0,R,0.0,0.0,,,,,,,,ALN_ALHCS09338RMZI,0933,,0.0,,0.0,,0.0,0.0,0.0,0.0
2025,ALN,CS,ALHCS09338RMZI,0.0,0,0.0,0.0,0.0,0.0,GHW,R110,338,2.5,1.5,267.0,2009.0,BRN,60.0,EW,1000.0,R,0.0,0.0,,,,,,,,ALN_ALHCS09338RMZI,0933,,0.0,,0.0,,0.0,0.0,0.0,0.0
2020,ALN,CS,ALHCS09338RN,3.7,4,0.42,4.0,3.09,,GHW,R110,338,2.5,1.5,267.0,2009.0,BRN,60.0,EW,1000.0,R,25.0,184.0,,,,,,,,ALN_ALHCS09338RN,0933,,-0.9100000000000001,0.006326551270371495,184.0,3.4383430817236384e-05,,,,
2021,ALN,CS,ALHCS09338RN,3.7,0,0.0,3.0,3.17,3.09,GHW,R110,338,2.5,1.5,267.0,2009.0,BRN,60.0,EW,1000.0,R,25.0,105.0,,,,,,,,ALN_ALHCS09338RN,0933,,0.16999999999999993,0.006326551270371495,105.0,6.025286924163329e-05,4.0,-0.9100000000000001,184.0,-79.0
2022,ALN,CS,ALHCS09338RN,3.7,5,0.0,3.0,2.43,3.17,GHW,R110,338,2.5,1.5,267.0,2009.0,BRN,60.0,EW,1000.0,R,18.0,114.0,,,,,,,,ALN_ALHCS09338RN,0933,,-0.5699999999999998,0.004555116914667476,114.0,3.9957165918135754e-05,3.0,0.16999999999999993,105.0,9.0
2023,ALN,CS,ALHCS09338RN,3.7,4,0.0,3.7,1.89,2.43,GHW,R110,338,2.5,1.5,267.0,2009.0,BRN,60.0,EW,1000.0,R,19.0,0.0,,,,,,,,ALN_ALHCS09338RN,0933,,-1.8100000000000003,0.004808178965482336,0.0,,3.0,-0.5699999999999998,114.0,-114.0
2024,ALN,CS,ALHCS09338RN,3.7,4,0.0,3.0,2.18,1.89,GHW,R110,338,2.5,1.5,267.0,2009.0,BRN,60.0,EW,1000.0,R,14.0,0.0,,,,,,,,ALN_ALHCS09338RN,0933,,-0.8199999999999998,0.003542868711408037,0.0,,3.7,-1.8100000000000003,0.0,0.0
2025,ALN,CS,ALHCS09338RN,3.7,5,0.0,1.0,1.58,2.18,GHW,R110,338,2.5,1.5,267.0,2009.0,BRN,60.0,EW,1000.0,R,0.0,0.0,,,,,,,,ALN_ALHCS09338RN,0933,,0.5800000000000001,0.0,0.0,,3.0,-0.8199999999999998,0.0,0.0
2020,ALN,CS,ALHCS09338RW,4.0,4,0.37,5.0,4.62,,GHW,R110,338,2.5,1.5,267.0,2009.0,BRN,60.0,EW,1000.0,R,33.0,194.0,,,,,,,,ALN_ALHCS09338RW,0933,,-0.3799999999999999,0.007724719101123595,194.0,3.981813969651338e-05,,,,
2021,ALN,CS,ALHCS09338RW,4.0,0,0.0,4.5,4.44,4.62,GHW,R110,338,2.5,1.5,267.0,2009.0,BRN,60.0,EW,1000.0,R,26.0,156.0,,,,,,,,ALN_ALHCS09338RW,0933,,-0.05999999999999961,0.006086142322097378,156.0,3.9013732833957553e-05,5.0,-0.3799999999999999,194.0,-38.0
2022,ALN,CS,ALHCS09338RW,4.0,4,0.0,4.0,3.48,4.44,GHW,R110,338,2.5,1.5,267.0,2009.0,BRN,60.0,EW,1000.0,R,21.0,159.0,,,,,,,,ALN_ALHCS09338RW,0933,,-0.52,0.0049157303370786515,159.0,3.0916543000494666e-05,4.5,-0.05999999999999961,156.0,3.0
2023,ALN,CS,ALHCS09338RW,4.0,4,0.0,4.0,2.5,3.48,GHW,R110,338,2.5,1.5,267.0,2009.0,BRN,60.0,EW,1000.0,R,13.0,0.0,,,,,,,,ALN_ALHCS09338RW,0933,,-1.5,0.003043071161048689,0.0,,4.0,-0.52,159.0,-159.0
2024,ALN,CS,ALHCS09338RW,4.0,4,0.0,3.5,2.98,2.5,GHW,R110,338,2.5,1.5,267.0,2009.0,BRN,60.0,EW,1000.0,R,14.0,0.0,,,,,,,,ALN_ALHCS09338RW,0933,,-0.52,0.0032771535580524347,0.0,,4.0,-1.5,0.0,0.0
2025,ALN,CS,ALHCS09338RW,4.0,5,0.0,3.0,2.32,2.98,GHW,R110,338,2.5,1.5,267.0,2009.0,BRN,60.0,EW,1000.0,R,0.0,0.0,,,,,,,,ALN_ALHCS09338RW,0933,,-0.6800000000000002,0.0,0.0,,3.5,-0.52,0.0,0.0
2020,ALN,CS,ALHCS09338SO,9.7,4,0.0,11.0,10.08,,GHW,SO4,338,2.5,1.5,267.0,2009.0,BRN,41.0,NS,1000.0,R,26.0,0.0,,,,,,,,ALN_ALHCS09338SO,0933,,-0.9199999999999999,0.002509749411174177,0.0,,,,,
2021,ALN,CS,ALHCS09338SO,9.7,0,0.0,10.0,10.06,10.08,GHW,SO4,338,2.5,1.5,267.0,2009.0,BRN,41.0,NS,1000.0,R,26.0,0.0,,,,,,,,ALN_ALHCS09338SO,0933,,0.0600000000000005,0.002509749411174177,0.0,,11.0,-0.9199999999999999,0.0,0.0
2022,ALN,CS,ALHCS09338SO,9.7,5,0.0,7.0,6.69,10.06,GHW,SO4,338,2.5,1.5,267.0,2009.0,BRN,41.0,NS,1000.0,R,20.0,0.0,,,,,,,,ALN_ALHCS09338SO,0933,,-0.3099999999999996,0.0019305764701339823,0.0,,10.0,0.0600000000000005,0.0,0.0
2023,ALN,CS,ALHCS09338SO,9.7,5,0.0,8.7,5.94,6.69,GHW,SO4,338,2.5,1.5,267.0,2009.0,BRN,41.0,NS,1000.0,R,18.0,0.0,,,,,,,,ALN_ALHCS09338SO,0933,,-2.759999999999999,0.001737518823120584,0.0,,7.0,-0.3099999999999996,0.0,0.0
2024,ALN,CS,ALHCS09338SO,9.7,4,0.0,7.0,5.24,5.94,GHW,SO4,338,2.5,1.5,267.0,2009.0,BRN,41.0,NS,1000.0,R,13.0,0.0,,,,,,,,ALN_ALHCS09338SO,0933,,-1.7599999999999998,0.0012548747055870885,0.0,,8.7,-2.759999999999999,0.0,0.0
2025,ALN,CS,ALHCS09338SO,9.7,5,0.0,8.0,4.46,5.24,GHW,SO4,338,2.5,1.5,267.0,2009.0,BRN,41.0,NS,1000.0,R,0.0,0.0,,,,,,,,ALN_ALHCS09338SO,0933,,-3.54,0.0,0.0,,7.0,-1.7599999999999998,0.0,0.0
2020,ALN,CS,ALHCS09338SOF,0.0,0,0.42,0.0,0.0,,GHW,SO4,338,2.5,1.5,267.0,2009.0,BRN,41.0,NS,1000.0,R,0.0,0.0,,,,,,,,ALN_ALHCS09338SOF,0933,,0.0,,0.0,,,,,
2021,ALN,CS,ALHCS09338SOF,0.0,0,0.0,0.0,0.0,0.0,GHW,SO4,338,2.5,1.5,267.0,2009.0,BRN,41.0,NS,1000.0,R,0.0,22.0,,,,,,,,ALN_ALHCS09338SOF,0933,,0.0,,22.0,,0.0,0.0,0.0,22.0
2022,ALN,CS,ALHCS09338SOF,0.0,0,0.0,0.0,0.0,0.0,GHW,SO4,338,2.5,1.5,267.0,2009.0,BRN,41.0,NS,1000.0,R,0.0,0.0,,,,,,,,ALN_ALHCS09338SOF,0933,,0.0,,0.0,,0.0,0.0,22.0,-22.0
2023,ALN,CS,ALHCS09338SOF,0.0,0,0.0,0.0,0.0,0.0,GHW,SO4,338,2.5,1.5,267.0,2009.0,BRN,41.0,NS,1000.0,R,0.0,0.0,,,,,,,,ALN_ALHCS09338SOF,0933,,0.0,,0.0,,0.0,0.0,0.0,0.0
2024,ALN,CS,ALHCS09338SOF,0.0,0,0.0,0.0,0.0,0.0,GHW,SO4,338,2.5,1.5,267.0,2009.0,BRN,41.0,NS,1000.0,R,0.0,0.0,,,,,,,,ALN_ALHCS09338SOF,0933,,0.0,,0.0,,0.0,0.0,0.0,0.0
2025,ALN,CS,ALHCS09338SOF,0.0,0,0.0,0.0,0.0,0.0,GHW,SO4,338,2.5,1.5,267.0,2009.0,BRN,41.0,NS,1000.0,R,0.0,0.0,,,,,,,,ALN_ALHCS09338SOF,0933,,0.0,,0.0,,0.0,0.0,0.0,0.0
2020,ALN,CS,ALHCS09338SOI,0.0,0,0.37,0.0,0.0,,GHW,SO4,338,2.5,1.5,267.0,2009.0,BRN,41.0,NS,1000.0,R,0.0,0.0,,,,,,,,ALN_ALHCS09338SOI,0933,,0.0,,0.0,,,,,
2021,ALN,CS,ALHCS09338SOI,0.0,0,0.0,0.0,0.0,0.0,GHW,SO4,338,2.5,1.5,267.0,2009.0,BRN,41.0,NS,1000.0,R,0.0,0.0,,,,,,,,ALN_ALHCS09338SOI,0933,,0.0,,0.0,,0.0,0.0,0.0,0.0
2022,ALN,CS,ALHCS09338SOI,0.0,0,0.0,0.0,0.0,0.0,GHW,SO4,338,2.5,1.5,267.0,2009.0,BRN,41.0,NS,1000.0,R,0.0,140.0,,,,,,,,ALN_ALHCS09338SOI,0933,,0.0,,140.0,,0.0,0.0,0.0,140.0
2023,ALN,CS,ALHCS09338SOI,0.0,0,0.0,0.0,0.0,0.0,GHW,SO4,338,2.5,1.5,267.0,2009.0,BRN,41.0,NS,1000.0,R,0.0,0.0,,,,,,,,ALN_ALHCS09338SOI,0933,,0.0,,0.0,,0.0,0.0,140.0,-140.0
2024,ALN,CS,ALHCS09338SOI,0.0,0,0.0,0.0,0.0,0.0,GHW,SO4,338,2.5,1.5,267.0,2009.0,BRN,41.0,NS,1000.0,R,0.0,0.0,,,,,,,,ALN_ALHCS09338SOI,0933,,0.0,,0.0,,0.0,0.0,0.0,0.0
2025,ALN,CS,ALHCS09338SOI,0.0,0,0.0,0.0,0.0,0.0,GHW,SO4,338,2.5,1.5,267.0,2009.0,BRN,41.0,NS,1000.0,R,0.0,0.0,,,,,,,,ALN_ALHCS09338SOI,0933,,0.0,,0.0,,0.0,0.0,0.0,0.0
2023,ANM,CS,ANMCS23169SE,8.3,0,0.0,0.0,0.0,,GHW,SO4,169,2.7,1.5,247.0,2023.0,YNT,37.0,NESW,675.0,R,0.0,0.0,23.792876712328766,12.633150684931508,2.0255068493150685,702.4,2625.0,840.6630136986302,-3216.0,ANM_ANMCS23169SE,2316,,0.0,0.0,0.0,,,,,
2024,ANM,CS,ANMCS23169SE,8.3,0,0.0,0.0,0.0,0.0,GHW,SO4,169,2.7,1.5,247.0,2023.0,YNT,37.0,NESW,675.0,R,0.0,0.0,23.59535519125683,12.800819672131148,1.9520218579234971,662.6,2680.0,826.1639344262295,-3168.0,ANM_ANMCS23169SE,2316,,0.0,0.0,0.0,,0.0,0.0,0.0,0.0
2025,ANM,CS,ANMCS23169SE,8.3,0,0.0,0.0,0.0,0.0,GHW,SO4,169,2.7,1.5,247.0,2023.0,YNT,37.0,NESW,675.0,R,0.0,0.0,24.061643835616437,12.527397260273972,2.161808219178082,233.6,2670.0,798.613698630137,-3325.0,ANM_ANMCS23169SE,2316,,0.0,0.0,0.0,,0.0,0.0,0.0,0.0
2023,ANM,CS,ANMCS23169SM,10.8,0,0.0,0.0,0.0,,GHW,SO4,169,2.7,1.5,247.0,2023.0,YNT,37.0,NESW,670.0,R,0.0,0.0,23.792876712328766,12.633150684931508,2.0255068493150685,702.4,2625.0,840.6630136986302,-3216.0,ANM_ANMCS23169SM,2316,,0.0,0.0,0.0,,,,,
2024,ANM,CS,ANMCS23169SM,10.8,0,0.0,0.0,0.0,0.0,GHW,SO4,169,2.7,1.5,247.0,2023.0,YNT,37.0,NESW,670.0,R,0.0,0.0,23.59535519125683,12.800819672131148,1.9520218579234971,662.6,2680.0,826.1639344262295,-3168.0,ANM_ANMCS23169SM,2316,,0.0,0.0,0.0,,0.0,0.0,0.0,0.0
2025,ANM,CS,ANMCS23169SM,10.8,0,0.0,0.0,0.0,0.0,GHW,SO4,169,2.7,1.5,247.0,2023.0,YNT,37.0,NESW,670.0,R,0.0,0.0,24.061643835616437,12.527397260273972,2.161808219178082,233.6,2670.0,798.613698630137,-3325.0,ANM_ANMCS23169SM,2316,,0.0,0.0,0.0,,0.0,0.0,0.0,0.0
2023,ANM,CS,ANMCS23169SNN,14.4,0,0.0,0.0,0.0,,GHW,SO4,169,2.7,1.5,247.0,2023.0,YNT,42.0,NESW,685.0,R,0.0,0.0,23.792876712328766,12.633150684931508,2.0255068493150685,702.4,2625.0,840.6630136986302,-3216.0,ANM_ANMCS23169SNN,2316,,0.0,0.0,0.0,,,,,
2024,ANM,CS,ANMCS23169SNN,14.4,0,0.0,0.0,0.0,0.0,GHW,SO4,169,2.7,1.5,247.0,2023.0,YNT,42.0,NESW,685.0,R,0.0,0.0,23.59535519125683,12.800819672131148,1.9520218579234971,662.6,2680.0,826.1639344262295,-3168.0,ANM_ANMCS23169SNN,2316,,0.0,0.0,0.0,,0.0,0.0,0.0,0.0
2025,ANM,CS,ANMCS23169SNN,14.4,0,0.0,0.0,0.0,0.0,GHW,SO4,169,2.7,1.5,247.0,2023.0,YNT,42.0,NESW,685.0,R,0.0,0.0,24.061643835616437,12.527397260273972,2.161808219178082,233.6,2670.0,798.613698630137,-3325.0,ANM_ANMCS23169SNN,2316,,0.0,0.0,0.0,,0.0,0.0,0.0,0.0
2024,ANM,CS,ANMCS23169SNS,10.8,0,0.0,0.0,0.0,,GHW,SO4,169,2.7,1.5,247.0,2023.0,YNT,42.0,NESW,685.0,R,0.0,0.0,23.59535519125683,12.800819672131148,1.9520218579234971,662.6,2680.0,826.1639344262295,-3168.0,ANM_ANMCS23169SNS,2316,,0.0,0.0,0.0,,,,,
2025,ANM,CS,ANMCS23169SNS,10.8,0,0.0,0.0,0.0,0.0,GHW,SO4,169,2.7,1.5,247.0,2023.0,YNT,42.0,NESW,685.0,R,0.0,0.0,24.061643835616437,12.527397260273972,2.161808219178082,233.6,2670.0,798.613698630137,-3325.0,ANM_ANMCS23169SNS,2316,,0.0,0.0,0.0,,0.0,0.0,0.0,0.0
2023,ANM,CS,ANMCS23169SS,19.7,0,0.0,0.0,0.0,,GHW,SO4,338,2.7,1.5,247.0,2023.0,YNT,37.0,NESW,675.0,R,0.0,0.0,23.792876712328766,12.633150684931508,2.0255068493150685,702.4,2625.0,840.6630136986302,-3216.0,ANM_ANMCS23169SS,2316,,0.0,0.0,0.0,,,,,
2024,ANM,CS,ANMCS23169SS,19.7,0,0.0,0.0,0.0,0.0,GHW,SO4,338,2.7,1.5,247.0,2023.0,YNT,37.0,NESW,675.0,R,0.0,0.0,23.59535519125683,12.800819672131148,1.9520218579234971,662.6,2680.0,826.1639344262295,-3168.0,ANM_ANMCS23169SS,2316,,0.0,0.0,0.0,,0.0,0.0,0.0,0.0
2025,ANM,CS,ANMCS23169SS,19.7,0,0.0,0.0,0.0,0.0,GHW,SO4,338,2.7,1.5,247.0,2023.0,YNT,37.0,NESW,675.0,R,0.0,0.0,24.061643835616437,12.527397260273972,2.161808219178082,233.6,2670.0,798.613698630137,-3325.0,ANM_ANMCS23169SS,2316,,0.0,0.0,0.0,,0.0,0.0,0.0,0.0
2023,ANM,CS,ANMCS23338SM,13.95,0,0.0,0.0,0.0,,GHW,SO4,338,2.7,1.5,247.0,2023.0,YNT,37.0,NESW,670.0,R,0.0,0.0,23.792876712328766,12.633150684931508,2.0255068493150685,702.4,2625.0,840.6630136986302,-3216.0,ANM_ANMCS23338SM,2333,,0.0,0.0,0.0,,,,,
2024,ANM,CS,ANMCS23338SM,13.95,0,0.0,0.0,0.0,0.0,GHW,SO4,338,2.7,1.5,247.0,2023.0,YNT,37.0,NESW,670.0,R,0.0,0.0,23.59535519125683,12.800819672131148,1.9520218579234971,662.6,2680.0,826.1639344262295,-3168.0,ANM_ANMCS23338SM,2333,,0.0,0.0,0.0,,0.0,0.0,0.0,0.0
2025,ANM,CS,ANMCS23338SM,13.95,0,0.0,0.0,0.0,0.0,GHW,SO4,338,2.7,1.5,247.0,2023.0,YNT,37.0,NESW,670.0,R,0.0,0.0,24.061643835616437,12.527397260273972,2.161808219178082,233.6,2670.0,798.613698630137,-3325.0,ANM_ANMCS23338SM,2333,,0.0,0.0,0.0,,0.0,0.0,0.0,0.0
2023,ANM,CS,ANMCS23338SN,11.4,0,0.0,0.0,0.0,,GHW,SO4,338,2.7,1.5,247.0,2023.0,YNT,37.0,NESW,675.0,R,0.0,0.0,23.792876712328766,12.633150684931508,2.0255068493150685,702.4,2625.0,840.6630136986302,-3216.0,ANM_ANMCS23338SN,2333,,0.0,0.0,0.0,,,,,
2024,ANM,CS,ANMCS23338SN,11.4,0,0.0,0.0,0.0,0.0,GHW,SO4,338,2.7,1.5,247.0,2023.0,YNT,37.0,NESW,675.0,R,0.0,0.0,23.59535519125683,12.800819672131148,1.9520218579234971,662.6,2680.0,826.1639344262295,-3168.0,ANM_ANMCS23338SN,2333,,0.0,0.0,0.0,,0.0,0.0,0.0,0.0
2025,ANM,CS,ANMCS23338SN,11.4,0,0.0,0.0,0.0,0.0,GHW,SO4,338,2.7,1.5,247.0,2023.0,YNT,37.0,NESW,675.0,R,0.0,0.0,24.061643835616437,12.527397260273972,2.161808219178082,233.6,2670.0,798.613698630137,-3325.0,ANM_ANMCS23338SN,2333,,0.0,0.0,0.0,,0.0,0.0,0.0,0.0
2023,ANM,CS,ANMCS23338SS,17.5,0,0.0,0.0,0.0,,GHW,SO4,169,2.7,1.5,247.0,2023.0,YNT,37.0,NESW,665.0,R,0.0,0.0,23.792876712328766,12.633150684931508,2.0255068493150685,702.4,2625.0,840.6630136986302,-3216.0,ANM_ANMCS23338SS,2333,,0.0,0.0,0.0,,,,,
2024,ANM,CS,ANMCS23338SS,17.5,0,0.0,0.0,0.0,0.0,GHW,SO4,169,2.7,1.5,247.0,2023.0,YNT,37.0,NESW,665.0,R,0.0,0.0,23.59535519125683,12.800819672131148,1.9520218579234971,662.6,2680.0,826.1639344262295,-3168.0,ANM_ANMCS23338SS,2333,,0.0,0.0,0.0,,0.0,0.0,0.0,0.0
2025,ANM,CS,ANMCS23338SS,17.5,0,0.0,0.0,0.0,0.0,GHW,SO4,169,2.7,1.5,247.0,2023.0,YNT,37.0,NESW,665.0,R,0.0,0.0,24.061643835616437,12.527397260273972,2.161808219178082,233.6,2670.0,798.613698630137,-3325.0,ANM_ANMCS23338SS,2333,,0.0,0.0,0.0,,0.0,0.0,0.0,0.0
2023,BY1,CS,BY1CS06/26,0.0,0,0.0,0.0,0.0,,,,,,,,,,,,,,0.0,0.0,,,,,,,,BY1_BY1CS06/26,06,,0.0,,0.0,,,,,
2024,BY1,CS,BY1CS06/26,0.0,0,0.0,0.0,0.0,0.0,,,,,,,,,,,,,0.0,0.0,,,,,,,,BY1_BY1CS06/26,06,,0.0,,0.0,,0.0,0.0,0.0,0.0
2023,BY1,CS,BY1CS06/27,0.0,0,0.0,0.0,0.0,,,,,,,,,,,,,,0.0,0.0,,,,,,,,BY1_BY1CS06/27,06,,0.0,,0.0,,,,,
2024,BY1,CS,BY1CS06/27,0.0,0,0.0,0.0,0.0,0.0,,,,,,,,,,,,,0.0,0.0,,,,,,,,BY1_BY1CS06/27,06,,0.0,,0.0,,0.0,0.0,0.0,0.0
2023,BY1,CS,BY1CS15/2,0.0,0,0.0,0.0,0.0,,,,,,,,,,,,,,0.0,0.0,,,,,,,,BY1_BY1CS15/2,15,,0.0,,0.0,,,,,
2024,BY1,CS,BY1CS15/2,0.0,0,0.0,0.0,0.0,0.0,,,,,,,,,,,,,0.0,0.0,,,,,,,,BY1_BY1CS15/2,15,,0.0,,0.0,,0.0,0.0,0.0,0.0
2023,BY1,CS,BY1CS169/16,0.0,0,0.0,0.0,0.0,,,,,,,,,,,,,,0.0,0.0,,,,,,,,BY1_BY1CS169/16,169,,0.0,,0.0,,,,,
2024,BY1,CS,BY1CS169/16,0.0,0,0.0,0.0,0.0,0.0,,,,,,,,,,,,,0.0,0.0,,,,,,,,BY1_BY1CS169/16,169,,0.0,,0.0,,0.0,0.0,0.0,0.0
2023,BY1,CS,BY1CS169/17,0.0,0,0.0,0.0,0.0,,,,,,,,,,,,,,0.0,0.0,,,,,,,,BY1_BY1CS169/17,169,,0.0,,0.0,,,,,
2024,BY1,CS,BY1CS169/17,0.0,0,0.0,0.0,0.0,0.0,,,,,,,,,,,,,0.0,0.0,,,,,,,,BY1_BY1CS169/17,169,,0.0,,0.0,,0.0,0.0,0.0,0.0
2023,BY1,CS,BY1CS338/5,0.0,0,0.0,0.0,0.0,,,,,,,,,,,,,,0.0,0.0,,,,,,,,BY1_BY1CS338/5,338,,0.0,,0.0,,,,,
2024,BY1,CS,BY1CS338/5,0.0,0,0.0,0.0,0.0,0.0,,,,,,,,,,,,,0.0,0.0,,,,,,,,BY1_BY1CS338/5,338,,0.0,,0.0,,0.0,0.0,0.0,0.0
2023,BY1,CS,BY1CS338/53,0.0,0,0.0,0.0,0.0,,,,,,,,,,,,,,0.0,0.0,,,,,,,,BY1_BY1CS338/53,338,,0.0,,0.0,,,,,
2024,BY1,CS,BY1CS338/53,0.0,0,0.0,0.0,0.0,0.0,,,,,,,,,,,,,0.0,0.0,,,,,,,,BY1_BY1CS338/53,338,,0.0,,0.0,,0.0,0.0,0.0,0.0
2023,BY1,CS,BY1CS338/6,0.0,0,0.0,0.0,0.0,,,,,,,,,,,,,,0.0,0.0,,,,,,,,BY1_BY1CS338/6,338,,0.0,,0.0,,,,,
2024,BY1,CS,BY1CS338/6,0.0,0,0.0,0.0,0.0,0.0,,,,,,,,,,,,,0.0,0.0,,,,,,,,BY1_BY1CS338/6,338,,0.0,,0.0,,0.0,0.0,0.0,0.0
2023,BY1,CS,BY1CS412/34,0.0,0,0.0,0.0,0.0,,,,,,,,,,,,,,0.0,0.0,,,,,,,,BY1_BY1CS412/34,412,,0.0,,0.0,,,,,
2024,BY1,CS,BY1CS412/34,0.0,0,0.0,0.0,0.0,0.0,,,,,,,,,,,,,0.0,0.0,,,,,,,,BY1_BY1CS412/34,412,,0.0,,0.0,,0.0,0.0,0.0,0.0
2023,BY1,CS,BY1CS412/35,0.0,0,0.0,0.0,0.0,,,,,,,,,,,,,,0.0,0.0,,,,,,,,BY1_BY1CS412/35,412,,0.0,,0.0,,,,,
2024,BY1,CS,BY1CS412/35,0.0,0,0.0,0.0,0.0,0.0,,,,,,,,,,,,,0.0,0.0,,,,,,,,BY1_BY1CS412/35,412,,0.0,,0.0,,0.0,0.0,0.0,0.0
2020,CNF,CS,CNFCS160614N,26.82,0,0.0,0.0,13.68,,GALIL,101/14,06,2.75,1.5,247.0,2016.0,RNF,0.0,EW,410.0,R,0.0,0.0,,,,,,,,CNF_CNFCS160614N,1606,,13.68,0.0,0.0,,,,,
2021,CNF,CS,CNFCS160614N,26.82,0,0.0,0.0,21.86,13.68,GALIL,101/14,06,2.75,1.5,247.0,2016.0,RNF,0.0,EW,410.0,R,0.0,0.0,,,,,,,,CNF_CNFCS160614N,1606,,21.86,0.0,0.0,,0.0,13.68,0.0,0.0
2022,CNF,CS,CNFCS160614N,26.82,0,0.0,0.0,23.78,21.86,GALIL,101/14,06,2.75,1.5,247.0,2016.0,RNF,0.0,EW,410.0,R,0.0,100.5,,,,,,,,CNF_CNFCS160614N,1606,,23.78,0.0,100.5,0.0,0.0,21.86,0.0,100.5
2023,CNF,CS,CNFCS160614N,26.82,0,0.0,0.0,17.58,23.78,GALIL,101/14,06,2.75,1.5,247.0,2016.0,RNF,0.0,EW,410.0,R,0.0,0.0,,,,,,,,CNF_CNFCS160614N,1606,,17.58,0.0,0.0,,0.0,23.78,100.5,-100.5
2024,CNF,CS,CNFCS160614N,26.82,0,0.0,0.0,0.0,17.58,GALIL,101/14,06,2.75,1.5,247.0,2016.0,RNF,0.0,EW,410.0,R,0.0,0.0,,,,,,,,CNF_CNFCS160614N,1606,,0.0,0.0,0.0,,0.0,17.58,0.0,0.0
2025,CNF,CS,CNFCS160614N,26.82,0,0.0,0.0,0.0,0.0,GALIL,101/14,06,2.75,1.5,247.0,2016.0,RNF,0.0,EW,410.0,R,0.0,0.0,,,,,,,,CNF_CNFCS160614N,1606,,0.0,0.0,0.0,,0.0,0.0,0.0,0.0
2020,CNF,CS,CNFCS160614N19,21.0,0,0.0,0.0,0.0,,,,,,,,,,,,,,0.0,0.0,,,,,,,,CNF_CNFCS160614N19,1606,,0.0,,0.0,,,,,
2020,CNF,CS,CNFCS160614NRT,8.8,0,0.0,0.0,0.0,,,,,,,,,,,,,,0.0,0.0,,,,,,,,CNF_CNFCS160614NRT,1606,,0.0,,0.0,,,,,
2020,CNF,CS,CNFCS160614S,12.96,0,0.0,0.0,5.84,,GALIL,101/14,06,2.75,1.5,247.0,2016.0,RNF,0.0,EW,410.0,R,0.0,74.0,,,,,,,,CNF_CNFCS160614S,1606,,5.84,0.0,74.0,0.0,,,,
2021,CNF,CS,CNFCS160614S,12.96,0,0.0,0.0,10.58,5.84,GALIL,101/14,06,2.75,1.5,247.0,2016.0,RNF,0.0,EW,410.0,R,0.0,0.0,,,,,,,,CNF_CNFCS160614S,1606,,10.58,0.0,0.0,,0.0,5.84,74.0,-74.0
2022,CNF,CS,CNFCS160614S,12.96,0,0.0,0.0,12.52,10.58,GALIL,101/14,06,2.75,1.5,247.0,2016.0,RNF,0.0,EW,410.0,R,0.0,93.5,,,,,,,,CNF_CNFCS160614S,1606,,12.52,0.0,93.5,0.0,0.0,10.58,0.0,93.5
2023,CNF,CS,CNFCS160614S,12.96,0,0.0,0.0,10.84,12.52,GALIL,101/14,06,2.75,1.5,247.0,2016.0,RNF,0.0,EW,410.0,R,0.0,0.0,,,,,,,,CNF_CNFCS160614S,1606,,10.84,0.0,0.0,,0.0,12.52,93.5,-93.5
2024,CNF,CS,CNFCS160614S,12.96,0,0.0,0.0,0.0,10.84,GALIL,101/14,06,2.75,1.5,247.0,2016.0,RNF,0.0,EW,410.0,R,0.0,0.0,,,,,,,,CNF_CNFCS160614S,1606,,0.0,0.0,0.0,,0.0,10.84,0.0,0.0
2025,CNF,CS,CNFCS160614S,12.96,0,0.0,0.0,0.0,0.0,GALIL,101/14,06,2.75,1.5,247.0,2016.0,RNF,0.0,EW,410.0,R,0.0,0.0,,,,,,,,CNF_CNFCS160614S,1606,,0.0,0.0,0.0,,0.0,0.0,0.0,0.0
2020,ELA,CS,ELACS07GOEZ,17.6,0,0.23,0.0,15.5,,GALIL,R110,GOLAN,3.0,1.5,222.0,2007.0,RNF,90.0,E,0.0,R,35.0,91.0,,,,,,,,ELA_ELACS07GOEZ,07,,15.5,0.0022394553644553643,91.0,2.4609399609399608e-05,,,,
2021,ELA,CS,ELACS07GOEZ,17.6,0,0.0,0.0,12.58,15.5,GALIL,R110,GOLAN,3.0,1.5,222.0,2007.0,RNF,90.0,E,0.0,R,0.0,0.0,,,,,,,,ELA_ELACS07GOEZ,07,,12.58,0.0,0.0,,0.0,15.5,91.0,-91.0
2022,ELA,CS,ELACS07GOEZ,17.6,0,0.0,0.0,23.6,12.58,GALIL,R110,GOLAN,3.0,1.5,222.0,2007.0,RNF,90.0,E,0.0,R,0.0,124.0,,,,,,,,ELA_ELACS07GOEZ,07,,23.6,0.0,124.0,0.0,0.0,12.58,0.0,124.0
2023,ELA,CS,ELACS07GOEZ,17.6,0,0.0,0.0,17.02,23.6,GALIL,R110,GOLAN,3.0,1.5,222.0,2007.0,RNF,90.0,E,0.0,R,0.0,0.0,,,,,,,,ELA_ELACS07GOEZ,07,,17.02,0.0,0.0,,0.0,23.6,124.0,-124.0
2024,ELA,CS,ELACS07GOEZ,17.6,0,0.0,0.0,0.0,17.02,GALIL,R110,GOLAN,3.0,1.5,222.0,2007.0,RNF,90.0,E,0.0,R,0.0,0.0,,,,,,,,ELA_ELACS07GOEZ,07,,0.0,0.0,0.0,,0.0,17.02,0.0,0.0
2025,ELA,CS,ELACS07GOEZ,17.6,0,0.0,0.0,0.0,0.0,GALIL,R110,GOLAN,3.0,1.5,222.0,2007.0,RNF,90.0,E,0.0,R,0.0,0.0,,,,,,,,ELA_ELACS07GOEZ,07,,0.0,0.0,0.0,,0.0,0.0,0.0,0.0
2020,ELA,CS,ELACS07GOM,17.5,0,0.21,0.0,0.0,,GALIL,R110,GOLAN,3.0,1.5,222.0,2007.0,RNF,90.0,E,0.0,R,35.0,130.0,,,,,,,,ELA_ELACS07GOM,07,,0.0,0.0022522522522522522,130.0,1.7325017325017324e-05,,,,
2021,ELA,CS,ELACS07GOM,17.5,0,0.0,0.0,13.78,0.0,GALIL,R110,GOLAN,3.0,1.5,222.0,2007.0,RNF,90.0,E,0.0,R,0.0,0.0,,,,,,,,ELA_ELACS07GOM,07,,13.78,0.0,0.0,,0.0,0.0,130.0,-130.0
2022,ELA,CS,ELACS07GOM,17.5,0,0.0,0.0,25.02,13.78,GALIL,R110,GOLAN,3.0,1.5,222.0,2007.0,RNF,90.0,E,0.0,R,0.0,116.0,,,,,,,,ELA_ELACS07GOM,07,,25.02,0.0,116.0,0.0,0.0,13.78,0.0,116.0
2023,ELA,CS,ELACS07GOM,17.5,0,0.0,0.0,14.96,25.02,GALIL,R110,GOLAN,3.0,1.5,222.0,2007.0,RNF,90.0,E,0.0,R,0.0,0.0,,,,,,,,ELA_ELACS07GOM,07,,14.96,0.0,0.0,,0.0,25.02,116.0,-116.0
2024,ELA,CS,ELACS07GOM,17.5,0,0.0,0.0,0.0,14.96,GALIL,R110,GOLAN,3.0,1.5,222.0,2007.0,RNF,90.0,E,0.0,R,0.0,0.0,,,,,,,,ELA_ELACS07GOM,07,,0.0,0.0,0.0,,0.0,14.96,0.0,0.0
2025,ELA,CS,ELACS07GOM,17.5,0,0.0,0.0,0.0,0.0,GALIL,R110,GOLAN,3.0,1.5,222.0,2007.0,RNF,90.0,E,0.0,R,0.0,0.0,,,,,,,,ELA_ELACS07GOM,07,,0.0,0.0,0.0,,0.0,0.0,0.0,0.0
2020,ELA,CS,ELACS07GOMG,17.5,2,0.0,15.0,0.0,,,,,,,,,,,,,,0.0,0.0,,,,,,,,ELA_ELACS07GOMG,07,,-15.0,,0.0,,,,,
2021,ELA,CS,ELACS07GOMG,17.5,0,0.0,0.0,0.0,0.0,,,,,,,,,,,,,0.0,0.0,,,,,,,,ELA_ELACS07GOMG,07,,0.0,,0.0,,15.0,-15.0,0.0,0.0
2020,ELA,CS,ELACS07GOW,16.6,0,0.21,0.0,0.0,,GALIL,R110,GOLAN,3.0,1.5,222.0,2007.0,RNF,90.0,E,0.0,R,34.0,120.0,,,,,,,,ELA_ELACS07GOW,07,,0.0,0.00230652339086074,120.0,1.9221028257172834e-05,,,,
2021,ELA,CS,ELACS07GOW,16.6,0,0.0,0.0,12.96,0.0,GALIL,R110,GOLAN,3.0,1.5,222.0,2007.0,RNF,90.0,E,0.0,R,0.0,0.0,,,,,,,,ELA_ELACS07GOW,07,,12.96,0.0,0.0,,0.0,0.0,120.0,-120.0
2022,ELA,CS,ELACS07GOW,16.6,0,0.0,0.0,19.26,12.96,GALIL,R110,GOLAN,3.0,1.5,222.0,2007.0,RNF,90.0,E,0.0,R,0.0,157.5,,,,,,,,ELA_ELACS07GOW,07,,19.26,0.0,157.5,0.0,0.0,12.96,0.0,157.5
2023,ELA,CS,ELACS07GOW,16.6,0,0.0,0.0,12.52,19.26,GALIL,R110,GOLAN,3.0,1.5,222.0,2007.0,RNF,90.0,E,0.0,R,0.0,0.0,,,,,,,,ELA_ELACS07GOW,07,,12.52,0.0,0.0,,0.0,19.26,157.5,-157.5
2024,ELA,CS,ELACS07GOW,16.6,0,0.0,0.0,0.0,12.52,GALIL,R110,GOLAN,3.0,1.5,222.0,2007.0,RNF,90.0,E,0.0,R,0.0,0.0,,,,,,,,ELA_ELACS07GOW,07,,0.0,0.0,0.0,,0.0,12.52,0.0,0.0
2025,ELA,CS,ELACS07GOW,16.6,0,0.0,0.0,0.0,0.0,GALIL,R110,GOLAN,3.0,1.5,222.0,2007.0,RNF,90.0,E,0.0,R,0.0,0.0,,,,,,,,ELA_ELACS07GOW,07,,0.0,0.0,0.0,,0.0,0.0,0.0,0.0
2020,ELA,CS,ELACS07GOWG,34.1,2,0.0,0.0,29.72,,,,,,,,,,,,,,0.0,0.0,,,,,,,,ELA_ELACS07GOWG,07,,29.72,,0.0,,,,,
2021,ELA,CS,ELACS07GOWG,34.1,0,0.0,0.0,0.0,29.72,,,,,,,,,,,,,0.0,0.0,,,,,,,,ELA_ELACS07GOWG,07,,0.0,,0.0,,0.0,29.72,0.0,0.0
2020,ELA,CS,ELACS0915S,8.7,0,0.2,0.0,0.0,,,,,,,,,,,,,,33.0,175.0,,,,,,,,ELA_ELACS0915S,0915,,0.0,,175.0,,,,,
2021,ELA,CS,ELACS0915S,8.7,0,0.0,0.0,8.52,0.0,,,,,,,,,,,,,0.0,0.0,,,,,,,,ELA_ELACS0915S,0915,,8.52,,0.0,,0.0,0.0,175.0,-175.0
2022,ELA,CS,ELACS0915S,8.7,0,0.0,0.0,14.14,8.52,,,,,,,,,,,,,0.0,114.67,,,,,,,,ELA_ELACS0915S,0915,,14.14,,114.67,,0.0,8.52,0.0,114.67
2023,ELA,CS,ELACS0915S,8.7,0,0.0,0.0,10.3,14.14,,,,,,,,,,,,,0.0,0.0,,,,,,,,ELA_ELACS0915S,0915,,10.3,,0.0,,0.0,14.14,114.67,-114.67
2024,ELA,CS,ELACS0915S,8.7,0,0.0,0.0,0.0,10.3,,,,,,,,,,,,,0.0,0.0,,,,,,,,ELA_ELACS0915S,0915,,0.0,,0.0,,0.0,10.3,0.0,0.0
2025,ELA,CS,ELACS0915S,8.7,0,0.0,0.0,0.0,0.0,,,,,,,,,,,,,0.0,0.0,,,,,,,,ELA_ELACS0915S,0915,,0.0,,0.0,,0.0,0.0,0.0,0.0
2020,ELA,CS,ELACS0915SG,8.7,2,0.0,0.0,12.67,,,,,,,,,,,,,,0.0,0.0,,,,,,,,ELA_ELACS0915SG,0915,,12.67,,0.0,,,,,
2021,ELA,CS,ELACS0915SG,8.7,0,0.0,0.0,0.0,12.67,,,,,,,,,,,,,0.0,0.0,,,,,,,,ELA_ELACS0915SG,0915,,0.0,,0.0,,0.0,12.67,0.0,0.0
2020,ELA,CS,ELACS09338R,13.5,0,0.2,0.0,0.0,,,,,,,,,,,,,,38.0,143.0,,,,,,,,ELA_ELACS09338R,0933,,0.0,,143.0,,,,,
2021,ELA,CS,ELACS09338R,13.5,0,0.0,0.0,10.32,0.0,,,,,,,,,,,,,0.0,0.0,,,,,,,,ELA_ELACS09338R,0933,,10.32,,0.0,,0.0,0.0,143.0,-143.0
2022,ELA,CS,ELACS09338R,13.5,0,0.0,0.0,14.28,10.32,,,,,,,,,,,,,0.0,125.33,,,,,,,,ELA_ELACS09338R,0933,,14.28,,125.33,,0.0,10.32,0.0,125.33
2023,ELA,CS,ELACS09338R,13.5,0,0.0,0.0,14.94,14.28,,,,,,,,,,,,,0.0,0.0,,,,,,,,ELA_ELACS09338R,0933,,14.94,,0.0,,0.0,14.28,125.33,-125.33
2024,ELA,CS,ELACS09338R,13.5,0,0.0,0.0,0.0,14.94,,,,,,,,,,,,,0.0,0.0,,,,,,,,ELA_ELACS09338R,0933,,0.0,,0.0,,0.0,14.94,0.0,0.0
2025,ELA,CS,ELACS09338R,13.5,0,0.0,0.0,0.0,0.0,,,,,,,,,,,,,0.0,0.0,,,,,,,,ELA_ELACS09338R,0933,,0.0,,0.0,,0.0,0.0,0.0,0.0
2020,ELA,CS,ELACS09338RG,13.5,2,0.0,0.0,16.6,,,,,,,,,,,,,,0.0,0.0,,,,,,,,ELA_ELACS09338RG,0933,,16.6,,0.0,,,,,
2021,ELA,CS,ELACS09338RG,13.5,0,0.0,0.0,0.0,16.6,,,,,,,,,,,,,0.0,0.0,,,,,,,,ELA_ELACS09338RG,0933,,0.0,,0.0,,0.0,16.6,0.0,0.0
2020,ELA,CS,ELACS09GO,6.3,0,0.22,0.0,0.0,,GALIL,R110,GOLAN,3.0,1.5,222.0,2009.0,RNF,90.0,E,0.0,R,38.0,120.0,,,,,,,,ELA_ELACS09GO,09,,0.0,0.006792506792506793,120.0,5.6604223270889944e-05,,,,
2021,ELA,CS,ELACS09GO,6.3,0,0.0,0.0,4.86,0.0,GALIL,R110,GOLAN,3.0,1.5,222.0,2009.0,RNF,90.0,E,0.0,R,0.0,0.0,,,,,,,,ELA_ELACS09GO,09,,4.86,0.0,0.0,,0.0,0.0,120.0,-120.0
2022,ELA,CS,ELACS09GO,6.3,0,0.0,0.0,7.02,4.86,GALIL,R110,GOLAN,3.0,1.5,222.0,2009.0,RNF,90.0,E,0.0,R,0.0,137.5,,,,,,,,ELA_ELACS09GO,09,,7.02,0.0,137.5,0.0,0.0,4.86,0.0,137.5
2023,ELA,CS,ELACS09GO,6.3,0,0.0,0.0,5.92,7.02,GALIL,R110,GOLAN,3.0,1.5,222.0,2009.0,RNF,90.0,E,0.0,R,0.0,0.0,,,,,,,,ELA_ELACS09GO,09,,5.92,0.0,0.0,,0.0,7.02,137.5,-137.5
2024,ELA,CS,ELACS09GO,6.3,0,0.0,0.0,0.0,5.92,GALIL,R110,GOLAN,3.0,1.5,222.0,2009.0,RNF,90.0,E,0.0,R,0.0,0.0,,,,,,,,ELA_ELACS09GO,09,,0.0,0.0,0.0,,0.0,5.92,0.0,0.0
2025,ELA,CS,ELACS09GO,6.3,0,0.0,0.0,0.0,0.0,GALIL,R110,GOLAN,3.0,1.5,222.0,2009.0,RNF,90.0,E,0.0,R,0.0,0.0,,,,,,,,ELA_ELACS09GO,09,,0.0,0.0,0.0,,0.0,0.0,0.0,0.0
2020,ELA,CS,ELACS09GOG,6.3,2,0.0,0.0,6.15,,,,,,,,,,,,,,0.0,0.0,,,,,,,,ELA_ELACS09GOG,09,,6.15,,0.0,,,,,
2021,ELA,CS,ELACS09GOG,6.3,0,0.0,0.0,0.0,6.15,,,,,,,,,,,,,0.0,0.0,,,,,,,,ELA_ELACS09GOG,09,,0.0,,0.0,,0.0,6.15,0.0,0.0
2020,ELA,CS,ELACS18338SM,16.0,0,0.0,0.0,0.0,,GALIL,101/14,338,2.75,1.5,272.0,2018.0,,0.0,,0.0,R,0.0,0.0,,,,,,,,ELA_ELACS18338SM,1833,,0.0,0.0,0.0,,,,,
2021,ELA,CS,ELACS18338SM,16.0,0,0.0,0.0,16.18,0.0,GALIL,101/14,338,2.75,1.5,272.0,2018.0,,0.0,,0.0,R,0.0,0.0,,,,,,,,ELA_ELACS18338SM,1833,,16.18,0.0,0.0,,0.0,0.0,0.0,0.0
2022,ELA,CS,ELACS18338SM,16.0,0,0.0,0.0,19.7,16.18,GALIL,101/14,338,2.75,1.5,272.0,2018.0,,0.0,,0.0,R,0.0,139.67,,,,,,,,ELA_ELACS18338SM,1833,,19.7,0.0,139.67,0.0,0.0,16.18,0.0,139.67
2023,ELA,CS,ELACS18338SM,16.0,0,0.0,0.0,22.58,19.7,GALIL,101/14,338,2.75,1.5,272.0,2018.0,,0.0,,0.0,R,28.0,0.0,,,,,,,,ELA_ELACS18338SM,1833,,22.58,0.001608455882352941,0.0,,0.0,19.7,139.67,-139.67
2024,ELA,CS,ELACS18338SM,16.0,0,0.0,0.0,15.46,22.58,GALIL,101/14,338,2.75,1.5,272.0,2018.0,,0.0,,0.0,R,0.0,0.0,,,,,,,,ELA_ELACS18338SM,1833,,15.46,0.0,0.0,,0.0,22.58,0.0,0.0
2025,ELA,CS,ELACS18338SM,16.0,0,0.0,0.0,9.56,15.46,GALIL,101/14,338,2.75,1.5,272.0,2018.0,,0.0,,0.0,R,0.0,0.0,,,,,,,,ELA_ELACS18338SM,1833,,9.56,0.0,0.0,,0.0,15.46,0.0,0.0
2020,ELA,CS,ELACS18338SN,15.2,0,0.0,0.0,0.0,,GALIL,101/14,338,2.75,1.5,242.0,2018.0,,0.0,,0.0,R,0.0,0.0,,,,,,,,ELA_ELACS18338SN,1833,,0.0,0.0,0.0,,,,,
2021,ELA,CS,ELACS18338SN,15.2,0,0.0,0.0,13.44,0.0,GALIL,101/14,338,2.75,1.5,242.0,2018.0,,0.0,,0.0,R,0.0,0.0,,,,,,,,ELA_ELACS18338SN,1833,,13.44,0.0,0.0,,0.0,0.0,0.0,0.0
2022,ELA,CS,ELACS18338SN,15.2,0,0.0,0.0,16.5,13.44,GALIL,101/14,338,2.75,1.5,242.0,2018.0,,0.0,,0.0,R,0.0,116.0,,,,,,,,ELA_ELACS18338SN,1833,,16.5,0.0,116.0,0.0,0.0,13.44,0.0,116.0
2023,ELA,CS,ELACS18338SN,15.2,0,0.0,0.0,13.12,16.5,GALIL,101/14,338,2.75,1.5,242.0,2018.0,,0.0,,0.0,R,28.0,0.0,,,,,,,,ELA_ELACS18338SN,1833,,13.12,0.0019030013049151806,0.0,,0.0,16.5,116.0,-116.0
2024,ELA,CS,ELACS18338SN,15.2,0,0.0,0.0,12.02,13.12,GALIL,101/14,338,2.75,1.5,242.0,2018.0,,0.0,,0.0,R,0.0,0.0,,,,,,,,ELA_ELACS18338SN,1833,,12.02,0.0,0.0,,0.0,13.12,0.0,0.0
2025,ELA,CS,ELACS18338SN,15.2,0,0.0,0.0,10.1,12.02,GALIL,101/14,338,2.75,1.5,242.0,2018.0,,0.0,,0.0,R,0.0,0.0,,,,,,,,ELA_ELACS18338SN,1833,,10.1,0.0,0.0,,0.0,12.02,0.0,0.0
2020,ELA,CS,ELACS18338SS,4.1,0,0.0,0.0,0.0,,GALIL,101/14,338,2.75,1.5,242.0,2018.0,,0.0,,0.0,R,0.0,0.0,,,,,,,,ELA_ELACS18338SS,1833,,0.0,0.0,0.0,,,,,
2021,ELA,CS,ELACS18338SS,4.1,0,0.0,0.0,5.14,0.0,GALIL,101/14,338,2.75,1.5,242.0,2018.0,,0.0,,0.0,R,0.0,0.0,,,,,,,,ELA_ELACS18338SS,1833,,5.14,0.0,0.0,,0.0,0.0,0.0,0.0
2022,ELA,CS,ELACS18338SS,4.1,0,0.0,0.0,7.62,5.14,GALIL,101/14,338,2.75,1.5,242.0,2018.0,,0.0,,0.0,R,0.0,125.67,,,,,,,,ELA_ELACS18338SS,1833,,7.62,0.0,125.67,0.0,0.0,5.14,0.0,125.67
2023,ELA,CS,ELACS18338SS,4.1,0,0.0,0.0,0.0,7.62,GALIL,101/14,338,2.75,1.5,242.0,2018.0,,0.0,,0.0,R,29.0,0.0,,,,,,,,ELA_ELACS18338SS,1833,,0.0,0.007306994557548882,0.0,,0.0,7.62,125.67,-125.67
2024,ELA,CS,ELACS18338SS,4.1,0,0.0,0.0,3.24,0.0,GALIL,101/14,338,2.75,1.5,242.0,2018.0,,0.0,,0.0,R,0.0,0.0,,,,,,,,ELA_ELACS18338SS,1833,,3.24,0.0,0.0,,0.0,0.0,0.0,0.0
2025,ELA,CS,ELACS18338SS,4.1,0,0.0,0.0,3.08,3.24,GALIL,101/14,338,2.75,1.5,242.0,2018.0,,0.0,,0.0,R,0.0,0.0,,,,,,,,ELA_ELACS18338SS,1833,,3.08,0.0,0.0,,0.0,3.24,0.0,0.0
2023,ELR,CS,ELR23,209.0,0,0.0,0.0,0.0,,,,,,,,,,,,,,0.0,0.0,,,,,,,,ELR_ELR23,23,,0.0,,0.0,,,,,
2020,ELR,CS,ELRCS04EE,18.1,4,0.0,7.0,5.63,,GHW,101/14,22,3.0,1.5,222.0,2004.0,ELR,160.0,NS,1016.0,R,24.0,0.0,18.925081433224754,9.91172638436482,1.5264495114006515,797.0,2222.0,865.71335504886,-1289.0,ELR_ELRCS04EE,04,,-1.37,0.0014932059130954157,0.0,,,,,
2021,ELR,CS,ELRCS04EE,18.1,0,0.0,14.48,9.03,5.63,GHW,101/14,22,3.0,1.5,222.0,2004.0,ELR,160.0,NS,1016.0,R,18.0,0.0,21.06231884057971,10.617101449275362,1.6642898550724636,732.4,2408.0,884.304347826087,-1614.0,ELR_ELRCS04EE,04,,-5.450000000000001,0.001119904434821562,0.0,,7.0,-1.37,0.0,0.0
2022,ELR,CS,ELRCS04EE,18.1,4,0.0,11.0,4.09,9.03,GHW,101/14,22,3.0,1.5,222.0,2004.0,ELR,160.0,NS,1016.0,R,14.0,0.0,20.49890410958904,10.183287671232877,1.6017534246575342,734.2,2227.0,895.1342465753424,-1345.0,ELR_ELRCS04EE,04,,-6.91,0.0008710367826389925,0.0,,14.48,-5.450000000000001,0.0,0.0
2023,ELR,CS,ELRCS04EE,18.1,4,0.0,6.5,2.63,4.09,GHW,101/14,22,3.0,1.5,222.0,2004.0,ELR,160.0,NS,1016.0,R,7.0,0.0,18.479726027397263,9.267397260273972,1.449972602739726,797.7,2218.0,780.4904109589041,-1208.0,ELR_ELRCS04EE,04,,-3.87,0.00043551839131949626,0.0,,11.0,-6.91,0.0,0.0
2024,ELR,CS,ELRCS04EE,18.1,4,0.0,5.0,2.42,2.63,GHW,101/14,22,3.0,1.5,222.0,2004.0,ELR,160.0,NS,1016.0,R,10.0,0.0,21.237260273972602,11.018904109589041,1.6198356164383563,649.9,2328.0,900.8027397260274,-1951.0,ELR_ELRCS04EE,04,,-2.58,0.0006221691304564232,0.0,,6.5,-3.87,0.0,0.0
2025,ELR,CS,ELRCS04EE,18.1,4,0.0,5.0,2.84,2.42,GHW,101/14,22,3.0,1.5,222.0,2004.0,ELR,160.0,NS,1016.0,R,0.0,0.0,21.89123287671233,10.42986301369863,1.8915616438356164,364.9,2321.0,882.9041095890411,-1874.0,ELR_ELRCS04EE,04,,-2.16,0.0,0.0,,5.0,-2.58,0.0,0.0
2020,ELR,CS,ELRCS04EEF,0.0,0,0.28,0.0,0.0,,,,,,,,,,,,,,0.0,0.0,,,,,,,,ELR_ELRCS04EEF,04,,0.0,,0.0,,,,,
2021,ELR,CS,ELRCS04EEF,0.0,0,0.0,0.0,0.0,0.0,,,,,,,,,,,,,0.0,0.0,,,,,,,,ELR_ELRCS04EEF,04,,0.0,,0.0,,0.0,0.0,0.0,0.0
2022,ELR,CS,ELRCS04EEF,0.0,0,0.0,0.0,0.0,0.0,,,,,,,,,,,,,0.0,0.0,,,,,,,,ELR_ELRCS04EEF,04,,0.0,,0.0,,0.0,0.0,0.0,0.0
2023,ELR,CS,ELRCS04EEF,0.0,0,0.0,0.0,0.0,0.0,,,,,,,,,,,,,0.0,0.0,,,,,,,,ELR_ELRCS04EEF,04,,0.0,,0.0,,0.0,0.0,0.0,0.0
2024,ELR,CS,ELRCS04EEF,0.0,0,0.0,0.0,0.0,0.0,,,,,,,,,,,,,0.0,0.0,,,,,,,,ELR_ELRCS04EEF,04,,0.0,,0.0,,0.0,0.0,0.0,0.0
2025,ELR,CS,ELRCS04EEF,0.0,0,0.0,0.0,0.0,0.0,,,,,,,,,,,,,0.0,0.0,,,,,,,,ELR_ELRCS04EEF,04,,0.0,,0.0,,0.0,0.0,0.0,0.0
2020,ELR,CS,ELRCS04EEI,0.0,0,0.32,0.0,0.0,,,,,,,,,,,,,,0.0,77.0,,,,,,,,ELR_ELRCS04EEI,04,,0.0,,77.0,,,,,
2021,ELR,CS,ELRCS04EEI,0.0,0,0.0,0.0,0.0,0.0,,,,,,,,,,,,,0.0,0.0,,,,,,,,ELR_ELRCS04EEI,04,,0.0,,0.0,,0.0,0.0,77.0,-77.0
2022,ELR,CS,ELRCS04EEI,0.0,0,0.0,0.0,0.0,0.0,,,,,,,,,,,,,0.0,0.0,,,,,,,,ELR_ELRCS04EEI,04,,0.0,,0.0,,0.0,0.0,0.0,0.0
2023,ELR,CS,ELRCS04EEI,0.0,0,0.0,0.0,0.0,0.0,,,,,,,,,,,,,0.0,0.0,,,,,,,,ELR_ELRCS04EEI,04,,0.0,,0.0,,0.0,0.0,0.0,0.0
2024,ELR,CS,ELRCS04EEI,0.0,0,0.0,0.0,0.0,0.0,,,,,,,,,,,,,0.0,0.0,,,,,,,,ELR_ELRCS04EEI,04,,0.0,,0.0,,0.0,0.0,0.0,0.0
2025,ELR,CS,ELRCS04EEI,0.0,0,0.0,0.0,0.0,0.0,,,,,,,,,,,,,0.0,0.0,,,,,,,,ELR_ELRCS04EEI,04,,0.0,,0.0,,0.0,0.0,0.0,0.0
2020,ELR,CS,ELRCS04EW,11.5,4,0.3,7.0,7.37,,GHW,,22,3.0,1.5,222.0,2004.0,ELR,160.0,NS,1016.0,R,25.0,124.0,18.925081433224754,9.91172638436482,1.5264495114006515,797.0,2222.0,865.71335504886,-1289.0,ELR_ELRCS04EW,04,,0.3700000000000001,0.0024481002741872306,124.0,1.9742744146671216e-05,,,,
2021,ELR,CS,ELRCS04EW,11.5,0,0.0,9.2,8.18,7.37,GHW,,22,3.0,1.5,222.0,2004.0,ELR,160.0,NS,1016.0,R,20.0,0.0,21.06231884057971,10.617101449275362,1.6642898550724636,732.4,2408.0,884.304347826087,-1614.0,ELR_ELRCS04EW,04,,-1.0199999999999996,0.0019584802193497847,0.0,,7.0,0.3700000000000001,124.0,-124.0
2022,ELR,CS,ELRCS04EW,11.5,4,0.0,8.0,6.03,8.18,GHW,,22,3.0,1.5,222.0,2004.0,ELR,160.0,NS,1016.0,R,20.0,123.0,20.49890410958904,10.183287671232877,1.6017534246575342,734.2,2227.0,895.1342465753424,-1345.0,ELR_ELRCS04EW,04,,-1.9699999999999998,0.0019584802193497847,123.0,1.5922603409347842e-05,9.2,-1.0199999999999996,0.0,123.0
2023,ELR,CS,ELRCS04EW,11.5,4,0.0,7.1,4.8,6.03,GHW,,22,3.0,1.5,222.0,2004.0,ELR,160.0,NS,1016.0,R,11.0,0.0,18.479726027397263,9.267397260273972,1.449972602739726,797.7,2218.0,780.4904109589041,-1208.0,ELR_ELRCS04EW,04,,-2.3,0.0010771641206423815,0.0,,8.0,-1.9699999999999998,123.0,-123.0
2024,ELR,CS,ELRCS04EW,11.5,4,0.0,7.0,4.18,4.8,GHW,,22,3.0,1.5,222.0,2004.0,ELR,160.0,NS,1016.0,R,12.0,0.0,21.237260273972602,11.018904109589041,1.6198356164383563,649.9,2328.0,900.8027397260274,-1951.0,ELR_ELRCS04EW,04,,-2.8200000000000003,0.0011750881316098707,0.0,,7.1,-2.3,0.0,0.0
2025,ELR,CS,ELRCS04EW,11.5,4,0.0,2.0,8.08,4.18,GHW,,22,3.0,1.5,222.0,2004.0,ELR,160.0,NS,1016.0,R,0.0,0.0,21.89123287671233,10.42986301369863,1.8915616438356164,364.9,2321.0,882.9041095890411,-1874.0,ELR_ELRCS04EW,04,,6.08,0.0,0.0,,7.0,-2.8200000000000003,0.0,0.0
2020,ELR,CS,ELRCS04WE,8.9,4,0.31,5.0,3.31,,GHW,101/14,GOLAN,3.0,1.5,222.0,2004.0,ELR,160.0,NS,1016.0,R,25.0,65.0,18.925081433224754,9.91172638436482,1.5264495114006515,797.0,2222.0,865.71335504886,-1289.0,ELR_ELRCS04WE,04,,-1.69,0.0031632756351857474,65.0,4.866577900285765e-05,,,,
2021,ELR,CS,ELRCS04WE,8.9,0,0.0,6.23,5.05,3.31,GHW,101/14,GOLAN,3.0,1.5,222.0,2004.0,ELR,160.0,NS,1016.0,R,16.0,0.0,21.06231884057971,10.617101449275362,1.6642898550724636,732.4,2408.0,884.304347826087,-1614.0,ELR_ELRCS04WE,04,,-1.1800000000000006,0.002024496406518878,0.0,,5.0,-1.69,65.0,-65.0
2022,ELR,CS,ELRCS04WE,8.9,4,0.0,5.0,3.02,5.05,GHW,101/14,GOLAN,3.0,1.5,222.0,2004.0,ELR,160.0,NS,1016.0,R,18.0,81.0,20.49890410958904,10.183287671232877,1.6017534246575342,734.2,2227.0,895.1342465753424,-1345.0,ELR_ELRCS04WE,04,,-1.98,0.002277558457333738,81.0,2.811800564609553e-05,6.23,-1.1800000000000006,0.0,81.0
2023,ELR,CS,ELRCS04WE,8.9,4,0.0,3.9,1.98,3.02,GHW,101/14,GOLAN,3.0,1.5,222.0,2004.0,ELR,160.0,NS,1016.0,R,13.0,0.0,18.479726027397263,9.267397260273972,1.449972602739726,797.7,2218.0,780.4904109589041,-1208.0,ELR_ELRCS04WE,04,,-1.92,0.0016449033302965886,0.0,,5.0,-1.98,81.0,-81.0
2024,ELR,CS,ELRCS04WE,8.9,4,0.0,3.0,1.84,1.98,GHW,101/14,GOLAN,3.0,1.5,222.0,2004.0,ELR,160.0,NS,1016.0,R,13.0,0.0,21.237260273972602,11.018904109589041,1.6198356164383563,649.9,2328.0,900.8027397260274,-1951.0,ELR_ELRCS04WE,04,,-1.16,0.0016449033302965886,0.0,,3.9,-1.92,0.0,0.0
2025,ELR,CS,ELRCS04WE,8.9,4,0.0,2.0,3.02,1.84,GHW,101/14,GOLAN,3.0,1.5,222.0,2004.0,ELR,160.0,NS,1016.0,R,0.0,0.0,21.89123287671233,10.42986301369863,1.8915616438356164,364.9,2321.0,882.9041095890411,-1874.0,ELR_ELRCS04WE,04,,1.02,0.0,0.0,,3.0,-1.16,0.0,0.0
2020,ELR,CS,ELRCS04WW,7.0,4,0.36,6.0,5.11,,GHW,,,3.0,1.5,222.0,2004.0,ELR,160.0,NS,1016.0,R,30.0,133.0,18.925081433224754,9.91172638436482,1.5264495114006515,797.0,2222.0,865.71335504886,-1289.0,ELR_ELRCS04WW,04,,-0.8899999999999997,0.004826254826254826,133.0,3.6287630272592675e-05,,,,
2021,ELR,CS,ELRCS04WW,7.0,0,0.0,5.25,5.37,5.11,GHW,,,3.0,1.5,222.0,2004.0,ELR,160.0,NS,1016.0,R,22.0,0.0,21.06231884057971,10.617101449275362,1.6642898550724636,732.4,2408.0,884.304347826087,-1614.0,ELR_ELRCS04WW,04,,0.1200000000000001,0.0035392535392535394,0.0,,6.0,-0.8899999999999997,133.0,-133.0
2022,ELR,CS,ELRCS04WW,7.0,4,0.0,5.0,2.43,5.37,GHW,,,3.0,1.5,222.0,2004.0,ELR,160.0,NS,1016.0,R,17.0,99.0,20.49890410958904,10.183287671232877,1.6017534246575342,734.2,2227.0,895.1342465753424,-1345.0,ELR_ELRCS04WW,04,,-2.57,0.0027348777348777348,99.0,2.7625027625027625e-05,5.25,0.1200000000000001,0.0,99.0
2023,ELR,CS,ELRCS04WW,7.0,4,0.0,4.5,3.26,2.43,GHW,,,3.0,1.5,222.0,2004.0,ELR,160.0,NS,1016.0,R,17.0,0.0,18.479726027397263,9.267397260273972,1.449972602739726,797.7,2218.0,780.4904109589041,-1208.0,ELR_ELRCS04WW,04,,-1.2400000000000002,0.0027348777348777348,0.0,,5.0,-2.57,99.0,-99.0
2024,ELR,CS,ELRCS04WW,7.0,4,0.0,4.0,2.9,3.26,GHW,,,3.0,1.5,222.0,2004.0,ELR,160.0,NS,1016.0,R,17.0,0.0,21.237260273972602,11.018904109589041,1.6198356164383563,649.9,2328.0,900.8027397260274,-1951.0,ELR_ELRCS04WW,04,,-1.1,0.0027348777348777348,0.0,,4.5,-1.2400000000000002,0.0,0.0
2025,ELR,CS,ELRCS04WW,7.0,4,0.0,3.0,5.94,2.9,GHW,,,3.0,1.5,222.0,2004.0,ELR,160.0,NS,1016.0,R,0.0,0.0,21.89123287671233,10.42986301369863,1.8915616438356164,364.9,2321.0,882.9041095890411,-1874.0,ELR_ELRCS04WW,04,,2.9400000000000004,0.0,0.0,,4.0,-1.1,0.0,0.0
2020,ELR,CS,ELRCS0522E,16.4,3,0.35,6.0,5.67,,,,,,,,,,,,,,21.0,88.0,,,,,,,,ELR_ELRCS0522E,0522,,-0.33000000000000007,,88.0,,,,,
2021,ELR,CS,ELRCS0522E,16.4,0,0.0,11.48,6.08,5.67,,,,,,,,,,,,,20.0,88.0,,,,,,,,ELR_ELRCS0522E,0522,,-5.4,,88.0,,6.0,-0.33000000000000007,88.0,0.0
2022,ELR,CS,ELRCS0522E,16.4,4,0.0,7.0,4.92,6.08,,,,,,,,,,,,,13.0,111.0,,,,,,,,ELR_ELRCS0522E,0522,,-2.08,,111.0,,11.48,-5.4,88.0,23.0
2023,ELR,CS,ELRCS0522E,16.4,4,0.0,8.2,3.1,4.92,,,,,,,,,,,,,9.0,0.0,,,,,,,,ELR_ELRCS0522E,0522,,-5.1,,0.0,,7.0,-2.08,111.0,-111.0
2024,ELR,CS,ELRCS0522E,16.4,4,0.0,5.0,4.58,3.1,,,,,,,,,,,,,11.0,0.0,,,,,,,,ELR_ELRCS0522E,0522,,-0.41999999999999993,,0.0,,8.2,-5.1,0.0,0.0
2020,ELR,CS,ELRCS0522W,15.8,3,0.29,6.0,5.76,,,,,,,,,,,,,,20.0,42.0,,,,,,,,ELR_ELRCS0522W,0522,,-0.2400000000000002,,42.0,,,,,
2021,ELR,CS,ELRCS0522W,15.8,0,0.0,11.06,7.61,5.76,,,,,,,,,,,,,24.0,0.0,,,,,,,,ELR_ELRCS0522W,0522,,-3.45,,0.0,,6.0,-0.2400000000000002,42.0,-42.0
2022,ELR,CS,ELRCS0522W,15.8,4,0.0,6.0,6.1,7.61,,,,,,,,,,,,,20.0,0.0,,,,,,,,ELR_ELRCS0522W,0522,,0.09999999999999964,,0.0,,11.06,-3.45,0.0,0.0
2023,ELR,CS,ELRCS0522W,15.8,4,0.0,7.9,3.54,6.1,,,,,,,,,,,,,10.0,0.0,,,,,,,,ELR_ELRCS0522W,0522,,-4.36,,0.0,,6.0,0.09999999999999964,0.0,0.0
2024,ELR,CS,ELRCS0522W,15.8,4,0.0,6.0,5.24,3.54,,,,,,,,,,,,,10.0,0.0,,,,,,,,ELR_ELRCS0522W,0522,,-0.7599999999999998,,0.0,,7.9,-4.36,0.0,0.0
2020,ELR,CS,ELRCS05NE,15.8,4,0.38,10.0,5.92,,,,,,,,,,,,,,28.0,92.0,,,,,,,,ELR_ELRCS05NE,05,,-4.08,,92.0,,,,,
2021,ELR,CS,ELRCS05NE,15.8,0,0.0,9.48,5.83,5.92,,,,,,,,,,,,,17.0,86.0,,,,,,,,ELR_ELRCS05NE,05,,-3.6500000000000004,,86.0,,10.0,-4.08,92.0,-6.0
2022,ELR,CS,ELRCS05NE,15.8,4,0.0,5.0,5.24,5.83,,,,,,,,,,,,,16.0,97.0,,,,,,,,ELR_ELRCS05NE,05,,0.2400000000000002,,97.0,,9.48,-3.6500000000000004,86.0,11.0
2023,ELR,CS,ELRCS05NE,15.8,4,0.0,7.9,4.1,5.24,,,,,,,,,,,,,14.0,0.0,,,,,,,,ELR_ELRCS05NE,05,,-3.8000000000000007,,0.0,,5.0,0.2400000000000002,97.0,-97.0
2024,ELR,CS,ELRCS05NE,15.8,4,0.0,5.0,4.44,4.1,,,,,,,,,,,,,14.0,0.0,,,,,,,,ELR_ELRCS05NE,05,,-0.5599999999999996,,0.0,,7.9,-3.8000000000000007,0.0,0.0
2020,ELR,CS,ELRCS05NW,11.3,4,0.38,5.0,2.91,,,,,,,,,,,,,,23.0,71.0,,,,,,,,ELR_ELRCS05NW,05,,-2.09,,71.0,,,,,
2021,ELR,CS,ELRCS05NW,11.3,0,0.0,5.09,4.88,2.91,,,,,,,,,,,,,16.0,0.0,,,,,,,,ELR_ELRCS05NW,05,,-0.20999999999999996,,0.0,,5.0,-2.09,71.0,-71.0
2022,ELR,CS,ELRCS05NW,11.3,4,0.0,3.0,3.32,4.88,,,,,,,,,,,,,15.0,76.0,,,,,,,,ELR_ELRCS05NW,05,,0.31999999999999984,,76.0,,5.09,-0.20999999999999996,0.0,76.0
2023,ELR,CS,ELRCS05NW,11.3,4,0.0,5.7,2.72,3.32,,,,,,,,,,,,,14.0,0.0,,,,,,,,ELR_ELRCS05NW,05,,-2.98,,0.0,,3.0,0.31999999999999984,76.0,-76.0
2024,ELR,CS,ELRCS05NW,11.3,4,0.0,3.0,3.06,2.72,,,,,,,,,,,,,13.0,0.0,,,,,,,,ELR_ELRCS05NW,05,,0.06000000000000005,,0.0,,5.7,-2.98,0.0,0.0
2020,ELR,CS,ELRCS09338SON,7.7,4,0.36,10.0,8.74,,GHW,SO4,338,2.5,1.5,267.0,2009.0,ELR,10.0,NS,1000.0,R,37.0,177.0,18.925081433224754,9.91172638436482,1.5264495114006515,797.0,2222.0,865.71335504886,-1289.0,ELR_ELRCS09338SON,0933,,-1.2599999999999998,0.0044992460722797795,177.0,2.541946933491401e-05,,,,
2021,ELR,CS,ELRCS09338SON,7.7,0,0.0,8.47,7.6,8.74,GHW,SO4,338,2.5,1.5,267.0,2009.0,ELR,10.0,NS,1000.0,R,21.0,0.0,21.06231884057971,10.617101449275362,1.6642898550724636,732.4,2408.0,884.304347826087,-1614.0,ELR_ELRCS09338SON,0933,,-0.870000000000001,0.002553626149131767,0.0,,10.0,-1.2599999999999998,177.0,-177.0
2022,ELR,CS,ELRCS09338SON,7.7,4,0.0,7.0,6.84,7.6,GHW,SO4,338,2.5,1.5,267.0,2009.0,ELR,10.0,NS,1000.0,R,22.0,162.0,20.49890410958904,10.183287671232877,1.6017534246575342,734.2,2227.0,895.1342465753424,-1345.0,ELR_ELRCS09338SON,0933,,-0.16000000000000014,0.002675227394328518,162.0,1.65137493477069e-05,8.47,-0.870000000000001,0.0,162.0
2023,ELR,CS,ELRCS09338SON,7.7,4,0.0,8.1,5.2,6.84,GHW,SO4,338,2.5,1.5,267.0,2009.0,ELR,10.0,NS,1000.0,R,19.0,0.0,18.479726027397263,9.267397260273972,1.449972602739726,797.7,2218.0,780.4904109589041,-1208.0,ELR_ELRCS09338SON,0933,,-2.8999999999999995,0.0023104236587382656,0.0,,7.0,-0.16000000000000014,162.0,-162.0
2024,ELR,CS,ELRCS09338SON,7.7,4,0.0,7.0,5.58,5.2,GHW,SO4,338,2.5,1.5,267.0,2009.0,ELR,10.0,NS,1000.0,R,17.0,0.0,21.237260273972602,11.018904109589041,1.6198356164383563,649.9,2328.0,900.8027397260274,-1951.0,ELR_ELRCS09338SON,0933,,-1.42,0.0020672211683447636,0.0,,8.1,-2.8999999999999995,0.0,0.0
2025,ELR,CS,ELRCS09338SON,7.7,5,0.0,6.0,6.06,5.58,GHW,SO4,338,2.5,1.5,267.0,2009.0,ELR,10.0,NS,1000.0,R,0.0,0.0,21.89123287671233,10.42986301369863,1.8915616438356164,364.9,2321.0,882.9041095890411,-1874.0,ELR_ELRCS09338SON,0933,,0.05999999999999961,0.0,0.0,,7.0,-1.42,0.0,0.0
2020,ELR,CS,ELRCS09338SOSE,13.31,4,0.37,20.0,15.1,,GHW,SO4,338,2.5,1.5,267.0,2009.0,ELR,10.0,NS,1000.0,R,35.0,177.0,18.925081433224754,9.91172638436482,1.5264495114006515,797.0,2222.0,865.71335504886,-1289.0,ELR_ELRCS09338SOSE,0933,,-4.9,0.002462173972992062,177.0,1.3910587418034249e-05,,,,
2021,ELR,CS,ELRCS09338SOSE,13.31,0,0.0,15.97,19.39,15.1,GHW,SO4,338,2.5,1.5,267.0,2009.0,ELR,10.0,NS,1000.0,R,24.0,0.0,21.06231884057971,10.617101449275362,1.6642898550724636,732.4,2408.0,884.304347826087,-1614.0,ELR_ELRCS09338SOSE,0933,,3.42,0.0016883478671945568,0.0,,20.0,-4.9,177.0,-177.0
2022,ELR,CS,ELRCS09338SOSE,13.31,4,0.0,16.0,14.64,19.39,GHW,SO4,338,2.5,1.5,267.0,2009.0,ELR,10.0,NS,1000.0,R,18.0,207.0,20.49890410958904,10.183287671232877,1.6017534246575342,734.2,2227.0,895.1342465753424,-1345.0,ELR_ELRCS09338SOSE,0933,,-1.3599999999999994,0.0012662609003959175,207.0,6.117202417371582e-06,15.97,3.42,0.0,207.0
2023,ELR,CS,ELRCS09338SOSE,13.31,4,0.0,16.4,13.2,14.64,GHW,SO4,338,2.5,1.5,267.0,2009.0,ELR,10.0,NS,1000.0,R,19.0,0.0,18.479726027397263,9.267397260273972,1.449972602739726,797.7,2218.0,780.4904109589041,-1208.0,ELR_ELRCS09338SOSE,0933,,-3.1999999999999993,0.0013366087281956908,0.0,,16.0,-1.3599999999999994,207.0,-207.0
2024,ELR,CS,ELRCS09338SOSE,13.31,4,0.0,16.0,12.6,13.2,GHW,SO4,338,2.5,1.5,267.0,2009.0,ELR,10.0,NS,1000.0,R,21.0,0.0,21.237260273972602,11.018904109589041,1.6198356164383563,649.9,2328.0,900.8027397260274,-1951.0,ELR_ELRCS09338SOSE,0933,,-3.4000000000000004,0.0014773043837952372,0.0,,16.4,-3.1999999999999993,0.0,0.0
2025,ELR,CS,ELRCS09338SOSE,13.31,5,0.0,10.0,9.62,12.6,GHW,SO4,338,2.5,1.5,267.0,2009.0,ELR,10.0,NS,1000.0,R,0.0,0.0,21.89123287671233,10.42986301369863,1.8915616438356164,364.9,2321.0,882.9041095890411,-1874.0,ELR_ELRCS09338SOSE,0933,,-0.3800000000000008,0.0,0.0,,16.0,-3.4000000000000004,0.0,0.0
2020,ELR,CS,ELRCS09338SOSW,7.16,4,0.37,13.0,12.96,,GHW,SO4,338,2.5,1.5,267.0,2009.0,ELR,10.0,NS,1000.0,R,31.0,186.0,18.925081433224754,9.91172638436482,1.5264495114006515,797.0,2222.0,865.71335504886,-1289.0,ELR_ELRCS09338SOSW,0933,,-0.03999999999999915,0.004053940953696148,186.0,2.1795381471484667e-05,,,,
2021,ELR,CS,ELRCS09338SOSW,7.16,0,0.0,13.25,12.06,12.96,GHW,SO4,338,2.5,1.5,267.0,2009.0,ELR,10.0,NS,1000.0,R,33.0,0.0,21.06231884057971,10.617101449275362,1.6642898550724636,732.4,2408.0,884.304347826087,-1614.0,ELR_ELRCS09338SOSW,0933,,-1.1899999999999995,0.004315485531353964,0.0,,13.0,-0.03999999999999915,186.0,-186.0
2022,ELR,CS,ELRCS09338SOSW,7.16,4,0.0,10.0,6.7,12.06,GHW,SO4,338,2.5,1.5,267.0,2009.0,ELR,10.0,NS,1000.0,R,22.0,198.0,20.49890410958904,10.183287671232877,1.6017534246575342,734.2,2227.0,895.1342465753424,-1345.0,ELR_ELRCS09338SOSW,0933,,-3.3,0.002876990354235976,198.0,1.4530254314323111e-05,13.25,-1.1899999999999995,0.0,198.0
2023,ELR,CS,ELRCS09338SOSW,7.16,4,0.0,12.1,7.5,6.7,GHW,SO4,338,2.5,1.5,267.0,2009.0,ELR,10.0,NS,1000.0,R,21.0,0.0,18.479726027397263,9.267397260273972,1.449972602739726,797.7,2218.0,780.4904109589041,-1208.0,ELR_ELRCS09338SOSW,0933,,-4.6,0.002746218065407068,0.0,,10.0,-3.3,198.0,-198.0
2024,ELR,CS,ELRCS09338SOSW,7.16,4,0.0,10.0,5.82,7.5,GHW,SO4,338,2.5,1.5,267.0,2009.0,ELR,10.0,NS,1000.0,R,21.0,0.0,21.237260273972602,11.018904109589041,1.6198356164383563,649.9,2328.0,900.8027397260274,-1951.0,ELR_ELRCS09338SOSW,0933,,-4.18,0.002746218065407068,0.0,,12.1,-4.6,0.0,0.0
2025,ELR,CS,ELRCS09338SOSW,7.16,5,0.0,5.0,6.3,5.82,GHW,SO4,338,2.5,1.5,267.0,2009.0,ELR,10.0,NS,1000.0,R,0.0,0.0,21.89123287671233,10.42986301369863,1.8915616438356164,364.9,2321.0,882.9041095890411,-1874.0,ELR_ELRCS09338SOSW,0933,,1.2999999999999998,0.0,0.0,,10.0,-4.18,0.0,0.0
2020,ELR,CS,ELRCS1216914EF,6.3,4,0.43,5.0,5.19,,GHW,101/14,169,2.5,1.5,267.0,2012.0,EMB,73.0,EW,995.0,R,34.0,117.0,,,,,,,,ELR_ELRCS1216914EF,1216,,0.1900000000000004,0.005053207300398312,117.0,4.3189805986310356e-05,,,,
2021,ELR,CS,ELRCS1216914EF,6.3,0,0.0,5.04,4.04,5.19,GHW,101/14,169,2.5,1.5,267.0,2012.0,EMB,73.0,EW,995.0,R,19.0,0.0,,,,,,,,ELR_ELRCS1216914EF,1216,,-1.0,0.00282385113845788,0.0,,5.0,0.1900000000000004,117.0,-117.0
2022,ELR,CS,ELRCS1216914EF,6.3,4,0.0,6.0,4.09,4.04,GHW,101/14,169,2.5,1.5,267.0,2012.0,EMB,73.0,EW,995.0,R,23.0,140.0,,,,,,,,ELR_ELRCS1216914EF,1216,,-1.9100000000000001,0.003418346114975329,140.0,2.441675796410949e-05,5.04,-1.0,0.0,140.0
2023,ELR,CS,ELRCS1216914EF,6.3,4,0.0,4.3,3.07,4.09,GHW,101/14,169,2.5,1.5,267.0,2012.0,EMB,73.0,EW,995.0,R,18.0,0.0,,,,,,,,ELR_ELRCS1216914EF,1216,,-1.23,0.0026752273943285183,0.0,,6.0,-1.9100000000000001,140.0,-140.0
2024,ELR,CS,ELRCS1216914EF,6.3,4,0.0,4.0,2.94,3.07,GHW,101/14,169,2.5,1.5,267.0,2012.0,EMB,73.0,EW,995.0,R,17.0,0.0,,,,,,,,ELR_ELRCS1216914EF,1216,,-1.06,0.002526603650199156,0.0,,4.3,-1.23,0.0,0.0
2025,ELR,CS,ELRCS1216914EF,6.3,4,0.0,4.0,2.5,2.94,GHW,101/14,169,2.5,1.5,267.0,2012.0,EMB,73.0,EW,995.0,R,0.0,0.0,,,,,,,,ELR_ELRCS1216914EF,1216,,-1.5,0.0,0.0,,4.0,-1.06,0.0,0.0
2020,ELR,CS,ELRCS1216914WI,6.0,4,0.46,5.0,3.33,,GHW,101/14,169,2.5,1.5,267.0,2012.0,EMB,73.0,EW,995.0,R,35.0,129.0,,,,,,,,ELR_ELRCS1216914WI,1216,,-1.67,0.005461922596754058,129.0,4.2340485246155484e-05,,,,
2021,ELR,CS,ELRCS1216914WI,6.0,0,0.0,4.2,2.86,3.33,GHW,101/14,169,2.5,1.5,267.0,2012.0,EMB,73.0,EW,995.0,R,19.0,0.0,,,,,,,,ELR_ELRCS1216914WI,1216,,-1.3400000000000003,0.002965043695380774,0.0,,5.0,-1.67,129.0,-129.0
2022,ELR,CS,ELRCS1216914WI,6.0,4,0.0,4.0,3.17,2.86,GHW,101/14,169,2.5,1.5,267.0,2012.0,EMB,73.0,EW,995.0,R,23.0,110.0,,,,,,,,ELR_ELRCS1216914WI,1216,,-0.8300000000000001,0.003589263420724095,110.0,3.262966746112814e-05,4.2,-1.3400000000000003,0.0,110.0
2023,ELR,CS,ELRCS1216914WI,6.0,5,0.0,3.3,2.88,3.17,GHW,101/14,169,2.5,1.5,267.0,2012.0,EMB,73.0,EW,995.0,R,16.0,0.0,,,,,,,,ELR_ELRCS1216914WI,1216,,-0.41999999999999993,0.0024968789013732834,0.0,,4.0,-0.8300000000000001,110.0,-110.0
2024,ELR,CS,ELRCS1216914WI,6.0,4,0.0,3.0,2.18,2.88,GHW,101/14,169,2.5,1.5,267.0,2012.0,EMB,73.0,EW,995.0,R,17.0,0.0,,,,,,,,ELR_ELRCS1216914WI,1216,,-0.8199999999999998,0.0026529338327091136,0.0,,3.3,-0.41999999999999993,0.0,0.0
2025,ELR,CS,ELRCS1216914WI,6.0,4,0.0,3.0,2.58,2.18,GHW,101/14,169,2.5,1.5,267.0,2012.0,EMB,73.0,EW,995.0,R,0.0,0.0,,,,,,,,ELR_ELRCS1216914WI,1216,,-0.41999999999999993,0.0,0.0,,3.0,-0.8199999999999998,0.0,0.0
2020,ELR,CS,ELRCS12169P,16.5,4,0.0,12.0,13.11,,GHW,PAUL1103,169,2.5,1.5,267.0,2012.0,EMB,73.0,EW,998.0,R,28.0,0.0,,,,,,,,ELR_ELRCS12169P,1216,,1.1099999999999994,0.001588922937237544,0.0,,,,,
2021,ELR,CS,ELRCS12169P,16.5,0,0.0,13.2,15.48,13.11,GHW,PAUL1103,169,2.5,1.5,267.0,2012.0,EMB,73.0,EW,998.0,R,22.0,0.0,,,,,,,,ELR_ELRCS12169P,1216,,2.280000000000001,0.0012484394506866417,0.0,,12.0,1.1099999999999994,0.0,0.0
2022,ELR,CS,ELRCS12169P,16.5,4,0.0,13.0,9.37,15.48,GHW,PAUL1103,169,2.5,1.5,267.0,2012.0,EMB,73.0,EW,998.0,R,18.0,0.0,,,,,,,,ELR_ELRCS12169P,1216,,-3.630000000000001,0.0010214504596527069,0.0,,13.2,2.280000000000001,0.0,0.0
2023,ELR,CS,ELRCS12169P,16.5,4,0.0,8.3,6.37,9.37,GHW,PAUL1103,169,2.5,1.5,267.0,2012.0,EMB,73.0,EW,998.0,R,18.0,0.0,,,,,,,,ELR_ELRCS12169P,1216,,-1.9300000000000006,0.0010214504596527069,0.0,,13.0,-3.630000000000001,0.0,0.0
2024,ELR,CS,ELRCS12169P,16.5,4,0.0,10.0,8.81,6.37,GHW,PAUL1103,169,2.5,1.5,267.0,2012.0,EMB,73.0,EW,998.0,R,17.0,0.0,,,,,,,,ELR_ELRCS12169P,1216,,-1.1899999999999995,0.0009647032118942231,0.0,,8.3,-1.9300000000000006,0.0,0.0
2025,ELR,CS,ELRCS12169P,16.5,4,0.0,11.0,9.68,8.81,GHW,PAUL1103,169,2.5,1.5,267.0,2012.0,EMB,73.0,EW,998.0,R,0.0,0.0,,,,,,,,ELR_ELRCS12169P,1216,,-1.3200000000000003,0.0,0.0,,10.0,-1.1899999999999995,0.0,0.0
2020,ELR,CS,ELRCS12169PF,0.0,0,0.34,0.0,0.0,,,,,,,,,,,,,,0.0,144.5,,,,,,,,ELR_ELRCS12169PF,1216,,0.0,,144.5,,,,,
2021,ELR,CS,ELRCS12169PF,0.0,0,0.0,0.0,0.0,0.0,,,,,,,,,,,,,0.0,0.0,,,,,,,,ELR_ELRCS12169PF,1216,,0.0,,0.0,,0.0,0.0,144.5,-144.5
2022,ELR,CS,ELRCS12169PF,0.0,0,0.0,0.0,0.0,0.0,,,,,,,,,,,,,0.0,0.0,,,,,,,,ELR_ELRCS12169PF,1216,,0.0,,0.0,,0.0,0.0,0.0,0.0
2023,ELR,CS,ELRCS12169PF,0.0,0,0.0,0.0,0.0,0.0,,,,,,,,,,,,,0.0,0.0,,,,,,,,ELR_ELRCS12169PF,1216,,0.0,,0.0,,0.0,0.0,0.0,0.0
2024,ELR,CS,ELRCS12169PF,0.0,0,0.0,0.0,0.0,0.0,,,,,,,,,,,,,0.0,0.0,,,,,,,,ELR_ELRCS12169PF,1216,,0.0,,0.0,,0.0,0.0,0.0,0.0
2025,ELR,CS,ELRCS12169PF,0.0,0,0.0,0.0,0.0,0.0,,,,,,,,,,,,,0.0,0.0,,,,,,,,ELR_ELRCS12169PF,1216,,0.0,,0.0,,0.0,0.0,0.0,0.0
2024,ELR,CS,ELRCS12169PFOG1,0.0,0,0.0,0.0,0.0,,,,,,,,,,,,,,,,,,,,,,,ELR_ELRCS12169PFOG1,1216,,0.0,,,,,,,
2024,ELR,CS,ELRCS12169PFOG2,0.0,0,0.0,0.0,0.0,,,,,,,,,,,,,,,,,,,,,,,ELR_ELRCS12169PFOG2,1216,,0.0,,,,,,,
2025,ELR,CS,ELRCS12169PFOG2,0.0,0,0.0,0.0,0.0,0.0,,,,,,,,,,,,,,,,,,,,,,ELR_ELRCS12169PFOG2,1216,,0.0,,,,0.0,0.0,,
2020,ELR,CS,ELRCS12169PI,0.0,0,0.41,0.0,0.0,,,,,,,,,,,,,,0.0,164.0,,,,,,,,ELR_ELRCS12169PI,1216,,0.0,,164.0,,,,,
2021,ELR,CS,ELRCS12169PI,0.0,0,0.0,0.0,0.0,0.0,,,,,,,,,,,,,0.0,0.0,,,,,,,,ELR_ELRCS12169PI,1216,,0.0,,0.0,,0.0,0.0,164.0,-164.0
2022,ELR,CS,ELRCS12169PI,0.0,0,0.0,0.0,0.0,0.0,,,,,,,,,,,,,0.0,110.0,,,,,,,,ELR_ELRCS12169PI,1216,,0.0,,110.0,,0.0,0.0,0.0,110.0
2023,ELR,CS,ELRCS12169PI,0.0,0,0.0,0.0,0.0,0.0,,,,,,,,,,,,,0.0,0.0,,,,,,,,ELR_ELRCS12169PI,1216,,0.0,,0.0,,0.0,0.0,110.0,-110.0
2024,ELR,CS,ELRCS12169PI,0.0,0,0.0,0.0,0.0,0.0,,,,,,,,,,,,,0.0,0.0,,,,,,,,ELR_ELRCS12169PI,1216,,0.0,,0.0,,0.0,0.0,0.0,0.0
2025,ELR,CS,ELRCS12169PI,0.0,0,0.0,0.0,0.0,0.0,,,,,,,,,,,,,0.0,0.0,,,,,,,,ELR_ELRCS12169PI,1216,,0.0,,0.0,,0.0,0.0,0.0,0.0
2020,ELR,CS,ELRCS12169R,14.8,4,0.41,15.0,14.44,,GHW,R110,169,2.5,1.5,267.0,2012.0,EMB,73.0,EW,992.0,R,35.0,136.0,,,,,,,,ELR_ELRCS12169R,1216,,-0.5600000000000005,0.002214292944630023,136.0,1.6281565769338404e-05,,,,
2021,ELR,CS,ELRCS12169R,14.8,0,0.0,13.32,13.84,14.44,GHW,R110,169,2.5,1.5,267.0,2012.0,EMB,73.0,EW,992.0,R,20.0,0.0,,,,,,,,ELR_ELRCS12169R,1216,,0.5199999999999996,0.0012653102540742989,0.0,,15.0,-0.5600000000000005,136.0,-136.0
2022,ELR,CS,ELRCS12169R,14.8,4,0.0,13.0,10.65,13.84,GHW,R110,169,2.5,1.5,267.0,2012.0,EMB,73.0,EW,992.0,R,26.0,118.0,,,,,,,,ELR_ELRCS12169R,1216,,-2.3499999999999996,0.0016449033302965886,118.0,1.3939858731327022e-05,13.32,0.5199999999999996,0.0,118.0
2023,ELR,CS,ELRCS12169R,14.8,4,0.0,13.3,8.41,10.65,GHW,R110,169,2.5,1.5,267.0,2012.0,EMB,73.0,EW,992.0,R,19.0,0.0,,,,,,,,ELR_ELRCS12169R,1216,,-4.890000000000001,0.001202044741370584,0.0,,13.0,-2.3499999999999996,118.0,-118.0
2024,ELR,CS,ELRCS12169R,14.8,4,0.0,9.0,7.5,8.41,GHW,R110,169,2.5,1.5,267.0,2012.0,EMB,73.0,EW,992.0,R,18.0,0.0,,,,,,,,ELR_ELRCS12169R,1216,,-1.5,0.001138779228666869,0.0,,13.3,-4.890000000000001,0.0,0.0
2025,ELR,CS,ELRCS12169R,14.8,4,0.0,10.0,7.12,7.5,GHW,R110,169,2.5,1.5,267.0,2012.0,EMB,73.0,EW,992.0,R,0.0,0.0,,,,,,,,ELR_ELRCS12169R,1216,,-2.88,0.0,0.0,,9.0,-1.5,0.0,0.0
2020,ELR,CS,ELRCS16412S,20.3,4,0.24,8.0,8.09,,GHW,SO4,412,2.5,1.5,267.0,2016.0,ELR,105.0,EW,1080.0,R,0.0,121.0,18.925081433224754,9.91172638436482,1.5264495114006515,797.0,2222.0,865.71335504886,-1289.0,ELR_ELRCS16412S,1641,,0.08999999999999986,0.0,121.0,0.0,,,,
2021,ELR,CS,ELRCS16412S,20.3,0,0.0,13.2,15.56,8.09,GHW,SO4,412,2.5,1.5,267.0,2016.0,ELR,105.0,EW,1080.0,R,22.0,0.0,21.06231884057971,10.617101449275362,1.6642898550724636,732.4,2408.0,884.304347826087,-1614.0,ELR_ELRCS16412S,1641,,2.360000000000001,0.001014741425434955,0.0,,8.0,0.08999999999999986,121.0,-121.0
2022,ELR,CS,ELRCS16412S,20.3,4,0.0,20.0,17.34,15.56,GHW,SO4,412,2.5,1.5,267.0,2016.0,ELR,105.0,EW,1080.0,R,27.0,116.0,20.49890410958904,10.183287671232877,1.6017534246575342,734.2,2227.0,895.1342465753424,-1345.0,ELR_ELRCS16412S,1641,,-2.66,0.001245364476670172,116.0,1.0735900660949758e-05,13.2,2.360000000000001,0.0,116.0
2023,ELR,CS,ELRCS16412S,20.3,4,0.0,11.7,12.9,17.34,GHW,SO4,412,2.5,1.5,267.0,2016.0,ELR,105.0,EW,1080.0,R,17.0,0.0,18.479726027397263,9.267397260273972,1.449972602739726,797.7,2218.0,780.4904109589041,-1208.0,ELR_ELRCS16412S,1641,,1.200000000000001,0.0007841183741997379,0.0,,20.0,-2.66,116.0,-116.0
2024,ELR,CS,ELRCS16412S,20.3,4,0.0,16.0,11.62,12.9,GHW,SO4,412,2.5,1.5,267.0,2016.0,ELR,105.0,EW,1080.0,R,18.0,0.0,21.237260273972602,11.018904109589041,1.6198356164383563,649.9,2328.0,900.8027397260274,-1951.0,ELR_ELRCS16412S,1641,,-4.380000000000001,0.0008302429844467814,0.0,,11.7,1.200000000000001,0.0,0.0
2025,ELR,CS,ELRCS16412S,20.3,4,0.0,16.0,15.52,11.62,GHW,SO4,412,2.5,1.5,267.0,2016.0,ELR,105.0,EW,1080.0,R,0.0,0.0,21.89123287671233,10.42986301369863,1.8915616438356164,364.9,2321.0,882.9041095890411,-1874.0,ELR_ELRCS16412S,1641,,-0.4800000000000004,0.0,0.0,,16.0,-4.380000000000001,0.0,0.0
2023,ELR,CS,ELRCS23412RE,10.7,0,0.0,0.0,0.0,,GHW,R110,412,2.5,1.5,267.0,2023.0,BRN,25.0,NS,1080.0,R,0.0,0.0,,,,,,,,ELR_ELRCS23412RE,2341,,0.0,0.0,0.0,,,,,
2024,ELR,CS,ELRCS23412RE,10.7,0,0.0,0.0,0.0,0.0,GHW,R110,412,2.5,1.5,267.0,2023.0,BRN,25.0,NS,1080.0,R,0.0,0.0,,,,,,,,ELR_ELRCS23412RE,2341,,0.0,0.0,0.0,,0.0,0.0,0.0,0.0
2025,ELR,CS,ELRCS23412RE,10.7,0,0.0,0.0,0.0,0.0,GHW,R110,412,2.5,1.5,267.0,2023.0,BRN,25.0,NS,1080.0,R,0.0,0.0,,,,,,,,ELR_ELRCS23412RE,2341,,0.0,0.0,0.0,,0.0,0.0,0.0,0.0
2023,ELR,CS,ELRCS23412RP,6.8,0,0.0,0.0,0.0,,GHW,RIP,412,2.5,1.2,333.0,2023.0,BRN,90.0,EW,1024.0,R,0.0,0.0,,,,,,,,ELR_ELRCS23412RP,2341,,0.0,0.0,0.0,,,,,
2024,ELR,CS,ELRCS23412RP,6.8,0,0.0,0.0,0.0,0.0,GHW,RIP,412,2.5,1.2,333.0,2023.0,BRN,90.0,EW,1024.0,R,0.0,0.0,,,,,,,,ELR_ELRCS23412RP,2341,,0.0,0.0,0.0,,0.0,0.0,0.0,0.0
2025,ELR,CS,ELRCS23412RP,6.8,0,0.0,0.0,0.0,0.0,GHW,RIP,412,2.5,1.2,333.0,2023.0,BRN,90.0,EW,1024.0,R,0.0,0.0,,,,,,,,ELR_ELRCS23412RP,2341,,0.0,0.0,0.0,,0.0,0.0,0.0,0.0
2023,ELR,CS,ELRCS23412RW,9.85,0,0.0,0.0,0.0,,GHW,R110,412,2.5,1.5,267.0,2023.0,BRN,25.0,NS,1080.0,R,0.0,0.0,,,,,,,,ELR_ELRCS23412RW,2341,,0.0,0.0,0.0,,,,,
2024,ELR,CS,ELRCS23412RW,9.85,0,0.0,0.0,0.0,0.0,GHW,R110,412,2.5,1.5,267.0,2023.0,BRN,25.0,NS,1080.0,R,0.0,0.0,,,,,,,,ELR_ELRCS23412RW,2341,,0.0,0.0,0.0,,0.0,0.0,0.0,0.0
2025,ELR,CS,ELRCS23412RW,9.85,0,0.0,0.0,0.0,0.0,GHW,R110,412,2.5,1.5,267.0,2023.0,BRN,25.0,NS,1080.0,R,0.0,0.0,,,,,,,,ELR_ELRCS23412RW,2341,,0.0,0.0,0.0,,0.0,0.0,0.0,0.0
2020,ENF,CS,ENFCS0506M,11.5,2,0.25,14.0,13.15,,,,,,,,,,,,,,33.0,0.0,,,,,,,,ENF_ENFCS0506M,0506,,-0.8499999999999996,,0.0,,,,,
2021,ENF,CS,ENFCS0506M,11.5,0,0.0,14.0,9.72,13.15,,,,,,,,,,,,,38.0,0.0,,,,,,,,ENF_ENFCS0506M,0506,,-4.279999999999999,,0.0,,14.0,-0.8499999999999996,0.0,0.0
2022,ENF,CS,ENFCS0506M,11.5,3,0.0,14.0,13.28,9.72,,,,,,,,,,,,,40.0,101.0,,,,,,,,ENF_ENFCS0506M,0506,,-0.7200000000000006,,101.0,,14.0,-4.279999999999999,0.0,101.0
2023,ENF,CS,ENFCS0506M,11.5,2,0.0,8.6,9.6,13.28,,,,,,,,,,,,,0.0,0.0,,,,,,,,ENF_ENFCS0506M,0506,,1.0,,0.0,,14.0,-0.7200000000000006,101.0,-101.0
2024,ENF,CS,ENFCS0506M,11.5,2,0.0,11.0,7.54,9.6,,,,,,,,,,,,,0.0,0.0,,,,,,,,ENF_ENFCS0506M,0506,,-3.46,,0.0,,8.6,1.0,0.0,0.0
2025,ENF,CS,ENFCS0506M,11.5,1,0.0,8.0,7.56,7.54,,,,,,,,,,,,,0.0,0.0,,,,,,,,ENF_ENFCS0506M,0506,,-0.4400000000000004,,0.0,,11.0,-3.46,0.0,0.0
2020,ENF,CS,ENFCS0506N,12.3,2,0.22,12.0,12.87,,,,,,,,,,,,,,33.0,116.0,,,,,,,,ENF_ENFCS0506N,0506,,0.8699999999999992,,116.0,,,,,
2021,ENF,CS,ENFCS0506N,12.3,0,0.0,12.88,10.12,12.87,,,,,,,,,,,,,30.0,115.0,,,,,,,,ENF_ENFCS0506N,0506,,-2.7600000000000016,,115.0,,12.0,0.8699999999999992,116.0,-1.0
2022,ENF,CS,ENFCS0506N,12.3,3,0.0,15.0,13.28,10.12,,,,,,,,,,,,,38.0,104.0,,,,,,,,ENF_ENFCS0506N,0506,,-1.7200000000000006,,104.0,,12.88,-2.7600000000000016,115.0,-11.0
2023,ENF,CS,ENFCS0506N,12.3,2,0.0,9.2,7.88,13.28,,,,,,,,,,,,,28.0,0.0,,,,,,,,ENF_ENFCS0506N,0506,,-1.3199999999999994,,0.0,,15.0,-1.7200000000000006,104.0,-104.0
2024,ENF,CS,ENFCS0506N,12.3,2,0.0,11.0,10.22,7.88,,,,,,,,,,,,,0.0,0.0,,,,,,,,ENF_ENFCS0506N,0506,,-0.7799999999999994,,0.0,,9.2,-1.3199999999999994,0.0,0.0
2025,ENF,CS,ENFCS0506N,12.3,1,0.0,10.0,9.64,10.22,,,,,,,,,,,,,0.0,0.0,,,,,,,,ENF_ENFCS0506N,0506,,-0.35999999999999943,,0.0,,11.0,-0.7799999999999994,0.0,0.0
2020,ENF,CS,ENFCS0506S,17.1,3,0.23,22.0,17.39,,,,,,,,,,,,,,37.0,126.0,,,,,,,,ENF_ENFCS0506S,0506,,-4.609999999999999,,126.0,,,,,
2021,ENF,CS,ENFCS0506S,17.1,0,0.0,18.0,16.9,17.39,,,,,,,,,,,,,40.0,0.0,,,,,,,,ENF_ENFCS0506S,0506,,-1.1000000000000014,,0.0,,22.0,-4.609999999999999,126.0,-126.0
2022,ENF,CS,ENFCS0506S,17.1,3,0.0,20.0,18.8,16.9,,,,,,,,,,,,,41.0,93.0,,,,,,,,ENF_ENFCS0506S,0506,,-1.1999999999999993,,93.0,,18.0,-1.1000000000000014,0.0,93.0
2023,ENF,CS,ENFCS0506S,17.1,2,0.0,12.8,14.26,18.8,,,,,,,,,,,,,29.0,0.0,,,,,,,,ENF_ENFCS0506S,0506,,1.459999999999999,,0.0,,20.0,-1.1999999999999993,93.0,-93.0
2024,ENF,CS,ENFCS0506S,17.1,2,0.0,17.0,15.38,14.26,,,,,,,,,,,,,0.0,0.0,,,,,,,,ENF_ENFCS0506S,0506,,-1.6199999999999992,,0.0,,12.8,1.459999999999999,0.0,0.0
2025,ENF,CS,ENFCS0506S,17.1,1,0.0,10.0,10.52,15.38,,,,,,,,,,,,,0.0,0.0,,,,,,,,ENF_ENFCS0506S,0506,,0.5199999999999996,,0.0,,17.0,-1.6199999999999992,0.0,0.0
2020,ENF,CS,ENFCS0514M,18.0,2,0.29,15.0,13.98,,,,,,,,,,,,,,31.0,147.0,,,,,,,,ENF_ENFCS0514M,0514,,-1.0199999999999996,,147.0,,,,,
2021,ENF,CS,ENFCS0514M,18.0,0,0.0,14.0,9.97,13.98,,,,,,,,,,,,,32.0,0.0,,,,,,,,ENF_ENFCS0514M,0514,,-4.029999999999999,,0.0,,15.0,-1.0199999999999996,147.0,-147.0
2022,ENF,CS,ENFCS0514M,18.0,3,0.0,14.0,13.12,9.97,,,,,,,,,,,,,36.0,95.0,,,,,,,,ENF_ENFCS0514M,0514,,-0.8800000000000008,,95.0,,14.0,-4.029999999999999,0.0,95.0
2023,ENF,CS,ENFCS0514M,18.0,1,0.0,13.0,13.24,13.12,,,,,,,,,,,,,23.0,0.0,,,,,,,,ENF_ENFCS0514M,0514,,0.2400000000000002,,0.0,,14.0,-0.8800000000000008,95.0,-95.0
2024,ENF,CS,ENFCS0514M,18.0,2,0.0,13.0,10.56,13.24,,,,,,,,,,,,,0.0,0.0,,,,,,,,ENF_ENFCS0514M,0514,,-2.4399999999999995,,0.0,,13.0,0.2400000000000002,0.0,0.0
2025,ENF,CS,ENFCS0514M,18.0,1,0.0,11.0,9.12,10.56,,,,,,,,,,,,,0.0,0.0,,,,,,,,ENF_ENFCS0514M,0514,,-1.8800000000000008,,0.0,,13.0,-2.4399999999999995,0.0,0.0
2020,ENF,CS,ENFCS0514N,18.9,3,0.25,19.0,14.18,,,,,,,,,,,,,,35.0,87.0,,,,,,,,ENF_ENFCS0514N,0514,,-4.82,,87.0,,,,,
2021,ENF,CS,ENFCS0514N,18.9,0,0.0,17.0,9.24,14.18,,,,,,,,,,,,,23.0,86.0,,,,,,,,ENF_ENFCS0514N,0514,,-7.76,,86.0,,19.0,-4.82,87.0,-1.0
2022,ENF,CS,ENFCS0514N,18.9,3,0.0,18.0,15.82,9.24,,,,,,,,,,,,,38.0,95.0,,,,,,,,ENF_ENFCS0514N,0514,,-2.1799999999999997,,95.0,,17.0,-7.76,86.0,9.0
2023,ENF,CS,ENFCS0514N,18.9,2,0.0,14.3,13.78,15.82,,,,,,,,,,,,,23.0,0.0,,,,,,,,ENF_ENFCS0514N,0514,,-0.5200000000000014,,0.0,,18.0,-2.1799999999999997,95.0,-95.0
2024,ENF,CS,ENFCS0514N,18.9,2,0.0,13.0,11.02,13.78,,,,,,,,,,,,,0.0,0.0,,,,,,,,ENF_ENFCS0514N,0514,,-1.9800000000000004,,0.0,,14.3,-0.5200000000000014,0.0,0.0
2025,ENF,CS,ENFCS0514N,18.9,1,0.0,11.0,11.32,11.02,,,,,,,,,,,,,0.0,0.0,,,,,,,,ENF_ENFCS0514N,0514,,0.3200000000000003,,0.0,,13.0,-1.9800000000000004,0.0,0.0
2020,ENF,CS,ENFCS0514S,16.1,2,0.24,13.0,11.17,,,,,,,,,,,,,,31.0,115.0,,,,,,,,ENF_ENFCS0514S,0514,,-1.83,,115.0,,,,,
2021,ENF,CS,ENFCS0514S,16.1,0,0.0,13.0,8.66,11.17,,,,,,,,,,,,,26.0,0.0,,,,,,,,ENF_ENFCS0514S,0514,,-4.34,,0.0,,13.0,-1.83,115.0,-115.0
2022,ENF,CS,ENFCS0514S,16.1,3,0.0,12.0,15.28,8.66,,,,,,,,,,,,,35.0,77.0,,,,,,,,ENF_ENFCS0514S,0514,,3.2799999999999994,,77.0,,13.0,-4.34,0.0,77.0
2023,ENF,CS,ENFCS0514S,16.1,2,0.0,12.0,9.14,15.28,,,,,,,,,,,,,28.0,0.0,,,,,,,,ENF_ENFCS0514S,0514,,-2.8599999999999994,,0.0,,12.0,3.2799999999999994,77.0,-77.0
2024,ENF,CS,ENFCS0514S,16.1,2,0.0,11.0,9.82,9.14,,,,,,,,,,,,,0.0,0.0,,,,,,,,ENF_ENFCS0514S,0514,,-1.1799999999999997,,0.0,,12.0,-2.8599999999999994,0.0,0.0
2025,ENF,CS,ENFCS0514S,16.1,1,0.0,10.0,8.5,9.82,,,,,,,,,,,,,0.0,0.0,,,,,,,,ENF_ENFCS0514S,0514,,-1.5,,0.0,,11.0,-1.1799999999999997,0.0,0.0
2020,ENF,CS,ENFCS05EN,19.5,2,0.25,22.0,18.92,,,,,,,,,,,,,,37.0,132.0,,,,,,,,ENF_ENFCS05EN,05,,-3.0799999999999983,,132.0,,,,,
2021,ENF,CS,ENFCS05EN,19.5,0,0.0,19.0,15.82,18.92,,,,,,,,,,,,,33.0,100.0,,,,,,,,ENF_ENFCS05EN,05,,-3.1799999999999997,,100.0,,22.0,-3.0799999999999983,132.0,-32.0
2022,ENF,CS,ENFCS05EN,19.5,3,0.0,21.0,22.14,15.82,,,,,,,,,,,,,41.0,107.0,,,,,,,,ENF_ENFCS05EN,05,,1.1400000000000006,,107.0,,19.0,-3.1799999999999997,100.0,7.0
2023,ENF,CS,ENFCS05EN,19.5,1,0.0,14.6,17.96,22.14,,,,,,,,,,,,,25.0,0.0,,,,,,,,ENF_ENFCS05EN,05,,3.360000000000001,,0.0,,21.0,1.1400000000000006,107.0,-107.0
2024,ENF,CS,ENFCS05EN,19.5,3,0.0,19.0,15.96,17.96,,,,,,,,,,,,,0.0,0.0,,,,,,,,ENF_ENFCS05EN,05,,-3.039999999999999,,0.0,,14.6,3.360000000000001,0.0,0.0
2025,ENF,CS,ENFCS05EN,19.5,1,0.0,12.0,12.84,15.96,,,,,,,,,,,,,0.0,0.0,,,,,,,,ENF_ENFCS05EN,05,,0.8399999999999999,,0.0,,19.0,-3.039999999999999,0.0,0.0
2020,ENF,CS,ENFCS05ES,20.2,2,0.22,24.0,24.16,,,,,,,,,,,,,,34.0,0.0,,,,,,,,ENF_ENFCS05ES,05,,0.16000000000000014,,0.0,,,,,
2021,ENF,CS,ENFCS05ES,20.2,0,0.0,24.0,17.3,24.16,,,,,,,,,,,,,36.0,0.0,,,,,,,,ENF_ENFCS05ES,05,,-6.699999999999999,,0.0,,24.0,0.16000000000000014,0.0,0.0
2022,ENF,CS,ENFCS05ES,20.2,3,0.0,23.0,18.12,17.3,,,,,,,,,,,,,35.0,116.0,,,,,,,,ENF_ENFCS05ES,05,,-4.879999999999999,,116.0,,24.0,-6.699999999999999,0.0,116.0
2023,ENF,CS,ENFCS05ES,20.2,2,0.0,15.2,14.76,18.12,,,,,,,,,,,,,24.0,0.0,,,,,,,,ENF_ENFCS05ES,05,,-0.4399999999999995,,0.0,,23.0,-4.879999999999999,116.0,-116.0
2024,ENF,CS,ENFCS05ES,20.2,3,0.0,19.0,15.02,14.76,,,,,,,,,,,,,0.0,0.0,,,,,,,,ENF_ENFCS05ES,05,,-3.9800000000000004,,0.0,,15.2,-0.4399999999999995,0.0,0.0
2025,ENF,CS,ENFCS05ES,20.2,1,0.0,13.0,10.68,15.02,,,,,,,,,,,,,0.0,0.0,,,,,,,,ENF_ENFCS05ES,05,,-2.3200000000000003,,0.0,,19.0,-3.9800000000000004,0.0,0.0
2020,ENF,CS,ENFCS05NE,25.5,3,0.25,23.0,19.85,,,,,,,,,,,,,,28.0,158.0,,,,,,,,ENF_ENFCS05NE,05,,-3.1499999999999986,,158.0,,,,,
2021,ENF,CS,ENFCS05NE,25.5,0,0.0,28.0,23.28,19.85,,,,,,,,,,,,,33.0,80.0,,,,,,,,ENF_ENFCS05NE,05,,-4.719999999999999,,80.0,,23.0,-3.1499999999999986,158.0,-78.0
2022,ENF,CS,ENFCS05NE,25.5,3,0.0,24.0,33.14,23.28,,,,,,,,,,,,,35.0,109.0,,,,,,,,ENF_ENFCS05NE,05,,9.14,,109.0,,28.0,-4.719999999999999,80.0,29.0
2023,ENF,CS,ENFCS05NE,25.5,2,0.0,19.1,23.6,33.14,,,,,,,,,,,,,26.0,0.0,,,,,,,,ENF_ENFCS05NE,05,,4.5,,0.0,,24.0,9.14,109.0,-109.0
2024,ENF,CS,ENFCS05NE,25.5,3,0.0,25.0,25.6,23.6,,,,,,,,,,,,,0.0,0.0,,,,,,,,ENF_ENFCS05NE,05,,0.6000000000000014,,0.0,,19.1,4.5,0.0,0.0
2025,ENF,CS,ENFCS05NE,25.5,2,0.0,19.0,21.54,25.6,,,,,,,,,,,,,0.0,0.0,,,,,,,,ENF_ENFCS05NE,05,,2.539999999999999,,0.0,,25.0,0.6000000000000014,0.0,0.0
2020,ENF,CS,ENFCS05NW,19.7,2,0.23,19.0,15.23,,,,,,,,,,,,,,32.0,131.0,,,,,,,,ENF_ENFCS05NW,05,,-3.7699999999999996,,131.0,,,,,
2021,ENF,CS,ENFCS05NW,19.7,0,0.0,20.0,15.46,15.23,,,,,,,,,,,,,30.0,0.0,,,,,,,,ENF_ENFCS05NW,05,,-4.539999999999999,,0.0,,19.0,-3.7699999999999996,131.0,-131.0
2022,ENF,CS,ENFCS05NW,19.7,3,0.0,18.0,23.96,15.46,,,,,,,,,,,,,36.0,112.0,,,,,,,,ENF_ENFCS05NW,05,,5.960000000000001,,112.0,,20.0,-4.539999999999999,0.0,112.0
2023,ENF,CS,ENFCS05NW,19.7,1,0.0,14.8,18.16,23.96,,,,,,,,,,,,,28.0,0.0,,,,,,,,ENF_ENFCS05NW,05,,3.3599999999999994,,0.0,,18.0,5.960000000000001,112.0,-112.0
2024,ENF,CS,ENFCS05NW,19.7,2,0.0,18.0,18.06,18.16,,,,,,,,,,,,,0.0,0.0,,,,,,,,ENF_ENFCS05NW,05,,0.05999999999999872,,0.0,,14.8,3.3599999999999994,0.0,0.0
2025,ENF,CS,ENFCS05NW,19.7,1,0.0,16.0,16.3,18.06,,,,,,,,,,,,,0.0,0.0,,,,,,,,ENF_ENFCS05NW,05,,0.3000000000000007,,0.0,,18.0,0.05999999999999872,0.0,0.0
2020,ENF,CS,ENFCS06ME,14.7,3,0.19,12.0,11.19,,,,,,,,,,,,,,33.0,87.0,,,,,,,,ENF_ENFCS06ME,06,,-0.8100000000000005,,87.0,,,,,
2021,ENF,CS,ENFCS06ME,14.7,0,0.0,10.29,7.91,11.19,,,,,,,,,,,,,23.0,58.0,,,,,,,,ENF_ENFCS06ME,06,,-2.379999999999999,,58.0,,12.0,-0.8100000000000005,87.0,-29.0
2022,ENF,CS,ENFCS06ME,14.7,3,0.0,12.0,11.3,7.91,,,,,,,,,,,,,42.0,63.0,,,,,,,,ENF_ENFCS06ME,06,,-0.6999999999999993,,63.0,,10.29,-2.379999999999999,58.0,5.0
2023,ENF,CS,ENFCS06ME,14.7,2,0.0,10.5,5.62,11.3,,,,,,,,,,,,,25.0,0.0,,,,,,,,ENF_ENFCS06ME,06,,-4.88,,0.0,,12.0,-0.6999999999999993,63.0,-63.0
2024,ENF,CS,ENFCS06ME,14.7,2,0.0,9.0,7.98,5.62,,,,,,,,,,,,,0.0,0.0,,,,,,,,ENF_ENFCS06ME,06,,-1.0199999999999996,,0.0,,10.5,-4.88,0.0,0.0
2025,ENF,CS,ENFCS06ME,14.7,1,0.0,9.0,7.48,7.98,,,,,,,,,,,,,0.0,0.0,,,,,,,,ENF_ENFCS06ME,06,,-1.5199999999999996,,0.0,,9.0,-1.0199999999999996,0.0,0.0
2020,ENF,CS,ENFCS06MWZE,8.8,3,0.38,6.0,7.44,,,,,,,,,,,,,,30.0,0.0,,,,,,,,ENF_ENFCS06MWZE,06,,1.4400000000000004,,0.0,,,,,
2021,ENF,CS,ENFCS06MWZE,8.8,0,0.0,6.6,4.74,7.44,,,,,,,,,,,,,25.0,63.0,,,,,,,,ENF_ENFCS06MWZE,06,,-1.8599999999999994,,63.0,,6.0,1.4400000000000004,0.0,63.0
2022,ENF,CS,ENFCS06MWZE,8.8,3,0.0,7.0,7.92,4.74,,,,,,,,,,,,,38.0,68.0,,,,,,,,ENF_ENFCS06MWZE,06,,0.9199999999999999,,68.0,,6.6,-1.8599999999999994,63.0,5.0
2023,ENF,CS,ENFCS06MWZE,8.8,3,0.0,7.4,4.5,7.92,,,,,,,,,,,,,27.0,0.0,,,,,,,,ENF_ENFCS06MWZE,06,,-2.9000000000000004,,0.0,,7.0,0.9199999999999999,68.0,-68.0
2024,ENF,CS,ENFCS06MWZE,8.8,3,0.0,6.0,4.56,4.5,,,,,,,,,,,,,0.0,0.0,,,,,,,,ENF_ENFCS06MWZE,06,,-1.4400000000000004,,0.0,,7.4,-2.9000000000000004,0.0,0.0
2025,ENF,CS,ENFCS06MWZE,8.8,1,0.0,7.0,5.74,4.56,,,,,,,,,,,,,0.0,0.0,,,,,,,,ENF_ENFCS06MWZE,06,,-1.2599999999999998,,0.0,,6.0,-1.4400000000000004,0.0,0.0
2020,ENF,CS,ENFCS06MWZW,10.0,3,0.23,8.0,7.93,,,,,,,,,,,,,,36.0,109.67,,,,,,,,ENF_ENFCS06MWZW,06,,-0.07000000000000028,,109.67,,,,,
2021,ENF,CS,ENFCS06MWZW,10.0,0,0.0,7.5,4.91,7.93,,,,,,,,,,,,,23.0,74.0,,,,,,,,ENF_ENFCS06MWZW,06,,-2.59,,74.0,,8.0,-0.07000000000000028,109.67,-35.67
2022,ENF,CS,ENFCS06MWZW,10.0,3,0.0,8.0,7.6,4.91,,,,,,,,,,,,,38.0,89.0,,,,,,,,ENF_ENFCS06MWZW,06,,-0.40000000000000036,,89.0,,7.5,-2.59,74.0,15.0
2023,ENF,CS,ENFCS06MWZW,10.0,3,0.0,6.9,5.78,7.6,,,,,,,,,,,,,26.0,0.0,,,,,,,,ENF_ENFCS06MWZW,06,,-1.12,,0.0,,8.0,-0.40000000000000036,89.0,-89.0
2024,ENF,CS,ENFCS06MWZW,10.0,3,0.0,7.0,5.46,5.78,,,,,,,,,,,,,0.0,0.0,,,,,,,,ENF_ENFCS06MWZW,06,,-1.54,,0.0,,6.9,-1.12,0.0,0.0
2025,ENF,CS,ENFCS06MWZW,10.0,1,0.0,7.0,5.8,5.46,,,,,,,,,,,,,0.0,0.0,,,,,,,,ENF_ENFCS06MWZW,06,,-1.2000000000000002,,0.0,,7.0,-1.54,0.0,0.0
2020,ENF,CS,ENFCS06NE,7.8,3,0.32,7.0,6.36,,,,,,,,,,,,,,34.0,104.0,,,,,,,,ENF_ENFCS06NE,06,,-0.6399999999999997,,104.0,,,,,
2021,ENF,CS,ENFCS06NE,7.8,0,0.0,6.24,4.67,6.36,,,,,,,,,,,,,23.0,73.0,,,,,,,,ENF_ENFCS06NE,06,,-1.5700000000000003,,73.0,,7.0,-0.6399999999999997,104.0,-31.0
2022,ENF,CS,ENFCS06NE,7.8,3,0.0,7.0,6.96,4.67,,,,,,,,,,,,,40.0,0.0,,,,,,,,ENF_ENFCS06NE,06,,-0.040000000000000036,,0.0,,6.24,-1.5700000000000003,73.0,-73.0
2023,ENF,CS,ENFCS06NE,7.8,3,0.0,6.3,4.46,6.96,,,,,,,,,,,,,28.0,0.0,,,,,,,,ENF_ENFCS06NE,06,,-1.8399999999999999,,0.0,,7.0,-0.040000000000000036,0.0,0.0
2024,ENF,CS,ENFCS06NE,7.8,2,0.0,6.0,4.44,4.46,,,,,,,,,,,,,0.0,0.0,,,,,,,,ENF_ENFCS06NE,06,,-1.5599999999999996,,0.0,,6.3,-1.8399999999999999,0.0,0.0
2025,ENF,CS,ENFCS06NE,7.8,1,0.0,5.0,4.78,4.44,,,,,,,,,,,,,0.0,0.0,,,,,,,,ENF_ENFCS06NE,06,,-0.21999999999999975,,0.0,,6.0,-1.5599999999999996,0.0,0.0
2020,ENF,CS,ENFCS06NM,6.7,3,0.36,6.0,5.49,,,,,,,,,,,,,,36.0,104.0,,,,,,,,ENF_ENFCS06NM,06,,-0.5099999999999998,,104.0,,,,,
2021,ENF,CS,ENFCS06NM,6.7,0,0.0,5.36,3.49,5.49,,,,,,,,,,,,,23.0,76.0,,,,,,,,ENF_ENFCS06NM,06,,-1.87,,76.0,,6.0,-0.5099999999999998,104.0,-28.0
2022,ENF,CS,ENFCS06NM,6.7,3,0.0,5.0,5.84,3.49,,,,,,,,,,,,,43.0,0.0,,,,,,,,ENF_ENFCS06NM,06,,0.8399999999999999,,0.0,,5.36,-1.87,76.0,-76.0
2023,ENF,CS,ENFCS06NM,6.7,3,0.0,5.0,4.42,5.84,,,,,,,,,,,,,24.0,0.0,,,,,,,,ENF_ENFCS06NM,06,,-0.5800000000000001,,0.0,,5.0,0.8399999999999999,0.0,0.0
2024,ENF,CS,ENFCS06NM,6.7,2,0.0,5.0,3.84,4.42,,,,,,,,,,,,,0.0,0.0,,,,,,,,ENF_ENFCS06NM,06,,-1.1600000000000001,,0.0,,5.0,-0.5800000000000001,0.0,0.0
2025,ENF,CS,ENFCS06NM,6.7,1,0.0,3.0,2.7,3.84,,,,,,,,,,,,,0.0,0.0,,,,,,,,ENF_ENFCS06NM,06,,-0.2999999999999998,,0.0,,5.0,-1.1600000000000001,0.0,0.0
2020,ENF,CS,ENFCS06NW,11.4,3,0.28,8.0,8.24,,,,,,,,,,,,,,29.0,104.0,,,,,,,,ENF_ENFCS06NW,06,,0.2400000000000002,,104.0,,,,,
2021,ENF,CS,ENFCS06NW,11.4,0,0.0,7.98,8.1,8.24,,,,,,,,,,,,,23.0,86.0,,,,,,,,ENF_ENFCS06NW,06,,0.11999999999999922,,86.0,,8.0,0.2400000000000002,104.0,-18.0
2022,ENF,CS,ENFCS06NW,11.4,3,0.0,8.0,10.16,8.1,,,,,,,,,,,,,39.0,90.0,,,,,,,,ENF_ENFCS06NW,06,,2.16,,90.0,,7.98,0.11999999999999922,86.0,4.0
2023,ENF,CS,ENFCS06NW,11.4,3,0.0,8.7,8.96,10.16,,,,,,,,,,,,,25.0,0.0,,,,,,,,ENF_ENFCS06NW,06,,0.26000000000000156,,0.0,,8.0,2.16,90.0,-90.0
2024,ENF,CS,ENFCS06NW,11.4,2,0.0,9.0,8.18,8.96,,,,,,,,,,,,,0.0,0.0,,,,,,,,ENF_ENFCS06NW,06,,-0.8200000000000003,,0.0,,8.7,0.26000000000000156,0.0,0.0
2025,ENF,CS,ENFCS06NW,11.4,1,0.0,9.0,7.68,8.18,,,,,,,,,,,,,0.0,0.0,,,,,,,,ENF_ENFCS06NW,06,,-1.3200000000000003,,0.0,,9.0,-0.8200000000000003,0.0,0.0
2020,ENF,CS,ENFCS06S,25.3,3,0.36,26.0,22.14,,,,,,,,,,,,,,37.0,137.5,,,,,,,,ENF_ENFCS06S,06,,-3.8599999999999994,,137.5,,,,,
2021,ENF,CS,ENFCS06S,25.3,0,0.0,21.51,22.22,22.14,,,,,,,,,,,,,28.0,67.0,,,,,,,,ENF_ENFCS06S,06,,0.7099999999999973,,67.0,,26.0,-3.8599999999999994,137.5,-70.5
2022,ENF,CS,ENFCS06S,25.3,3,0.0,23.0,25.24,22.22,,,,,,,,,,,,,41.0,90.0,,,,,,,,ENF_ENFCS06S,06,,2.2399999999999984,,90.0,,21.51,0.7099999999999973,67.0,23.0
2023,ENF,CS,ENFCS06S,25.3,3,0.0,23.1,19.2,25.24,,,,,,,,,,,,,29.0,0.0,,,,,,,,ENF_ENFCS06S,06,,-3.900000000000002,,0.0,,23.0,2.2399999999999984,90.0,-90.0
2024,ENF,CS,ENFCS06S,25.3,2,0.0,22.0,19.56,19.2,,,,,,,,,,,,,0.0,0.0,,,,,,,,ENF_ENFCS06S,06,,-2.4400000000000013,,0.0,,23.1,-3.900000000000002,0.0,0.0
2025,ENF,CS,ENFCS06S,25.3,1,0.0,20.0,21.5,19.56,,,,,,,,,,,,,0.0,0.0,,,,,,,,ENF_ENFCS06S,06,,1.5,,0.0,,22.0,-2.4400000000000013,0.0,0.0
2020,ENF,CS,ENFCS07E,19.8,3,0.22,22.0,21.38,,,,,,,,,,,,,,37.0,136.0,,,,,,,,ENF_ENFCS07E,07,,-0.620000000000001,,136.0,,,,,
2021,ENF,CS,ENFCS07E,19.8,0,0.0,19.15,16.15,21.38,,,,,,,,,,,,,30.0,82.0,,,,,,,,ENF_ENFCS07E,07,,-3.0,,82.0,,22.0,-0.620000000000001,136.0,-54.0
2022,ENF,CS,ENFCS07E,19.8,3,0.0,22.0,18.74,16.15,,,,,,,,,,,,,40.0,0.0,,,,,,,,ENF_ENFCS07E,07,,-3.2600000000000016,,0.0,,19.15,-3.0,82.0,-82.0
2023,ENF,CS,ENFCS07E,19.8,3,0.0,15.8,13.92,18.74,,,,,,,,,,,,,31.0,0.0,,,,,,,,ENF_ENFCS07E,07,,-1.8800000000000008,,0.0,,22.0,-3.2600000000000016,0.0,0.0
2024,ENF,CS,ENFCS07E,19.8,3,0.0,18.0,15.0,13.92,,,,,,,,,,,,,0.0,0.0,,,,,,,,ENF_ENFCS07E,07,,-3.0,,0.0,,15.8,-1.8800000000000008,0.0,0.0
2025,ENF,CS,ENFCS07E,19.8,2,0.0,10.0,11.98,15.0,,,,,,,,,,,,,0.0,0.0,,,,,,,,ENF_ENFCS07E,07,,1.9800000000000004,,0.0,,18.0,-3.0,0.0,0.0
2020,ENF,CS,ENFCS07M,16.6,3,0.32,19.0,19.74,,,,,,,,,,,,,,34.0,133.5,,,,,,,,ENF_ENFCS07M,07,,0.7399999999999984,,133.5,,,,,
2021,ENF,CS,ENFCS07M,16.6,0,0.0,17.5,13.75,19.74,,,,,,,,,,,,,30.0,65.0,,,,,,,,ENF_ENFCS07M,07,,-3.75,,65.0,,19.0,0.7399999999999984,133.5,-68.5
2022,ENF,CS,ENFCS07M,16.6,3,0.0,18.0,18.58,13.75,,,,,,,,,,,,,39.0,0.0,,,,,,,,ENF_ENFCS07M,07,,0.5799999999999983,,0.0,,17.5,-3.75,65.0,-65.0
2023,ENF,CS,ENFCS07M,16.6,3,0.0,13.3,12.32,18.58,,,,,,,,,,,,,32.0,0.0,,,,,,,,ENF_ENFCS07M,07,,-0.9800000000000004,,0.0,,18.0,0.5799999999999983,0.0,0.0
2024,ENF,CS,ENFCS07M,16.6,3,0.0,16.0,11.68,12.32,,,,,,,,,,,,,0.0,0.0,,,,,,,,ENF_ENFCS07M,07,,-4.32,,0.0,,13.3,-0.9800000000000004,0.0,0.0
2025,ENF,CS,ENFCS07M,16.6,2,0.0,10.0,11.94,11.68,,,,,,,,,,,,,0.0,0.0,,,,,,,,ENF_ENFCS07M,07,,1.9399999999999995,,0.0,,16.0,-4.32,0.0,0.0
2020,ENF,CS,ENFCS07S,12.5,3,0.23,15.0,11.56,,,,,,,,,,,,,,40.0,126.5,,,,,,,,ENF_ENFCS07S,07,,-3.4399999999999995,,126.5,,,,,
2021,ENF,CS,ENFCS07S,12.5,0,0.0,12.5,10.97,11.56,,,,,,,,,,,,,28.0,83.0,,,,,,,,ENF_ENFCS07S,07,,-1.5299999999999994,,83.0,,15.0,-3.4399999999999995,126.5,-43.5
2022,ENF,CS,ENFCS07S,12.5,3,0.0,13.0,12.74,10.97,,,,,,,,,,,,,41.0,82.0,,,,,,,,ENF_ENFCS07S,07,,-0.2599999999999998,,82.0,,12.5,-1.5299999999999994,83.0,-1.0
2023,ENF,CS,ENFCS07S,12.5,3,0.0,10.0,9.08,12.74,,,,,,,,,,,,,28.0,0.0,,,,,,,,ENF_ENFCS07S,07,,-0.9199999999999999,,0.0,,13.0,-0.2599999999999998,82.0,-82.0
2024,ENF,CS,ENFCS07S,12.5,3,0.0,11.0,10.12,9.08,,,,,,,,,,,,,0.0,0.0,,,,,,,,ENF_ENFCS07S,07,,-0.8800000000000008,,0.0,,10.0,-0.9199999999999999,0.0,0.0
2025,ENF,CS,ENFCS07S,12.5,1,0.0,9.0,9.98,10.12,,,,,,,,,,,,,0.0,0.0,,,,,,,,ENF_ENFCS07S,07,,0.9800000000000004,,0.0,,11.0,-0.8800000000000008,0.0,0.0
2020,ENF,CS,ENFCS07SE,9.0,3,0.21,12.0,11.24,,,,,,,,,,,,,,42.0,133.0,,,,,,,,ENF_ENFCS07SE,07,,-0.7599999999999998,,133.0,,,,,
2021,ENF,CS,ENFCS07SE,9.0,0,0.0,9.9,7.99,11.24,,,,,,,,,,,,,30.0,66.0,,,,,,,,ENF_ENFCS07SE,07,,-1.9100000000000001,,66.0,,12.0,-0.7599999999999998,133.0,-67.0
2022,ENF,CS,ENFCS07SE,9.0,3,0.0,10.0,10.6,7.99,,,,,,,,,,,,,40.0,74.0,,,,,,,,ENF_ENFCS07SE,07,,0.5999999999999996,,74.0,,9.9,-1.9100000000000001,66.0,8.0
2023,ENF,CS,ENFCS07SE,9.0,3,0.0,8.1,7.4,10.6,,,,,,,,,,,,,30.0,0.0,,,,,,,,ENF_ENFCS07SE,07,,-0.6999999999999993,,0.0,,10.0,0.5999999999999996,74.0,-74.0
2024,ENF,CS,ENFCS07SE,9.0,3,0.0,9.0,6.7,7.4,,,,,,,,,,,,,0.0,0.0,,,,,,,,ENF_ENFCS07SE,07,,-2.3,,0.0,,8.1,-0.6999999999999993,0.0,0.0
2025,ENF,CS,ENFCS07SE,9.0,1,0.0,6.0,9.24,6.7,,,,,,,,,,,,,0.0,0.0,,,,,,,,ENF_ENFCS07SE,07,,3.24,,0.0,,9.0,-2.3,0.0,0.0
2020,ENF,CS,ENFCS07W,24.5,3,0.21,29.0,25.32,,,,,,,,,,,,,,38.0,123.5,,,,,,,,ENF_ENFCS07W,07,,-3.6799999999999997,,123.5,,,,,
2021,ENF,CS,ENFCS07W,24.5,0,0.0,24.5,17.65,25.32,,,,,,,,,,,,,28.0,70.0,,,,,,,,ENF_ENFCS07W,07,,-6.850000000000001,,70.0,,29.0,-3.6799999999999997,123.5,-53.5
2022,ENF,CS,ENFCS07W,24.5,3,0.0,22.0,24.3,17.65,,,,,,,,,,,,,40.0,0.0,,,,,,,,ENF_ENFCS07W,07,,2.3000000000000007,,0.0,,24.5,-6.850000000000001,70.0,-70.0
2023,ENF,CS,ENFCS07W,24.5,2,0.0,19.6,16.52,24.3,,,,,,,,,,,,,27.0,0.0,,,,,,,,ENF_ENFCS07W,07,,-3.080000000000002,,0.0,,22.0,2.3000000000000007,0.0,0.0
2024,ENF,CS,ENFCS07W,24.5,2,0.0,21.0,18.36,16.52,,,,,,,,,,,,,0.0,0.0,,,,,,,,ENF_ENFCS07W,07,,-2.6400000000000006,,0.0,,19.6,-3.080000000000002,0.0,0.0
2025,ENF,CS,ENFCS07W,24.5,1,0.0,17.0,19.68,18.36,,,,,,,,,,,,,0.0,0.0,,,,,,,,ENF_ENFCS07W,07,,2.6799999999999997,,0.0,,21.0,-2.6400000000000006,0.0,0.0
2020,ENZ,CS,ENZCS0422,26.7,3,0.27,39.0,26.11,,GHW,,22,3.0,1.5,222.0,2004.0,ENZ,5.0,NS,950.0,R,37.0,111.0,,,,,,,,ENZ_ENZCS0422,0422,,-12.89,0.0015605493133583022,111.0,1.4059002823047769e-05,,,,
2021,ENZ,CS,ENZCS0422,26.7,0,0.0,26.49,24.62,26.11,GHW,,22,3.0,1.5,222.0,2004.0,ENZ,5.0,NS,950.0,R,29.0,134.0,,,,,,,,ENZ_ENZCS0422,0422,,-1.8699999999999974,0.0012231332456051557,134.0,9.127860041829521e-06,39.0,-12.89,111.0,23.0
2022,ENZ,CS,ENZCS0422,26.7,4,0.0,23.0,21.88,24.62,GHW,,22,3.0,1.5,222.0,2004.0,ENZ,5.0,NS,950.0,R,27.0,88.0,,,,,,,,ENZ_ENZCS0422,0422,,-1.120000000000001,0.0011387792286668692,88.0,1.2940673053032605e-05,26.49,-1.8699999999999974,134.0,-46.0
2023,ENZ,CS,ENZCS0422,26.7,4,0.0,25.0,20.76,21.88,GHW,,22,3.0,1.5,222.0,2004.0,ENZ,5.0,NS,950.0,R,21.0,0.0,,,,,,,,ENZ_ENZCS0422,0422,,-4.239999999999998,0.0008857171778520093,0.0,,23.0,-1.120000000000001,88.0,-88.0
2024,ENZ,CS,ENZCS0422,26.7,4,0.0,23.0,20.04,20.76,GHW,,22,3.0,1.5,222.0,2004.0,ENZ,5.0,NS,950.0,R,25.0,0.0,,,,,,,,ENZ_ENZCS0422,0422,,-2.960000000000001,0.0010544252117285825,0.0,,25.0,-4.239999999999998,0.0,0.0
2025,ENZ,CS,ENZCS0422,26.7,4,0.0,20.0,16.18,20.04,GHW,,22,3.0,1.5,222.0,2004.0,ENZ,5.0,NS,950.0,R,0.0,0.0,,,,,,,,ENZ_ENZCS0422,0422,,-3.8200000000000003,0.0,0.0,,23.0,-2.960000000000001,0.0,0.0
2020,ENZ,CS,ENZCS0423,26.6,3,0.28,35.0,24.13,,GHW,,23,3.0,1.5,222.0,2004.0,ENZ,5.0,NS,950.0,R,35.0,121.0,,,,,,,,ENZ_ENZCS0423,0423,,-10.870000000000001,0.0014817449027975341,121.0,1.2245825642954827e-05,,,,
2021,ENZ,CS,ENZCS0423,26.6,0,0.0,26.58,17.32,24.13,GHW,,23,3.0,1.5,222.0,2004.0,ENZ,5.0,NS,950.0,R,29.0,0.0,,,,,,,,ENZ_ENZCS0423,0423,,-9.259999999999998,0.0012277314908893855,0.0,,35.0,-10.870000000000001,121.0,-121.0
2022,ENZ,CS,ENZCS0423,26.6,4,0.0,20.0,22.84,17.32,GHW,,23,3.0,1.5,222.0,2004.0,ENZ,5.0,NS,950.0,R,26.0,89.0,,,,,,,,ENZ_ENZCS0423,0423,,2.84,0.0011007247849353112,89.0,1.2367694212756305e-05,26.58,-9.259999999999998,0.0,89.0
2023,ENZ,CS,ENZCS0423,26.6,4,0.0,23.2,21.36,22.84,GHW,,23,3.0,1.5,222.0,2004.0,ENZ,5.0,NS,950.0,R,19.0,0.0,,,,,,,,ENZ_ENZCS0423,0423,,-1.8399999999999999,0.0008043758043758043,0.0,,20.0,2.84,89.0,-89.0
2024,ENZ,CS,ENZCS0423,26.6,4,0.0,21.0,17.56,21.36,GHW,,23,3.0,1.5,222.0,2004.0,ENZ,5.0,NS,950.0,R,18.0,0.0,,,,,,,,ENZ_ENZCS0423,0423,,-3.4400000000000013,0.0007620402357244461,0.0,,23.2,-1.8399999999999999,0.0,0.0
2025,ENZ,CS,ENZCS0423,26.6,4,0.0,17.0,16.76,17.56,GHW,,23,3.0,1.5,222.0,2004.0,ENZ,5.0,NS,950.0,R,0.0,0.0,,,,,,,,ENZ_ENZCS0423,0423,,-0.23999999999999844,0.0,0.0,,21.0,-3.4400000000000013,0.0,0.0
2020,ENZ,CS,ENZCS06N,13.6,4,0.29,14.0,14.8,,GHW,101/14,GOLAN,3.0,1.5,222.0,2006.0,ENZ,65.0,EW,960.0,R,37.0,109.0,,,,,,,,ENZ_ENZCS06N,06,,0.8000000000000007,0.003063725490196079,109.0,2.8107573304551182e-05,,,,
2021,ENZ,CS,ENZCS06N,13.6,0,0.0,12.82,13.27,14.8,GHW,101/14,GOLAN,3.0,1.5,222.0,2006.0,ENZ,65.0,EW,960.0,R,36.0,0.0,,,,,,,,ENZ_ENZCS06N,06,,0.4499999999999993,0.0029809220985691576,0.0,,14.0,0.8000000000000007,109.0,-109.0
2022,ENZ,CS,ENZCS06N,13.6,4,0.0,12.0,9.66,13.27,GHW,101/14,GOLAN,3.0,1.5,222.0,2006.0,ENZ,65.0,EW,960.0,R,32.0,76.0,,,,,,,,ENZ_ENZCS06N,06,,-2.34,0.002649708532061473,76.0,3.486458594817728e-05,12.82,0.4499999999999993,0.0,76.0
2023,ENZ,CS,ENZCS06N,13.6,4,0.0,12.0,8.64,9.66,GHW,101/14,GOLAN,3.0,1.5,222.0,2006.0,ENZ,65.0,EW,960.0,R,21.0,0.0,,,,,,,,ENZ_ENZCS06N,06,,-3.3599999999999994,0.001738871224165342,0.0,,12.0,-2.34,76.0,-76.0
2024,ENZ,CS,ENZCS06N,13.6,4,0.0,12.0,6.96,8.64,GHW,101/14,GOLAN,3.0,1.5,222.0,2006.0,ENZ,65.0,EW,960.0,R,23.0,0.0,,,,,,,,ENZ_ENZCS06N,06,,-5.04,0.001904478007419184,0.0,,12.0,-3.3599999999999994,0.0,0.0
2025,ENZ,CS,ENZCS06N,13.6,4,0.0,8.0,7.86,6.96,GHW,101/14,GOLAN,3.0,1.5,222.0,2006.0,ENZ,65.0,EW,960.0,R,0.0,0.0,,,,,,,,ENZ_ENZCS06N,06,,-0.13999999999999968,0.0,0.0,,12.0,-5.04,0.0,0.0
2020,ENZ,CS,ENZCS06S,15.6,4,0.28,12.0,11.91,,GHW,101/14,GOLAN,3.0,1.5,222.0,2006.0,ENZ,65.0,EW,960.0,R,36.0,101.0,,,,,,,,ENZ_ENZCS06S,06,,-0.08999999999999986,0.002598752598752599,101.0,2.5730223750025733e-05,,,,
2021,ENZ,CS,ENZCS06S,15.6,0,0.0,13.71,13.67,11.91,GHW,101/14,GOLAN,3.0,1.5,222.0,2006.0,ENZ,65.0,EW,960.0,R,37.0,110.0,,,,,,,,ENZ_ENZCS06S,06,,-0.040000000000000924,0.002670940170940171,110.0,2.428127428127428e-05,12.0,-0.08999999999999986,101.0,9.0
2022,ENZ,CS,ENZCS06S,15.6,4,0.0,12.0,9.42,13.67,GHW,101/14,GOLAN,3.0,1.5,222.0,2006.0,ENZ,65.0,EW,960.0,R,26.0,95.0,,,,,,,,ENZ_ENZCS06S,06,,-2.58,0.001876876876876877,95.0,1.975659870396713e-05,13.71,-0.040000000000000924,110.0,-15.0
2023,ENZ,CS,ENZCS06S,15.6,4,0.0,10.8,8.22,9.42,GHW,101/14,GOLAN,3.0,1.5,222.0,2006.0,ENZ,65.0,EW,960.0,R,20.0,0.0,,,,,,,,ENZ_ENZCS06S,06,,-2.58,0.0014437514437514439,0.0,,12.0,-2.58,95.0,-95.0
2024,ENZ,CS,ENZCS06S,15.6,4,0.0,11.0,7.7,8.22,GHW,101/14,GOLAN,3.0,1.5,222.0,2006.0,ENZ,65.0,EW,960.0,R,22.0,0.0,,,,,,,,ENZ_ENZCS06S,06,,-3.3,0.0015881265881265883,0.0,,10.8,-2.58,0.0,0.0
2025,ENZ,CS,ENZCS06S,15.6,4,0.0,11.0,7.9,7.7,GHW,101/14,GOLAN,3.0,1.5,222.0,2006.0,ENZ,65.0,EW,960.0,R,0.0,0.0,,,,,,,,ENZ_ENZCS06S,06,,-3.0999999999999996,0.0,0.0,,11.0,-3.3,0.0,0.0
2020,ENZ,CS,ENZCS06W,17.6,4,0.29,16.0,10.67,,GHW,101/14,GOLAN,3.0,1.5,222.0,2006.0,ENZ,65.0,EW,960.0,R,40.0,117.0,,,,,,,,ENZ_ENZCS06W,06,,-5.33,0.0025593775593775593,117.0,2.1875021875021874e-05,,,,
2021,ENZ,CS,ENZCS06W,17.6,0,0.0,12.97,13.57,10.67,GHW,101/14,GOLAN,3.0,1.5,222.0,2006.0,ENZ,65.0,EW,960.0,R,35.0,0.0,,,,,,,,ENZ_ENZCS06W,06,,0.5999999999999996,0.0022394553644553643,0.0,,16.0,-5.33,117.0,-117.0
2022,ENZ,CS,ENZCS06W,17.6,4,0.0,12.0,12.76,13.57,GHW,101/14,GOLAN,3.0,1.5,222.0,2006.0,ENZ,65.0,EW,960.0,R,31.0,95.0,,,,,,,,ENZ_ENZCS06W,06,,0.7599999999999998,0.0019835176085176084,95.0,2.0879132721237983e-05,12.97,0.5999999999999996,0.0,95.0
2023,ENZ,CS,ENZCS06W,17.6,4,0.0,12.1,13.0,12.76,GHW,101/14,GOLAN,3.0,1.5,222.0,2006.0,ENZ,65.0,EW,960.0,R,20.0,0.0,,,,,,,,ENZ_ENZCS06W,06,,0.9000000000000004,0.0012796887796887796,0.0,,12.0,0.7599999999999998,95.0,-95.0
2024,ENZ,CS,ENZCS06W,17.6,4,0.0,13.0,11.82,13.0,GHW,101/14,GOLAN,3.0,1.5,222.0,2006.0,ENZ,65.0,EW,960.0,R,29.0,0.0,,,,,,,,ENZ_ENZCS06W,06,,-1.1799999999999997,0.0018555487305487305,0.0,,12.1,0.9000000000000004,0.0,0.0
2025,ENZ,CS,ENZCS06W,17.6,4,0.0,11.0,10.84,11.82,GHW,101/14,GOLAN,3.0,1.5,222.0,2006.0,ENZ,65.0,EW,960.0,R,0.0,0.0,,,,,,,,ENZ_ENZCS06W,06,,-0.16000000000000014,0.0,0.0,,13.0,-1.1799999999999997,0.0,0.0
2020,ENZ,CS,ENZCS09338SE,9.0,4,0.33,12.0,12.54,,GHW,SO4,338,3.0,1.5,222.0,2009.0,ENZ,62.0,EW,957.0,R,38.0,139.0,,,,,,,,ENZ_ENZCS09338SE,0933,,0.5399999999999991,0.004754754754754755,139.0,3.420686873924284e-05,,,,
2021,ENZ,CS,ENZCS09338SE,9.0,0,0.0,11.7,11.29,12.54,GHW,SO4,338,3.0,1.5,222.0,2009.0,ENZ,62.0,EW,957.0,R,66.0,182.0,,,,,,,,ENZ_ENZCS09338SE,0933,,-0.41000000000000014,0.008258258258258258,182.0,4.5375045375045374e-05,12.0,0.5399999999999991,139.0,43.0
2022,ENZ,CS,ENZCS09338SE,9.0,4,0.0,11.0,11.12,11.29,GHW,SO4,338,3.0,1.5,222.0,2009.0,ENZ,62.0,EW,957.0,R,30.0,117.0,,,,,,,,ENZ_ENZCS09338SE,0933,,0.11999999999999922,0.0037537537537537537,117.0,3.208336541669875e-05,11.7,-0.41000000000000014,182.0,-65.0
2023,ENZ,CS,ENZCS09338SE,9.0,4,0.0,11.2,6.82,11.12,GHW,SO4,338,3.0,1.5,222.0,2009.0,ENZ,62.0,EW,957.0,R,20.0,0.0,,,,,,,,ENZ_ENZCS09338SE,0933,,-4.379999999999999,0.0025025025025025025,0.0,,11.0,0.11999999999999922,117.0,-117.0
2024,ENZ,CS,ENZCS09338SE,9.0,4,0.0,12.0,8.3,6.82,GHW,SO4,338,3.0,1.5,222.0,2009.0,ENZ,62.0,EW,957.0,R,25.0,0.0,,,,,,,,ENZ_ENZCS09338SE,0933,,-3.6999999999999993,0.0031281281281281283,0.0,,11.2,-4.379999999999999,0.0,0.0
2025,ENZ,CS,ENZCS09338SE,9.0,4,0.0,8.0,8.28,8.3,GHW,SO4,338,3.0,1.5,222.0,2009.0,ENZ,62.0,EW,957.0,R,0.0,0.0,,,,,,,,ENZ_ENZCS09338SE,0933,,0.27999999999999936,0.0,0.0,,12.0,-3.6999999999999993,0.0,0.0
2020,ENZ,CS,ENZCS09338SW,15.6,4,0.0,22.0,21.15,,GHW,SO4,338,3.0,1.5,222.0,2009.0,ENZ,62.0,EW,957.0,R,39.0,0.0,,,,,,,,ENZ_ENZCS09338SW,0933,,-0.8500000000000014,0.0028153153153153156,0.0,,,,,
2021,ENZ,CS,ENZCS09338SW,15.6,0,0.0,18.94,20.75,21.15,GHW,SO4,338,3.0,1.5,222.0,2009.0,ENZ,62.0,EW,957.0,R,33.0,0.0,,,,,,,,ENZ_ENZCS09338SW,0933,,1.8099999999999987,0.002382189882189882,0.0,,22.0,-0.8500000000000014,0.0,0.0
2022,ENZ,CS,ENZCS09338SW,15.6,0,0.0,19.0,17.76,20.75,GHW,SO4,338,3.0,1.5,222.0,2009.0,ENZ,62.0,EW,957.0,R,28.0,0.0,,,,,,,,ENZ_ENZCS09338SW,0933,,-1.2399999999999984,0.0020212520212520213,0.0,,18.94,1.8099999999999987,0.0,0.0
2023,ENZ,CS,ENZCS09338SW,15.6,4,0.0,19.2,12.26,17.76,GHW,SO4,338,3.0,1.5,222.0,2009.0,ENZ,62.0,EW,957.0,R,22.0,0.0,,,,,,,,ENZ_ENZCS09338SW,0933,,-6.9399999999999995,0.0015881265881265883,0.0,,19.0,-1.2399999999999984,0.0,0.0
2024,ENZ,CS,ENZCS09338SW,15.6,4,0.0,20.0,16.6,12.26,GHW,SO4,338,3.0,1.5,222.0,2009.0,ENZ,62.0,EW,957.0,R,27.0,0.0,,,,,,,,ENZ_ENZCS09338SW,0933,,-3.3999999999999986,0.0019490644490644492,0.0,,19.2,-6.9399999999999995,0.0,0.0
2025,ENZ,CS,ENZCS09338SW,15.6,4,0.0,14.0,11.44,16.6,GHW,SO4,338,3.0,1.5,222.0,2009.0,ENZ,62.0,EW,957.0,R,0.0,0.0,,,,,,,,ENZ_ENZCS09338SW,0933,,-2.5600000000000005,0.0,0.0,,20.0,-3.3999999999999986,0.0,0.0
2020,ENZ,CS,ENZCS09338SWF,0.0,0,0.34,0.0,0.0,,,,,,,,,,,,,,0.0,160.0,,,,,,,,ENZ_ENZCS09338SWF,0933,,0.0,,160.0,,,,,
2021,ENZ,CS,ENZCS09338SWF,0.0,0,0.0,0.0,0.0,0.0,,,,,,,,,,,,,0.0,0.0,,,,,,,,ENZ_ENZCS09338SWF,0933,,0.0,,0.0,,0.0,0.0,160.0,-160.0
2022,ENZ,CS,ENZCS09338SWF,0.0,4,0.0,0.0,0.0,0.0,,,,,,,,,,,,,0.0,100.0,,,,,,,,ENZ_ENZCS09338SWF,0933,,0.0,,100.0,,0.0,0.0,0.0,100.0
2023,ENZ,CS,ENZCS09338SWF,0.0,0,0.0,0.0,0.0,0.0,,,,,,,,,,,,,0.0,0.0,,,,,,,,ENZ_ENZCS09338SWF,0933,,0.0,,0.0,,0.0,0.0,100.0,-100.0
2024,ENZ,CS,ENZCS09338SWF,0.0,0,0.0,0.0,0.0,0.0,,,,,,,,,,,,,0.0,0.0,,,,,,,,ENZ_ENZCS09338SWF,0933,,0.0,,0.0,,0.0,0.0,0.0,0.0
2025,ENZ,CS,ENZCS09338SWF,0.0,0,0.0,0.0,0.0,0.0,,,,,,,,,,,,,0.0,0.0,,,,,,,,ENZ_ENZCS09338SWF,0933,,0.0,,0.0,,0.0,0.0,0.0,0.0
2020,ENZ,CS,ENZCS09338SWI,0.0,0,0.34,0.0,0.0,,,,,,,,,,,,,,0.0,0.0,,,,,,,,ENZ_ENZCS09338SWI,0933,,0.0,,0.0,,,,,
2021,ENZ,CS,ENZCS09338SWI,0.0,0,0.0,0.0,0.0,0.0,,,,,,,,,,,,,0.0,0.0,,,,,,,,ENZ_ENZCS09338SWI,0933,,0.0,,0.0,,0.0,0.0,0.0,0.0
2022,ENZ,CS,ENZCS09338SWI,0.0,0,0.0,0.0,0.0,0.0,,,,,,,,,,,,,0.0,130.0,,,,,,,,ENZ_ENZCS09338SWI,0933,,0.0,,130.0,,0.0,0.0,0.0,130.0
2023,ENZ,CS,ENZCS09338SWI,0.0,0,0.0,0.0,0.0,0.0,,,,,,,,,,,,,0.0,0.0,,,,,,,,ENZ_ENZCS09338SWI,0933,,0.0,,0.0,,0.0,0.0,130.0,-130.0
2024,ENZ,CS,ENZCS09338SWI,0.0,0,0.0,0.0,0.0,0.0,,,,,,,,,,,,,0.0,0.0,,,,,,,,ENZ_ENZCS09338SWI,0933,,0.0,,0.0,,0.0,0.0,0.0,0.0
2025,ENZ,CS,ENZCS09338SWI,0.0,0,0.0,0.0,0.0,0.0,,,,,,,,,,,,,0.0,0.0,,,,,,,,ENZ_ENZCS09338SWI,0933,,0.0,,0.0,,0.0,0.0,0.0,0.0
2020,ENZ,CS,ENZCS1906S,7.0,0,0.0,0.0,0.0,,GHW,SO4,06,2.5,1.5,267.0,2019.0,ENZ,112.0,EW,964.0,R,0.0,0.0,,,,,,,,ENZ_ENZCS1906S,1906,,0.0,0.0,0.0,,,,,
2021,ENZ,CS,ENZCS1906S,7.0,0,0.0,0.0,0.0,0.0,GHW,SO4,06,2.5,1.5,267.0,2019.0,ENZ,112.0,EW,964.0,R,0.0,0.0,,,,,,,,ENZ_ENZCS1906S,1906,,0.0,0.0,0.0,,0.0,0.0,0.0,0.0
2022,ENZ,CS,ENZCS1906S,7.0,0,0.0,4.0,2.99,0.0,GHW,SO4,06,2.5,1.5,267.0,2019.0,ENZ,112.0,EW,964.0,R,0.0,90.0,,,,,,,,ENZ_ENZCS1906S,1906,,-1.0099999999999998,0.0,90.0,0.0,0.0,0.0,0.0,90.0
2023,ENZ,CS,ENZCS1906S,7.0,4,0.0,3.0,3.1,2.99,GHW,SO4,06,2.5,1.5,267.0,2019.0,ENZ,112.0,EW,964.0,R,0.0,0.0,,,,,,,,ENZ_ENZCS1906S,1906,,0.10000000000000009,0.0,0.0,,4.0,-1.0099999999999998,90.0,-90.0
2024,ENZ,CS,ENZCS1906S,7.0,4,0.0,5.0,4.88,3.1,GHW,SO4,06,2.5,1.5,267.0,2019.0,ENZ,112.0,EW,964.0,R,25.0,0.0,,,,,,,,ENZ_ENZCS1906S,1906,,-0.1200000000000001,0.0033440342429106474,0.0,,3.0,0.10000000000000009,0.0,0.0
2025,ENZ,CS,ENZCS1906S,7.0,4,0.0,5.0,4.62,4.88,GHW,SO4,06,2.5,1.5,267.0,2019.0,ENZ,112.0,EW,964.0,R,0.0,0.0,,,,,,,,ENZ_ENZCS1906S,1906,,-0.3799999999999999,0.0,0.0,,5.0,-0.1200000000000001,0.0,0.0
2020,ENZ,CS,ENZCS19412R,7.33,0,0.0,0.0,0.0,,,,,,,,,,,,,,,,,,,,,,,ENZ_ENZCS19412R,1941,,0.0,,,,,,,
2021,ENZ,CS,ENZCS19412R,7.33,0,0.0,0.0,0.0,0.0,,,,,,,,,,,,,,,,,,,,,,ENZ_ENZCS19412R,1941,,0.0,,,,0.0,0.0,,
2022,ENZ,CS,ENZCS19412R,7.33,0,0.0,0.0,0.0,0.0,,,,,,,,,,,,,,,,,,,,,,ENZ_ENZCS19412R,1941,,0.0,,,,0.0,0.0,,
2020,ENZ,CS,ENZCS19412RE,7.27,0,0.0,0.0,0.0,,GHW,R110,412,2.5,1.5,267.0,2019.0,ENZ,112.0,EW,963.0,R,0.0,0.0,,,,,,,,ENZ_ENZCS19412RE,1941,,0.0,0.0,0.0,,,,,
2021,ENZ,CS,ENZCS19412RE,7.27,0,0.0,0.0,0.0,0.0,GHW,R110,412,2.5,1.5,267.0,2019.0,ENZ,112.0,EW,963.0,R,0.0,0.0,,,,,,,,ENZ_ENZCS19412RE,1941,,0.0,0.0,0.0,,0.0,0.0,0.0,0.0
2022,ENZ,CS,ENZCS19412RE,7.27,0,0.0,4.0,2.06,0.0,GHW,R110,412,2.5,1.5,267.0,2019.0,ENZ,112.0,EW,963.0,R,0.0,101.0,,,,,,,,ENZ_ENZCS19412RE,1941,,-1.94,0.0,101.0,0.0,0.0,0.0,0.0,101.0
2023,ENZ,CS,ENZCS19412RE,7.27,4,0.0,2.1,3.06,2.06,GHW,R110,412,2.5,1.5,267.0,2019.0,ENZ,112.0,EW,963.0,R,0.0,0.0,,,,,,,,ENZ_ENZCS19412RE,1941,,0.96,0.0,0.0,,4.0,-1.94,101.0,-101.0
2024,ENZ,CS,ENZCS19412RE,7.27,4,0.0,5.0,4.94,3.06,GHW,R110,412,2.5,1.5,267.0,2019.0,ENZ,112.0,EW,963.0,R,17.0,0.0,,,,,,,,ENZ_ENZCS19412RE,1941,,-0.05999999999999961,0.0021894914712867514,0.0,,2.1,0.96,0.0,0.0
2025,ENZ,CS,ENZCS19412RE,7.27,4,0.0,5.0,4.94,4.94,GHW,R110,412,2.5,1.5,267.0,2019.0,ENZ,112.0,EW,963.0,R,0.0,0.0,,,,,,,,ENZ_ENZCS19412RE,1941,,-0.05999999999999961,0.0,0.0,,5.0,-0.05999999999999961,0.0,0.0
2020,ENZ,CS,ENZCS19412RW,10.61,0,0.0,0.0,0.0,,GHW,R110,412,2.5,1.5,267.0,2019.0,ENZ,112.0,EW,960.0,R,0.0,0.0,,,,,,,,ENZ_ENZCS19412RW,1941,,0.0,0.0,0.0,,,,,
2021,ENZ,CS,ENZCS19412RW,10.61,0,0.0,0.0,0.0,0.0,GHW,R110,412,2.5,1.5,267.0,2019.0,ENZ,112.0,EW,960.0,R,0.0,0.0,,,,,,,,ENZ_ENZCS19412RW,1941,,0.0,0.0,0.0,,0.0,0.0,0.0,0.0
2022,ENZ,CS,ENZCS19412RW,10.61,0,0.0,2.0,4.5,0.0,GHW,R110,412,2.5,1.5,267.0,2019.0,ENZ,112.0,EW,960.0,R,19.0,104.0,,,,,,,,ENZ_ENZCS19412RW,1941,,2.5,0.0016767447853237177,104.0,1.6122546012728055e-05,0.0,0.0,0.0,104.0
2023,ENZ,CS,ENZCS19412RW,10.61,4,0.0,4.5,2.66,4.5,GHW,R110,412,2.5,1.5,267.0,2019.0,ENZ,112.0,EW,960.0,R,0.0,0.0,,,,,,,,ENZ_ENZCS19412RW,1941,,-1.8399999999999999,0.0,0.0,,2.0,2.5,104.0,-104.0
2024,ENZ,CS,ENZCS19412RW,10.61,4,0.0,7.0,9.2,2.66,GHW,R110,412,2.5,1.5,267.0,2019.0,ENZ,112.0,EW,960.0,R,0.0,0.0,,,,,,,,ENZ_ENZCS19412RW,1941,,2.1999999999999993,0.0,0.0,,4.5,-1.8399999999999999,0.0,0.0
2025,ENZ,CS,ENZCS19412RW,10.61,4,0.0,8.0,10.28,9.2,GHW,R110,412,2.5,1.5,267.0,2019.0,ENZ,112.0,EW,960.0,R,0.0,0.0,,,,,,,,ENZ_ENZCS19412RW,1941,,2.2799999999999994,0.0,0.0,,7.0,2.1999999999999993,0.0,0.0
2023,ENZ,CS,ENZCS23412SE,9.0,0,0.0,0.0,0.0,,GHW,SO4,412,3.0,1.5,222.0,2023.0,ENZ,33.0,NS,965.0,R,0.0,0.0,,,,,,,,ENZ_ENZCS23412SE,2341,,0.0,0.0,0.0,,,,,
2024,ENZ,CS,ENZCS23412SE,9.0,0,0.0,0.0,0.0,0.0,GHW,SO4,412,3.0,1.5,222.0,2023.0,ENZ,33.0,NS,965.0,R,0.0,0.0,,,,,,,,ENZ_ENZCS23412SE,2341,,0.0,0.0,0.0,,0.0,0.0,0.0,0.0
2025,ENZ,CS,ENZCS23412SE,9.0,0,0.0,0.0,0.0,0.0,GHW,SO4,412,3.0,1.5,222.0,2023.0,ENZ,33.0,NS,965.0,R,0.0,0.0,,,,,,,,ENZ_ENZCS23412SE,2341,,0.0,0.0,0.0,,0.0,0.0,0.0,0.0
2023,ENZ,CS,ENZCS23412SW,9.14,0,0.0,0.0,0.0,,GHW,SO4,412,3.0,1.5,222.0,2023.0,ENZ,33.0,NS,970.0,R,0.0,0.0,,,,,,,,ENZ_ENZCS23412SW,2341,,0.0,0.0,0.0,,,,,
2024,ENZ,CS,ENZCS23412SW,9.14,0,0.0,0.0,0.0,0.0,GHW,SO4,412,3.0,1.5,222.0,2023.0,ENZ,33.0,NS,970.0,R,0.0,0.0,,,,,,,,ENZ_ENZCS23412SW,2341,,0.0,0.0,0.0,,0.0,0.0,0.0,0.0
2025,ENZ,CS,ENZCS23412SW,9.14,0,0.0,0.0,0.0,0.0,GHW,SO4,412,3.0,1.5,222.0,2023.0,ENZ,33.0,NS,970.0,R,0.0,0.0,,,,,,,,ENZ_ENZCS23412SW,2341,,0.0,0.0,0.0,,0.0,0.0,0.0,0.0
2022,EVM,CS,EVMCS09-1,6.5,0,0.0,0.0,0.0,,,,,,,,,,,,,,0.0,130.67,,,,,,,,EVM_EVMCS09-1,09,,0.0,,130.67,,,,,
2023,EVM,CS,EVMCS09-1,6.5,0,0.0,0.0,0.0,0.0,,,,,,,,,,,,,0.0,0.0,,,,,,,,EVM_EVMCS09-1,09,,0.0,,0.0,,0.0,0.0,130.67,-130.67
2022,EVM,CS,EVMCS09-2,20.0,0,0.0,0.0,0.0,,,,,,,,,,,,,,0.0,140.33,,,,,,,,EVM_EVMCS09-2,09,,0.0,,140.33,,,,,
2023,EVM,CS,EVMCS09-2,20.0,0,0.0,0.0,0.0,0.0,,,,,,,,,,,,,0.0,0.0,,,,,,,,EVM_EVMCS09-2,09,,0.0,,0.0,,0.0,0.0,140.33,-140.33
2022,EVM,CS,EVMCS09-3,6.5,0,0.0,0.0,0.0,,,,,,,,,,,,,,0.0,120.67,,,,,,,,EVM_EVMCS09-3,09,,0.0,,120.67,,,,,
2023,EVM,CS,EVMCS09-3,6.5,0,0.0,0.0,0.0,0.0,,,,,,,,,,,,,0.0,0.0,,,,,,,,EVM_EVMCS09-3,09,,0.0,,0.0,,0.0,0.0,120.67,-120.67
2022,EVM,CS,EVMCS09-3+4,13.0,0,0.0,0.0,15.86,,,,,,,,,,,,,,0.0,0.0,,,,,,,,EVM_EVMCS09-3+4,09,,15.86,,0.0,,,,,
2023,EVM,CS,EVMCS09-3+4,13.0,0,0.0,0.0,0.0,15.86,,,,,,,,,,,,,0.0,0.0,,,,,,,,EVM_EVMCS09-3+4,09,,0.0,,0.0,,0.0,15.86,0.0,0.0
2022,EVM,CS,EVMCS09-4,6.5,0,0.0,0.0,0.0,,,,,,,,,,,,,,0.0,140.0,,,,,,,,EVM_EVMCS09-4,09,,0.0,,140.0,,,,,
2023,EVM,CS,EVMCS09-4,6.5,0,0.0,0.0,0.0,0.0,,,,,,,,,,,,,0.0,0.0,,,,,,,,EVM_EVMCS09-4,09,,0.0,,0.0,,0.0,0.0,140.0,-140.0
2022,EVM,CS,EVMCS091+2,26.5,0,0.0,0.0,29.54,,,,,,,,,,,,,,0.0,0.0,,,,,,,,EVM_EVMCS091+2,091,,29.54,,0.0,,,,,
2023,EVM,CS,EVMCS091+2,26.5,0,0.0,0.0,0.0,29.54,,,,,,,,,,,,,0.0,0.0,,,,,,,,EVM_EVMCS091+2,091,,0.0,,0.0,,0.0,29.54,0.0,0.0
2020,GSH,CS,GSHCS00W,32.7,2,0.28,28.0,28.24,,,,,,,,,,,,,,29.0,406.0,,,,,,,,GSH_GSHCS00W,00,,0.23999999999999844,,406.0,,,,,
2021,GSH,CS,GSHCS00W,32.7,0,0.0,29.43,19.91,28.24,,,,,,,,,,,,,16.0,0.0,,,,,,,,GSH_GSHCS00W,00,,-9.52,,0.0,,28.0,0.23999999999999844,406.0,-406.0
2022,GSH,CS,GSHCS00W,32.7,2,0.0,29.0,26.42,19.91,,,,,,,,,,,,,0.0,108.0,,,,,,,,GSH_GSHCS00W,00,,-2.5799999999999983,,108.0,,29.43,-9.52,0.0,108.0
2023,GSH,CS,GSHCS00W,32.7,0,0.0,0.0,0.0,26.42,,,,,,,,,,,,,0.0,0.0,,,,,,,,GSH_GSHCS00W,00,,0.0,,0.0,,29.0,-2.5799999999999983,108.0,-108.0
2020,GSH,CS,GSHCS03,43.2,2,0.25,36.0,48.79,,,,,,,,,,,,,,34.0,340.0,,,,,,,,GSH_GSHCS03,03,,12.79,,340.0,,,,,
2021,GSH,CS,GSHCS03,43.2,0,0.0,43.2,36.09,48.79,,,,,,,,,,,,,24.0,0.0,,,,,,,,GSH_GSHCS03,03,,-7.109999999999999,,0.0,,36.0,12.79,340.0,-340.0
2022,GSH,CS,GSHCS03,43.2,2,0.0,43.0,46.42,36.09,,,,,,,,,,,,,0.0,95.0,,,,,,,,GSH_GSHCS03,03,,3.4200000000000017,,95.0,,43.2,-7.109999999999999,0.0,95.0
2023,GSH,CS,GSHCS03,43.2,1,0.0,43.6,35.76,46.42,,,,,,,,,,,,,21.0,0.0,,,,,,,,GSH_GSHCS03,03,,-7.840000000000003,,0.0,,43.0,3.4200000000000017,95.0,-95.0
2024,GSH,CS,GSHCS03,43.2,1,0.0,42.0,29.82,35.76,,,,,,,,,,,,,22.0,0.0,,,,,,,,GSH_GSHCS03,03,,-12.18,,0.0,,43.6,-7.840000000000003,0.0,0.0
2020,GSH,CS,GSHCS04NE,19.4,2,0.25,27.0,30.28,,,,,,,,,,,,,,31.0,220.0,,,,,,,,GSH_GSHCS04NE,04,,3.280000000000001,,220.0,,,,,
2021,GSH,CS,GSHCS04NE,19.4,0,0.0,28.7,17.9,30.28,,,,,,,,,,,,,39.0,0.0,,,,,,,,GSH_GSHCS04NE,04,,-10.8,,0.0,,27.0,3.280000000000001,220.0,-220.0
2022,GSH,CS,GSHCS04NE,19.4,2,0.0,36.0,28.26,17.9,,,,,,,,,,,,,46.0,128.0,,,,,,,,GSH_GSHCS04NE,04,,-7.739999999999998,,128.0,,28.7,-10.8,0.0,128.0
2023,GSH,CS,GSHCS04NE,19.4,1,0.0,26.6,20.64,28.26,,,,,,,,,,,,,27.0,0.0,,,,,,,,GSH_GSHCS04NE,04,,-5.960000000000001,,0.0,,36.0,-7.739999999999998,128.0,-128.0
2024,GSH,CS,GSHCS04NE,19.4,2,0.0,24.0,15.94,20.64,,,,,,,,,,,,,28.0,0.0,,,,,,,,GSH_GSHCS04NE,04,,-8.06,,0.0,,26.6,-5.960000000000001,0.0,0.0
2025,GSH,CS,GSHCS04NE,19.4,1,0.0,14.0,8.34,15.94,,,,,,,,,,,,,0.0,0.0,,,,,,,,GSH_GSHCS04NE,04,,-5.66,,0.0,,24.0,-8.06,0.0,0.0
2020,GSH,CS,GSHCS04NWE,19.5,2,0.2,10.0,9.91,,,,,,,,,,,,,,31.0,162.0,,,,,,,,GSH_GSHCS04NWE,04,,-0.08999999999999986,,162.0,,,,,
2021,GSH,CS,GSHCS04NWE,19.5,0,0.0,10.09,17.52,9.91,,,,,,,,,,,,,32.0,0.0,,,,,,,,GSH_GSHCS04NWE,04,,7.43,,0.0,,10.0,-0.08999999999999986,162.0,-162.0
2022,GSH,CS,GSHCS04NWE,19.5,2,0.0,18.0,26.7,17.52,,,,,,,,,,,,,0.0,121.0,,,,,,,,GSH_GSHCS04NWE,04,,8.7,,121.0,,10.09,7.43,0.0,121.0
2023,GSH,CS,GSHCS04NWE,19.5,1,0.0,16.1,19.3,26.7,,,,,,,,,,,,,21.0,0.0,,,,,,,,GSH_GSHCS04NWE,04,,3.1999999999999993,,0.0,,18.0,8.7,121.0,-121.0
2024,GSH,CS,GSHCS04NWE,19.5,2,0.0,18.0,18.16,19.3,,,,,,,,,,,,,32.0,0.0,,,,,,,,GSH_GSHCS04NWE,04,,0.16000000000000014,,0.0,,16.1,3.1999999999999993,0.0,0.0
2025,GSH,CS,GSHCS04NWE,19.5,1,0.0,14.0,6.04,18.16,,,,,,,,,,,,,0.0,0.0,,,,,,,,GSH_GSHCS04NWE,04,,-7.96,,0.0,,18.0,0.16000000000000014,0.0,0.0
2020,GSH,CS,GSHCS04NWW,24.6,2,0.19,24.0,27.77,,,,,,,,,,,,,,30.0,17.0,,,,,,,,GSH_GSHCS04NWW,04,,3.7699999999999996,,17.0,,,,,
2021,GSH,CS,GSHCS04NWW,24.6,0,0.0,23.75,20.86,27.77,,,,,,,,,,,,,28.0,0.0,,,,,,,,GSH_GSHCS04NWW,04,,-2.8900000000000006,,0.0,,24.0,3.7699999999999996,17.0,-17.0
2022,GSH,CS,GSHCS04NWW,24.6,2,0.0,27.0,33.54,20.86,,,,,,,,,,,,,33.0,156.0,,,,,,,,GSH_GSHCS04NWW,04,,6.539999999999999,,156.0,,23.75,-2.8900000000000006,0.0,156.0
2023,GSH,CS,GSHCS04NWW,24.6,1,0.0,27.1,26.8,33.54,,,,,,,,,,,,,24.0,0.0,,,,,,,,GSH_GSHCS04NWW,04,,-0.3000000000000007,,0.0,,27.0,6.539999999999999,156.0,-156.0
2024,GSH,CS,GSHCS04NWW,24.6,2,0.0,27.0,23.08,26.8,,,,,,,,,,,,,27.0,0.0,,,,,,,,GSH_GSHCS04NWW,04,,-3.9200000000000017,,0.0,,27.1,-0.3000000000000007,0.0,0.0
2025,GSH,CS,GSHCS04NWW,24.6,1,0.0,17.0,9.26,23.08,,,,,,,,,,,,,0.0,0.0,,,,,,,,GSH_GSHCS04NWW,04,,-7.74,,0.0,,27.0,-3.9200000000000017,0.0,0.0
2020,GSH,CS,GSHCS04SE,18.0,2,0.2,19.0,20.09,,,,,,,,,,,,,,29.0,400.0,,,,,,,,GSH_GSHCS04SE,04,,1.0899999999999999,,400.0,,,,,
2021,GSH,CS,GSHCS04SE,18.0,0,0.0,20.5,15.91,20.09,,,,,,,,,,,,,38.0,0.0,,,,,,,,GSH_GSHCS04SE,04,,-4.59,,0.0,,19.0,1.0899999999999999,400.0,-400.0
2022,GSH,CS,GSHCS04SE,18.0,2,0.0,23.0,21.68,15.91,,,,,,,,,,,,,40.0,173.0,,,,,,,,GSH_GSHCS04SE,04,,-1.3200000000000003,,173.0,,20.5,-4.59,0.0,173.0
2023,GSH,CS,GSHCS04SE,18.0,1,0.0,19.4,17.64,21.68,,,,,,,,,,,,,27.0,0.0,,,,,,,,GSH_GSHCS04SE,04,,-1.759999999999998,,0.0,,23.0,-1.3200000000000003,173.0,-173.0
2024,GSH,CS,GSHCS04SE,18.0,1,0.0,19.0,13.88,17.64,,,,,,,,,,,,,27.0,0.0,,,,,,,,GSH_GSHCS04SE,04,,-5.119999999999999,,0.0,,19.4,-1.759999999999998,0.0,0.0
2025,GSH,CS,GSHCS04SE,18.0,1,0.0,13.0,4.76,13.88,,,,,,,,,,,,,0.0,0.0,,,,,,,,GSH_GSHCS04SE,04,,-8.24,,0.0,,19.0,-5.119999999999999,0.0,0.0
2020,GSH,CS,GSHCS04SWE,20.0,1,0.2,17.0,19.2,,,,,,,,,,,,,,28.0,12.0,,,,,,,,GSH_GSHCS04SWE,04,,2.1999999999999993,,12.0,,,,,
2021,GSH,CS,GSHCS04SWE,20.0,0,0.0,17.6,17.18,19.2,,,,,,,,,,,,,40.0,0.0,,,,,,,,GSH_GSHCS04SWE,04,,-0.4200000000000017,,0.0,,17.0,2.1999999999999993,12.0,-12.0
2022,GSH,CS,GSHCS04SWE,20.0,2,0.0,23.0,26.08,17.18,,,,,,,,,,,,,43.0,117.0,,,,,,,,GSH_GSHCS04SWE,04,,3.0799999999999983,,117.0,,17.6,-0.4200000000000017,0.0,117.0
2023,GSH,CS,GSHCS04SWE,20.0,1,0.0,19.7,20.88,26.08,,,,,,,,,,,,,25.0,0.0,,,,,,,,GSH_GSHCS04SWE,04,,1.1799999999999997,,0.0,,23.0,3.0799999999999983,117.0,-117.0
2024,GSH,CS,GSHCS04SWE,20.0,1,0.0,21.0,15.64,20.88,,,,,,,,,,,,,27.0,0.0,,,,,,,,GSH_GSHCS04SWE,04,,-5.359999999999999,,0.0,,19.7,1.1799999999999997,0.0,0.0
2025,GSH,CS,GSHCS04SWE,20.0,1,0.0,14.0,6.22,15.64,,,,,,,,,,,,,0.0,0.0,,,,,,,,GSH_GSHCS04SWE,04,,-7.78,,0.0,,21.0,-5.359999999999999,0.0,0.0
2020,GSH,CS,GSHCS04SWW,21.4,1,0.21,21.0,21.34,,,,,,,,,,,,,,31.0,158.0,,,,,,,,GSH_GSHCS04SWW,04,,0.33999999999999986,,158.0,,,,,
2021,GSH,CS,GSHCS04SWW,21.4,0,0.0,21.6,18.66,21.34,,,,,,,,,,,,,35.0,0.0,,,,,,,,GSH_GSHCS04SWW,04,,-2.9400000000000013,,0.0,,21.0,0.33999999999999986,158.0,-158.0
2022,GSH,CS,GSHCS04SWW,21.4,2,0.0,19.0,27.76,18.66,,,,,,,,,,,,,28.0,93.0,,,,,,,,GSH_GSHCS04SWW,04,,8.760000000000002,,93.0,,21.6,-2.9400000000000013,0.0,93.0
2023,GSH,CS,GSHCS04SWW,21.4,1,0.0,22.4,21.74,27.76,,,,,,,,,,,,,23.0,0.0,,,,,,,,GSH_GSHCS04SWW,04,,-0.6600000000000001,,0.0,,19.0,8.760000000000002,93.0,-93.0
2024,GSH,CS,GSHCS04SWW,21.4,2,0.0,22.0,16.84,21.74,,,,,,,,,,,,,25.0,0.0,,,,,,,,GSH_GSHCS04SWW,04,,-5.16,,0.0,,22.4,-0.6600000000000001,0.0,0.0
2025,GSH,CS,GSHCS04SWW,21.4,1,0.0,15.0,7.48,16.84,,,,,,,,,,,,,0.0,0.0,,,,,,,,GSH_GSHCS04SWW,04,,-7.52,,0.0,,22.0,-5.16,0.0,0.0
2020,GSH,CS,GSHCS0915S,20.8,2,0.26,31.0,29.89,,GHW,SO4,15,3.0,1.5,222.0,2009.0,GSD,25.0,NS,360.0,R,43.0,0.0,,,,,,,,GSH_GSHCS0915S,0915,,-1.1099999999999994,0.002328049203049203,0.0,,,,,
2021,GSH,CS,GSHCS0915S,20.8,0,0.0,25.68,24.21,29.89,GHW,SO4,15,3.0,1.5,222.0,2009.0,GSD,25.0,NS,360.0,R,29.0,174.0,,,,,,,,GSH_GSHCS0915S,0915,,-1.4699999999999989,0.001570079695079695,174.0,9.023446523446524e-06,31.0,-1.1099999999999994,0.0,174.0
2022,GSH,CS,GSHCS0915S,20.8,3,0.0,25.0,30.36,24.21,GHW,SO4,15,3.0,1.5,222.0,2009.0,GSD,25.0,NS,360.0,R,43.0,0.0,,,,,,,,GSH_GSHCS0915S,0915,,5.359999999999999,0.002328049203049203,0.0,,25.68,-1.4699999999999989,174.0,-174.0
2023,GSH,CS,GSHCS0915S,20.8,2,0.0,28.9,30.5,30.36,GHW,SO4,15,3.0,1.5,222.0,2009.0,GSD,25.0,NS,360.0,R,30.0,0.0,,,,,,,,GSH_GSHCS0915S,0915,,1.6000000000000014,0.001624220374220374,0.0,,25.0,5.359999999999999,0.0,0.0
2024,GSH,CS,GSHCS0915S,20.8,2,0.0,29.0,31.26,30.5,GHW,SO4,15,3.0,1.5,222.0,2009.0,GSD,25.0,NS,360.0,R,28.0,0.0,,,,,,,,GSH_GSHCS0915S,0915,,2.2600000000000016,0.0015159390159390157,0.0,,28.9,1.6000000000000014,0.0,0.0
2025,GSH,CS,GSHCS0915S,20.8,1,0.0,17.0,23.28,31.26,GHW,SO4,15,3.0,1.5,222.0,2009.0,GSD,25.0,NS,360.0,R,0.0,0.0,,,,,,,,GSH_GSHCS0915S,0915,,6.280000000000001,0.0,0.0,,29.0,2.2600000000000016,0.0,0.0
2020,GSH,CS,GSHCS09338PN,21.6,2,0.29,30.0,30.98,,GHW,PAUL1103,338,3.0,1.5,222.0,2009.0,GSD,25.0,NS,360.0,R,43.0,230.0,,,,,,,,GSH_GSHCS09338PN,0933,,0.9800000000000004,0.002241825158491825,230.0,9.747065906486196e-06,,,,
2021,GSH,CS,GSHCS09338PN,21.6,0,0.0,28.81,23.18,30.98,GHW,PAUL1103,338,3.0,1.5,222.0,2009.0,GSD,25.0,NS,360.0,R,32.0,152.0,,,,,,,,GSH_GSHCS09338PN,0933,,-5.629999999999999,0.0016683350016683347,152.0,1.0975888168870622e-05,30.0,0.9800000000000004,230.0,-78.0
2022,GSH,CS,GSHCS09338PN,21.6,2,0.0,33.0,0.0,23.18,GHW,PAUL1103,338,3.0,1.5,222.0,2009.0,GSD,25.0,NS,360.0,R,38.0,121.0,,,,,,,,GSH_GSHCS09338PN,0933,,-33.0,0.0019811478144811474,121.0,1.637312243372849e-05,28.81,-5.629999999999999,152.0,-31.0
2023,GSH,CS,GSHCS09338PN,21.6,2,0.0,30.2,27.22,0.0,GHW,PAUL1103,338,3.0,1.5,222.0,2009.0,GSD,25.0,NS,360.0,R,24.0,0.0,,,,,,,,GSH_GSHCS09338PN,0933,,-2.9800000000000004,0.001251251251251251,0.0,,33.0,-33.0,121.0,-121.0
2024,GSH,CS,GSHCS09338PN,21.6,1,0.0,27.0,35.92,27.22,GHW,PAUL1103,338,3.0,1.5,222.0,2009.0,GSD,25.0,NS,360.0,R,28.0,0.0,,,,,,,,GSH_GSHCS09338PN,0933,,8.920000000000002,0.001459793126459793,0.0,,30.2,-2.9800000000000004,0.0,0.0
2025,GSH,CS,GSHCS09338PN,21.6,1,0.0,26.0,25.54,35.92,GHW,PAUL1103,338,3.0,1.5,222.0,2009.0,GSD,25.0,NS,360.0,R,0.0,0.0,,,,,,,,GSH_GSHCS09338PN,0933,,-0.46000000000000085,0.0,0.0,,27.0,8.920000000000002,0.0,0.0
2022,GSH,CS,GSHCS09338PNC,10.3,0,0.0,16.0,15.64,,,,,,,,,,,,,,0.0,0.0,,,,,,,,GSH_GSHCS09338PNC,0933,,-0.35999999999999943,,0.0,,,,,
2022,GSH,CS,GSHCS09338PNT,11.3,0,0.0,12.0,12.6,,,,,,,,,,,,,,0.0,0.0,,,,,,,,GSH_GSHCS09338PNT,0933,,0.5999999999999996,,0.0,,,,,
2020,GSH,CS,GSHCS09338PS,28.7,3,0.21,45.0,45.56,,GHW,PAUL1103,338,3.0,1.5,222.0,2009.0,GSD,25.0,NS,360.0,R,39.0,230.0,,,,,,,,GSH_GSHCS09338PS,0933,,0.5600000000000023,0.0015302759205198231,230.0,6.653373567477492e-06,,,,
2021,GSH,CS,GSHCS09338PS,28.7,0,0.0,39.95,29.62,45.56,GHW,PAUL1103,338,3.0,1.5,222.0,2009.0,GSD,25.0,NS,360.0,R,32.0,125.0,,,,,,,,GSH_GSHCS09338PS,0933,,-10.330000000000002,0.0012556110117085727,125.0,1.0044888093668581e-05,45.0,0.5600000000000023,230.0,-105.0
2022,GSH,CS,GSHCS09338PS,28.7,2,0.0,34.0,41.1,29.62,GHW,PAUL1103,338,3.0,1.5,222.0,2009.0,GSD,25.0,NS,360.0,R,49.0,120.0,,,,,,,,GSH_GSHCS09338PS,0933,,7.100000000000001,0.001922654361678752,120.0,1.6022119680656268e-05,39.95,-10.330000000000002,125.0,-5.0
2023,GSH,CS,GSHCS09338PS,28.7,2,0.0,40.2,27.4,41.1,GHW,PAUL1103,338,3.0,1.5,222.0,2009.0,GSD,25.0,NS,360.0,R,44.0,0.0,,,,,,,,GSH_GSHCS09338PS,0933,,-12.800000000000004,0.0017264651410992876,0.0,,34.0,7.100000000000001,120.0,-120.0
2024,GSH,CS,GSHCS09338PS,28.7,2,0.0,36.0,40.18,27.4,GHW,PAUL1103,338,3.0,1.5,222.0,2009.0,GSD,25.0,NS,360.0,R,28.0,0.0,,,,,,,,GSH_GSHCS09338PS,0933,,4.18,0.0010986596352450012,0.0,,40.2,-12.800000000000004,0.0,0.0
2025,GSH,CS,GSHCS09338PS,28.7,1,0.0,34.0,27.82,40.18,GHW,PAUL1103,338,3.0,1.5,222.0,2009.0,GSD,25.0,NS,360.0,R,0.0,0.0,,,,,,,,GSH_GSHCS09338PS,0933,,-6.18,0.0,0.0,,36.0,4.18,0.0,0.0
2020,GSH,CS,GSHCS10169S,21.6,2,0.25,29.0,25.33,,GHW,SO4,169,3.0,1.5,222.0,2010.0,GSD,25.0,NS,360.0,R,37.0,161.0,,,,,,,,GSH_GSHCS10169S,1016,,-3.6700000000000017,0.001929012345679012,161.0,1.1981443140863429e-05,,,,
2021,GSH,CS,GSHCS10169S,21.6,0,0.0,23.93,23.46,25.33,GHW,SO4,169,3.0,1.5,222.0,2010.0,GSD,25.0,NS,360.0,R,33.0,128.0,,,,,,,,GSH_GSHCS10169S,1016,,-0.46999999999999886,0.0017204704704704703,128.0,1.344117555055055e-05,29.0,-3.6700000000000017,161.0,-33.0
2022,GSH,CS,GSHCS10169S,21.6,2,0.0,24.0,28.0,23.46,GHW,SO4,169,3.0,1.5,222.0,2010.0,GSD,25.0,NS,360.0,R,41.0,126.0,,,,,,,,GSH_GSHCS10169S,1016,,4.0,0.0021375542208875538,126.0,1.696471603879011e-05,23.93,-0.46999999999999886,128.0,-2.0
2023,GSH,CS,GSHCS10169S,21.6,2,0.0,26.3,22.1,28.0,GHW,SO4,169,3.0,1.5,222.0,2010.0,GSD,25.0,NS,360.0,R,24.0,0.0,,,,,,,,GSH_GSHCS10169S,1016,,-4.199999999999999,0.001251251251251251,0.0,,24.0,4.0,126.0,-126.0
2024,GSH,CS,GSHCS10169S,21.6,2,0.0,25.0,25.6,22.1,GHW,SO4,169,3.0,1.5,222.0,2010.0,GSD,25.0,NS,360.0,R,31.0,0.0,,,,,,,,GSH_GSHCS10169S,1016,,0.6000000000000014,0.0016161995328661993,0.0,,26.3,-4.199999999999999,0.0,0.0
2025,GSH,CS,GSHCS10169S,21.6,2,0.0,23.0,18.8,25.6,GHW,SO4,169,3.0,1.5,222.0,2010.0,GSD,25.0,NS,360.0,R,0.0,0.0,,,,,,,,GSH_GSHCS10169S,1016,,-4.199999999999999,0.0,0.0,,25.0,0.6000000000000014,0.0,0.0
2020,GSH,CS,GSHCS1115R,20.4,2,0.23,31.0,38.67,,GHW,R110,15,3.0,1.5,222.0,2011.0,GSD,163.0,NS,360.0,R,40.0,0.0,,,,,,,,GSH_GSHCS1115R,1115,,7.670000000000002,0.0022080904433845615,0.0,,,,,
2021,GSH,CS,GSHCS1115R,20.4,0,0.0,37.74,28.04,38.67,GHW,R110,15,3.0,1.5,222.0,2011.0,GSD,163.0,NS,360.0,R,52.0,133.0,,,,,,,,GSH_GSHCS1115R,1115,,-9.700000000000003,0.00287051757639993,133.0,2.1582838920300223e-05,31.0,7.670000000000002,0.0,133.0
2022,GSH,CS,GSHCS1115R,20.4,3,0.0,37.0,32.06,28.04,GHW,R110,15,3.0,1.5,222.0,2011.0,GSD,163.0,NS,360.0,R,44.0,130.0,,,,,,,,GSH_GSHCS1115R,1115,,-4.939999999999998,0.0024288994877230173,130.0,1.868384221325398e-05,37.74,-9.700000000000003,133.0,-3.0
2023,GSH,CS,GSHCS1115R,20.4,2,0.0,35.2,27.52,32.06,GHW,R110,15,3.0,1.5,222.0,2011.0,GSD,163.0,NS,360.0,R,22.0,0.0,,,,,,,,GSH_GSHCS1115R,1115,,-7.680000000000003,0.0012144497438615087,0.0,,37.0,-4.939999999999998,130.0,-130.0
2024,GSH,CS,GSHCS1115R,20.4,3,0.0,32.0,29.8,27.52,GHW,R110,15,3.0,1.5,222.0,2011.0,GSD,163.0,NS,360.0,R,27.0,0.0,,,,,,,,GSH_GSHCS1115R,1115,,-2.1999999999999993,0.001490461049284579,0.0,,35.2,-7.680000000000003,0.0,0.0
2025,GSH,CS,GSHCS1115R,20.4,3,0.0,16.0,20.94,29.8,GHW,R110,15,3.0,1.5,222.0,2011.0,GSD,163.0,NS,360.0,R,0.0,0.0,,,,,,,,GSH_GSHCS1115R,1115,,4.940000000000001,0.0,0.0,,32.0,-2.1999999999999993,0.0,0.0
2020,GSH,CS,GSHCS1133814S,15.6,2,0.23,22.0,23.98,,GHW,101-759,338,3.0,1.5,222.0,2011.0,GSD,163.0,NS,360.0,R,36.0,0.0,,,,,,,,GSH_GSHCS1133814S,1133,,1.9800000000000004,0.002598752598752599,0.0,,,,,
2021,GSH,CS,GSHCS1133814S,15.6,0,0.0,19.5,15.95,23.98,GHW,101-759,338,3.0,1.5,222.0,2011.0,GSD,163.0,NS,360.0,R,29.0,212.0,,,,,,,,GSH_GSHCS1133814S,1133,,-3.5500000000000007,0.0020934395934395934,212.0,9.874715063394309e-06,22.0,1.9800000000000004,0.0,212.0
2022,GSH,CS,GSHCS1133814S,15.6,3,0.0,22.0,20.0,15.95,GHW,101-759,338,3.0,1.5,222.0,2011.0,GSD,163.0,NS,360.0,R,43.0,118.0,,,,,,,,GSH_GSHCS1133814S,1133,,-2.0,0.0031040656040656044,118.0,2.6305640712420378e-05,19.5,-3.5500000000000007,212.0,-94.0
2023,GSH,CS,GSHCS1133814S,15.6,3,0.0,20.3,17.04,20.0,GHW,101-759,338,3.0,1.5,222.0,2011.0,GSD,163.0,NS,360.0,R,24.0,0.0,,,,,,,,GSH_GSHCS1133814S,1133,,-3.2600000000000016,0.0017325017325017327,0.0,,22.0,-2.0,118.0,-118.0
2024,GSH,CS,GSHCS1133814S,15.6,3,0.0,19.0,16.74,17.04,GHW,101-759,338,3.0,1.5,222.0,2011.0,GSD,163.0,NS,360.0,R,26.0,0.0,,,,,,,,GSH_GSHCS1133814S,1133,,-2.2600000000000016,0.001876876876876877,0.0,,20.3,-3.2600000000000016,0.0,0.0
2025,GSH,CS,GSHCS1133814S,15.6,2,0.0,14.0,15.58,16.74,GHW,101-759,338,3.0,1.5,222.0,2011.0,GSD,163.0,NS,360.0,R,0.0,0.0,,,,,,,,GSH_GSHCS1133814S,1133,,1.58,0.0,0.0,,19.0,-2.2600000000000016,0.0,0.0
2021,GSH,CS,GSHCS1133814W,28.6,0,0.0,38.61,29.4,,GHW,101-759,338,3.0,1.5,222.0,2011.0,GSH,163.0,NS,360.0,R,34.0,117.0,,,,,,,,GSH_GSHCS1133814W,1133,,-9.21,0.0013387513387513386,117.0,1.1442319134626826e-05,,,,
2022,GSH,CS,GSHCS1133814W,28.6,3,0.0,37.0,37.64,29.4,GHW,101-759,338,3.0,1.5,222.0,2011.0,GSH,163.0,NS,360.0,R,47.0,99.0,,,,,,,,GSH_GSHCS1133814W,1133,,0.6400000000000006,0.0018506268506268504,99.0,1.8693200511382328e-05,38.61,-9.21,117.0,-18.0
2023,GSH,CS,GSHCS1133814W,28.6,3,0.0,33.5,32.94,37.64,GHW,101-759,338,3.0,1.5,222.0,2011.0,GSH,163.0,NS,360.0,R,25.0,0.0,,,,,,,,GSH_GSHCS1133814W,1133,,-0.5600000000000023,0.0009843759843759842,0.0,,37.0,0.6400000000000006,99.0,-99.0
2024,GSH,CS,GSHCS1133814W,28.6,3,0.0,33.0,29.6,32.94,GHW,101-759,338,3.0,1.5,222.0,2011.0,GSH,163.0,NS,360.0,R,29.0,0.0,,,,,,,,GSH_GSHCS1133814W,1133,,-3.3999999999999986,0.0011418761418761417,0.0,,33.5,-0.5600000000000023,0.0,0.0
2025,GSH,CS,GSHCS1133814W,28.6,2,0.0,29.0,27.16,29.6,GHW,101-759,338,3.0,1.5,222.0,2011.0,GSH,163.0,NS,360.0,R,0.0,0.0,,,,,,,,GSH_GSHCS1133814W,1133,,-1.8399999999999999,0.0,0.0,,33.0,-3.3999999999999986,0.0,0.0
2020,GSH,CS,GSHCS1133814WE,10.0,2,0.23,14.0,15.19,,,,,,,,,,,,,,37.0,0.0,,,,,,,,GSH_GSHCS1133814WE,1133,,1.1899999999999995,,0.0,,,,,
2021,GSH,CS,GSHCS1133814WE,10.0,0,0.0,0.0,0.0,15.19,,,,,,,,,,,,,0.0,0.0,,,,,,,,GSH_GSHCS1133814WE,1133,,0.0,,0.0,,14.0,1.1899999999999995,0.0,0.0
2020,GSH,CS,GSHCS1133814WW,18.6,3,0.24,22.0,27.31,,,,,,,,,,,,,,34.0,0.0,,,,,,,,GSH_GSHCS1133814WW,1133,,5.309999999999999,,0.0,,,,,
2021,GSH,CS,GSHCS1133814WW,18.6,0,0.0,0.0,0.0,27.31,,,,,,,,,,,,,0.0,0.0,,,,,,,,GSH_GSHCS1133814WW,1133,,0.0,,0.0,,22.0,5.309999999999999,0.0,0.0
2020,GSH,CS,GSHCS17169R,21.0,2,0.31,3.0,23.66,,GHW,R110,169,3.0,1.5,222.0,2017.0,GSD,160.0,NS,370.0,R,35.0,0.0,,,,,,,,GSH_GSHCS17169R,1716,,20.66,0.0018768768768768769,0.0,,,,,
2021,GSH,CS,GSHCS17169R,21.0,0,0.0,24.41,27.21,23.66,GHW,R110,169,3.0,1.5,222.0,2017.0,GSD,160.0,NS,370.0,R,36.0,0.0,,,,,,,,GSH_GSHCS17169R,1716,,2.8000000000000007,0.0019305019305019305,0.0,,3.0,20.66,0.0,0.0
2022,GSH,CS,GSHCS17169R,21.0,3,0.0,27.0,33.12,27.21,GHW,R110,169,3.0,1.5,222.0,2017.0,GSD,160.0,NS,370.0,R,52.0,0.0,,,,,,,,GSH_GSHCS17169R,1716,,6.119999999999997,0.0027885027885027887,0.0,,24.41,2.8000000000000007,0.0,0.0
2023,GSH,CS,GSHCS17169R,21.0,2,0.0,28.0,28.3,33.12,GHW,R110,169,3.0,1.5,222.0,2017.0,GSD,160.0,NS,370.0,R,26.0,0.0,,,,,,,,GSH_GSHCS17169R,1716,,0.3000000000000007,0.0013942513942513943,0.0,,27.0,6.119999999999997,0.0,0.0
2024,GSH,CS,GSHCS17169R,21.0,3,0.0,28.0,24.9,28.3,GHW,R110,169,3.0,1.5,222.0,2017.0,GSD,160.0,NS,370.0,R,31.0,0.0,,,,,,,,GSH_GSHCS17169R,1716,,-3.1000000000000014,0.0016623766623766623,0.0,,28.0,0.3000000000000007,0.0,0.0
2025,GSH,CS,GSHCS17169R,21.0,2,0.0,21.0,23.22,24.9,GHW,R110,169,3.0,1.5,222.0,2017.0,GSD,160.0,NS,370.0,R,0.0,0.0,,,,,,,,GSH_GSHCS17169R,1716,,2.219999999999999,0.0,0.0,,28.0,-3.1000000000000014,0.0,0.0
2020,GSH,CS,GSHCS1733814,35.6,2,0.22,39.0,43.91,,,,,,,,,,,,,,29.0,0.0,,,,,,,,GSH_GSHCS1733814,1733,,4.909999999999997,,0.0,,,,,
2021,GSH,CS,GSHCS1733814,35.6,0,0.0,42.72,48.01,43.91,,,,,,,,,,,,,38.0,0.0,,,,,,,,GSH_GSHCS1733814,1733,,5.289999999999999,,0.0,,39.0,4.909999999999997,0.0,0.0
2022,GSH,CS,GSHCS1733814,35.6,3,0.0,43.0,59.9,48.01,,,,,,,,,,,,,52.0,0.0,,,,,,,,GSH_GSHCS1733814,1733,,16.9,,0.0,,42.72,5.289999999999999,0.0,0.0
2023,GSH,CS,GSHCS1733814N,17.0,3,0.0,22.1,23.94,,GHW,101/14,338,3.0,1.5,222.0,2017.0,GSD,160.0,NS,370.0,R,23.0,0.0,,,,,,,,GSH_GSHCS1733814N,1733,,1.8399999999999999,0.001523582405935347,0.0,,,,,
2024,GSH,CS,GSHCS1733814N,17.0,2,0.0,24.0,26.34,23.94,GHW,101/14,338,3.0,1.5,222.0,2017.0,GSD,160.0,NS,370.0,R,30.0,0.0,,,,,,,,GSH_GSHCS1733814N,1733,,2.34,0.001987281399046105,0.0,,22.1,1.8399999999999999,0.0,0.0
2025,GSH,CS,GSHCS1733814N,17.0,1,0.0,19.0,21.38,26.34,GHW,101/14,338,3.0,1.5,222.0,2017.0,GSD,160.0,NS,370.0,R,0.0,0.0,,,,,,,,GSH_GSHCS1733814N,1733,,2.379999999999999,0.0,0.0,,24.0,2.34,0.0,0.0
2023,GSH,CS,GSHCS1733814S,18.6,2,0.0,24.2,18.54,,GHW,101/14,338,3.0,1.5,222.0,2017.0,GSD,160.0,NS,370.0,R,19.0,0.0,,,,,,,,GSH_GSHCS1733814S,1733,,-5.66,0.0011503438922793759,0.0,,,,,
2024,GSH,CS,GSHCS1733814S,18.6,3,0.0,26.0,19.84,18.54,GHW,101/14,338,3.0,1.5,222.0,2017.0,GSD,160.0,NS,370.0,R,29.0,0.0,,,,,,,,GSH_GSHCS1733814S,1733,,-6.16,0.0017557880461106265,0.0,,24.2,-5.66,0.0,0.0
2025,GSH,CS,GSHCS1733814S,18.6,1,0.0,20.0,14.22,19.84,GHW,101/14,338,3.0,1.5,222.0,2017.0,GSD,160.0,NS,370.0,R,0.0,0.0,,,,,,,,GSH_GSHCS1733814S,1733,,-5.779999999999999,0.0,0.0,,26.0,-6.16,0.0,0.0
2020,GSH,CS,GSHCS17412S,12.6,2,0.25,14.0,15.7,,GHW,SO4,412,3.0,1.5,222.0,2017.0,GSD,160.0,NS,370.0,R,28.0,0.0,,,,,,,,GSH_GSHCS17412S,1741,,1.6999999999999993,0.0025025025025025025,0.0,,,,,
2021,GSH,CS,GSHCS17412S,12.6,0,0.0,15.12,19.21,15.7,GHW,SO4,412,3.0,1.5,222.0,2017.0,GSD,160.0,NS,370.0,R,33.0,0.0,,,,,,,,GSH_GSHCS17412S,1741,,4.090000000000002,0.0029493779493779495,0.0,,14.0,1.6999999999999993,0.0,0.0
2022,GSH,CS,GSHCS17412S,12.6,2,0.0,18.0,21.88,19.21,GHW,SO4,412,3.0,1.5,222.0,2017.0,GSD,160.0,NS,370.0,R,54.0,127.0,,,,,,,,GSH_GSHCS17412S,1741,,3.879999999999999,0.004826254826254826,127.0,3.8002006505943516e-05,15.12,4.090000000000002,0.0,127.0
2023,GSH,CS,GSHCS17412S,12.6,2,0.0,18.9,18.28,21.88,GHW,SO4,412,3.0,1.5,222.0,2017.0,GSD,160.0,NS,370.0,R,28.0,0.0,,,,,,,,GSH_GSHCS17412S,1741,,-0.6199999999999974,0.0025025025025025025,0.0,,18.0,3.879999999999999,127.0,-127.0
2024,GSH,CS,GSHCS17412S,12.6,2,0.0,19.0,16.84,18.28,GHW,SO4,412,3.0,1.5,222.0,2017.0,GSD,160.0,NS,370.0,R,30.0,0.0,,,,,,,,GSH_GSHCS17412S,1741,,-2.16,0.0026812526812526813,0.0,,18.9,-0.6199999999999974,0.0,0.0
2025,GSH,CS,GSHCS17412S,12.6,2,0.0,11.0,11.26,16.84,GHW,SO4,412,3.0,1.5,222.0,2017.0,GSD,160.0,NS,370.0,R,0.0,0.0,,,,,,,,GSH_GSHCS17412S,1741,,0.2599999999999998,0.0,0.0,,19.0,-2.16,0.0,0.0
2020,GSH,CS,GSHCS1833814,15.3,0,0.0,0.0,0.0,,GHW,101/14,338,3.0,1.5,222.0,2018.0,GSD,160.0,NS,360.0,R,0.0,0.0,,,,,,,,GSH_GSHCS1833814,1833,,0.0,0.0,0.0,,,,,
2021,GSH,CS,GSHCS1833814,15.3,0,0.0,18.67,23.46,0.0,GHW,101/14,338,3.0,1.5,222.0,2018.0,GSD,160.0,NS,360.0,R,41.0,131.0,,,,,,,,GSH_GSHCS1833814,1833,,4.789999999999999,0.0030177236059588997,131.0,2.303605806075496e-05,0.0,0.0,0.0,131.0
2022,GSH,CS,GSHCS1833814,15.3,2,0.0,25.0,20.86,23.46,GHW,101/14,338,3.0,1.5,222.0,2018.0,GSD,160.0,NS,360.0,R,45.0,0.0,,,,,,,,GSH_GSHCS1833814,1833,,-4.140000000000001,0.003312135665076841,0.0,,18.67,4.789999999999999,131.0,-131.0
2023,GSH,CS,GSHCS1833814,15.3,2,0.0,22.2,20.58,20.86,GHW,101/14,338,3.0,1.5,222.0,2018.0,GSD,160.0,NS,360.0,R,24.0,0.0,,,,,,,,GSH_GSHCS1833814,1833,,-1.620000000000001,0.0017664723547076487,0.0,,25.0,-4.140000000000001,0.0,0.0
2024,GSH,CS,GSHCS1833814,15.3,3,0.0,22.0,18.14,20.58,GHW,101/14,338,3.0,1.5,222.0,2018.0,GSD,160.0,NS,360.0,R,26.0,0.0,,,,,,,,GSH_GSHCS1833814,1833,,-3.8599999999999994,0.0019136783842666194,0.0,,22.2,-1.620000000000001,0.0,0.0
2025,GSH,CS,GSHCS1833814,15.3,2,0.0,18.0,19.34,18.14,GHW,101/14,338,3.0,1.5,222.0,2018.0,GSD,160.0,NS,360.0,R,0.0,0.0,,,,,,,,GSH_GSHCS1833814,1833,,1.3399999999999999,0.0,0.0,,22.0,-3.8599999999999994,0.0,0.0
2020,GSH,CS,GSHCS18412R,5.05,0,0.0,0.0,0.0,,GHW,R110,412,3.0,1.5,222.0,2018.0,GSD,160.0,NS,360.0,R,0.0,0.0,,,,,,,,GSH_GSHCS18412R,1841,,0.0,0.0,0.0,,,,,
2021,GSH,CS,GSHCS18412R,5.05,0,0.0,5.75,6.14,0.0,GHW,R110,412,3.0,1.5,222.0,2018.0,GSD,160.0,NS,360.0,R,44.0,72.0,,,,,,,,GSH_GSHCS18412R,1841,,0.3899999999999997,0.009811791990009812,72.0,0.0001362748887501363,0.0,0.0,0.0,72.0
2022,GSH,CS,GSHCS18412R,5.05,2,0.0,7.0,7.8,6.14,GHW,R110,412,3.0,1.5,222.0,2018.0,GSD,160.0,NS,360.0,R,42.0,127.0,,,,,,,,GSH_GSHCS18412R,1841,,0.7999999999999998,0.009365801445009366,127.0,7.374646807093989e-05,5.75,0.3899999999999997,72.0,55.0
2023,GSH,CS,GSHCS18412R,5.05,2,0.0,7.0,6.42,7.8,GHW,R110,412,3.0,1.5,222.0,2018.0,GSD,160.0,NS,360.0,R,24.0,0.0,,,,,,,,GSH_GSHCS18412R,1841,,-0.5800000000000001,0.005351886540005352,0.0,,7.0,0.7999999999999998,127.0,-127.0
2024,GSH,CS,GSHCS18412R,5.05,3,0.0,7.0,3.74,6.42,GHW,R110,412,3.0,1.5,222.0,2018.0,GSD,160.0,NS,360.0,R,23.0,0.0,,,,,,,,GSH_GSHCS18412R,1841,,-3.26,0.005128891267505129,0.0,,7.0,-0.5800000000000001,0.0,0.0
2025,GSH,CS,GSHCS18412R,5.05,2,0.0,5.0,3.86,3.74,GHW,R110,412,3.0,1.5,222.0,2018.0,GSD,160.0,NS,360.0,R,0.0,0.0,,,,,,,,GSH_GSHCS18412R,1841,,-1.1400000000000001,0.0,0.0,,7.0,-3.26,0.0,0.0
2021,GSH,CS,GSHCS20338S,19.36,0,0.0,0.0,0.0,,GHW,SO4,338,3.0,1.5,222.0,2020.0,GSD,160.0,NS,360.0,R,0.0,0.0,,,,,,,,GSH_GSHCS20338S,2033,,0.0,0.0,0.0,,,,,
2022,GSH,CS,GSHCS20338S,19.36,0,0.0,0.0,0.0,0.0,GHW,SO4,338,3.0,1.5,222.0,2020.0,GSD,160.0,NS,360.0,R,0.0,0.0,,,,,,,,GSH_GSHCS20338S,2033,,0.0,0.0,0.0,,0.0,0.0,0.0,0.0
2023,GSH,CS,GSHCS20338S,19.36,2,0.0,19.4,38.06,0.0,GHW,SO4,338,3.0,1.5,222.0,2020.0,GSD,160.0,NS,360.0,R,28.0,0.0,,,,,,,,GSH_GSHCS20338S,2033,,18.660000000000004,0.0016286948105129922,0.0,,0.0,0.0,0.0,0.0
2024,GSH,CS,GSHCS20338S,19.36,2,0.0,38.0,28.82,38.06,GHW,SO4,338,3.0,1.5,222.0,2020.0,GSD,160.0,NS,360.0,R,30.0,0.0,,,,,,,,GSH_GSHCS20338S,2033,,-9.18,0.0017450301541210632,0.0,,19.4,18.660000000000004,0.0,0.0
2025,GSH,CS,GSHCS20338S,19.36,2,0.0,31.0,29.76,28.82,GHW,SO4,338,3.0,1.5,222.0,2020.0,GSD,160.0,NS,360.0,R,0.0,0.0,,,,,,,,GSH_GSHCS20338S,2033,,-1.2399999999999984,0.0,0.0,,38.0,-9.18,0.0,0.0
2021,GSH,CS,GSHCS21169S,12.36,0,0.0,0.0,0.0,,GHW,SO4,169,3.0,1.5,222.0,2021.0,GSD,160.0,NS,360.0,R,0.0,0.0,,,,,,,,GSH_GSHCS21169S,2116,,0.0,0.0,0.0,,,,,
2022,GSH,CS,GSHCS21169S,12.36,0,0.0,0.0,0.0,0.0,GHW,SO4,169,3.0,1.5,222.0,2021.0,GSD,160.0,NS,360.0,R,0.0,0.0,,,,,,,,GSH_GSHCS21169S,2116,,0.0,0.0,0.0,,0.0,0.0,0.0,0.0
2023,GSH,CS,GSHCS21169S,12.36,0,0.0,0.0,0.0,0.0,GHW,SO4,169,3.0,1.5,222.0,2021.0,GSD,160.0,NS,360.0,R,0.0,0.0,,,,,,,,GSH_GSHCS21169S,2116,,0.0,0.0,0.0,,0.0,0.0,0.0,0.0
2024,GSH,CS,GSHCS21169S,12.36,2,0.0,15.0,17.54,0.0,GHW,SO4,169,3.0,1.5,222.0,2021.0,GSD,160.0,NS,360.0,R,23.0,0.0,,,,,,,,GSH_GSHCS21169S,2116,,2.539999999999999,0.0020955421440858333,0.0,,0.0,0.0,0.0,0.0
2025,GSH,CS,GSHCS21169S,12.36,1,0.0,19.0,20.66,17.54,GHW,SO4,169,3.0,1.5,222.0,2021.0,GSD,160.0,NS,360.0,R,0.0,0.0,,,,,,,,GSH_GSHCS21169S,2116,,1.6600000000000001,0.0,0.0,,15.0,2.539999999999999,0.0,0.0
2023,GSH,CS,GSHCS23338SE,8.3,0,0.0,0.0,0.0,,GHW,SO4,338,3.0,1.5,222.0,2023.0,GSD,160.0,NS,365.0,R,0.0,0.0,,,,,,,,GSH_GSHCS23338SE,2333,,0.0,0.0,0.0,,,,,
2024,GSH,CS,GSHCS23338SE,8.3,0,0.0,0.0,0.0,0.0,GHW,SO4,338,3.0,1.5,222.0,2023.0,GSD,160.0,NS,365.0,R,0.0,0.0,,,,,,,,GSH_GSHCS23338SE,2333,,0.0,0.0,0.0,,0.0,0.0,0.0,0.0
2025,GSH,CS,GSHCS23338SE,8.3,0,0.0,0.0,0.0,0.0,GHW,SO4,338,3.0,1.5,222.0,2023.0,GSD,160.0,NS,365.0,R,0.0,0.0,,,,,,,,GSH_GSHCS23338SE,2333,,0.0,0.0,0.0,,0.0,0.0,0.0,0.0
2023,GSH,CS,GSHCS23338SW,11.8,0,0.0,0.0,0.0,,GHW,SO4,338,3.0,1.5,222.0,2023.0,GSD,160.0,NS,365.0,R,0.0,0.0,,,,,,,,GSH_GSHCS23338SW,2333,,0.0,0.0,0.0,,,,,
2024,GSH,CS,GSHCS23338SW,11.8,0,0.0,0.0,0.0,0.0,GHW,SO4,338,3.0,1.5,222.0,2023.0,GSD,160.0,NS,365.0,R,0.0,0.0,,,,,,,,GSH_GSHCS23338SW,2333,,0.0,0.0,0.0,,0.0,0.0,0.0,0.0
2025,GSH,CS,GSHCS23338SW,11.8,0,0.0,0.0,0.0,0.0,GHW,SO4,338,3.0,1.5,222.0,2023.0,GSD,160.0,NS,365.0,R,0.0,0.0,,,,,,,,GSH_GSHCS23338SW,2333,,0.0,0.0,0.0,,0.0,0.0,0.0,0.0
2021,KDZ,CS,KDZCS20338P,10.86,0,0.0,0.0,0.0,,GHW,PAUL1103,338,2.5,1.5,267.0,2020.0,BRN,90.0,EW,1000.0,R,0.0,0.0,,,,,,,,KDZ_KDZCS20338P,2033,,0.0,0.0,0.0,,,,,
2022,KDZ,CS,KDZCS20338P,10.86,0,0.0,0.0,0.0,0.0,GHW,PAUL1103,338,2.5,1.5,267.0,2020.0,BRN,90.0,EW,1000.0,R,0.0,0.0,,,,,,,,KDZ_KDZCS20338P,2033,,0.0,0.0,0.0,,0.0,0.0,0.0,0.0
2023,KDZ,CS,KDZCS20338P,10.86,3,0.0,9.8,9.12,0.0,GHW,PAUL1103,338,2.5,1.5,267.0,2020.0,BRN,90.0,EW,1000.0,R,0.0,0.0,,,,,,,,KDZ_KDZCS20338P,2033,,-0.6800000000000015,0.0,0.0,,0.0,0.0,0.0,0.0
2024,KDZ,CS,KDZCS20338P,10.86,4,0.0,12.0,9.92,9.12,GHW,PAUL1103,338,2.5,1.5,267.0,2020.0,BRN,90.0,EW,1000.0,R,25.0,0.0,,,,,,,,KDZ_KDZCS20338P,2033,,-2.08,0.002155454852704837,0.0,,9.8,-0.6800000000000015,0.0,0.0
2025,KDZ,CS,KDZCS20338P,10.86,4,0.0,12.0,11.86,9.92,GHW,PAUL1103,338,2.5,1.5,267.0,2020.0,BRN,90.0,EW,1000.0,R,0.0,0.0,,,,,,,,KDZ_KDZCS20338P,2033,,-0.14000000000000057,0.0,0.0,,12.0,-2.08,0.0,0.0
2021,KDZ,CS,KDZCS20412R,12.35,0,0.0,0.0,0.0,,GHW,R110,412,2.5,1.5,267.0,2020.0,BRN,90.0,EW,1000.0,R,0.0,0.0,,,,,,,,KDZ_KDZCS20412R,2041,,0.0,0.0,0.0,,,,,
2022,KDZ,CS,KDZCS20412R,12.35,0,0.0,0.0,0.0,0.0,GHW,R110,412,2.5,1.5,267.0,2020.0,BRN,90.0,EW,1000.0,R,0.0,0.0,,,,,,,,KDZ_KDZCS20412R,2041,,0.0,0.0,0.0,,0.0,0.0,0.0,0.0
2023,KDZ,CS,KDZCS20412R,12.35,4,0.0,11.1,8.3,0.0,GHW,R110,412,2.5,1.5,267.0,2020.0,BRN,90.0,EW,1000.0,R,0.0,0.0,,,,,,,,KDZ_KDZCS20412R,2041,,-2.799999999999999,0.0,0.0,,0.0,0.0,0.0,0.0
2024,KDZ,CS,KDZCS20412R,12.35,4,0.0,13.5,8.94,8.3,GHW,R110,412,2.5,1.5,267.0,2020.0,BRN,90.0,EW,1000.0,R,24.0,0.0,,,,,,,,KDZ_KDZCS20412R,2041,,-4.5600000000000005,0.0018195878633489515,0.0,,11.1,-2.799999999999999,0.0,0.0
2025,KDZ,CS,KDZCS20412R,12.35,4,0.0,12.0,9.72,8.94,GHW,R110,412,2.5,1.5,267.0,2020.0,BRN,90.0,EW,1000.0,R,0.0,0.0,,,,,,,,KDZ_KDZCS20412R,2041,,-2.2799999999999994,0.0,0.0,,13.5,-4.5600000000000005,0.0,0.0
2023,KDZ,CS,KDZCS23338S,27.45,0,0.0,0.0,0.0,,,,,,,,,,,,,,,,,,,,,,,KDZ_KDZCS23338S,2333,,0.0,,,,,,,
2023,KDZ,CS,KDZCS23338SN,20.0,0,0.0,0.0,0.0,,GHW,SO4,338,3.0,1.5,222.0,2023.0,ORT,45.0,NESW,395.0,R,0.0,0.0,,,,,,,,KDZ_KDZCS23338SN,2333,,0.0,0.0,0.0,,,,,
2024,KDZ,CS,KDZCS23338SN,20.0,0,0.0,0.0,0.0,0.0,GHW,SO4,338,3.0,1.5,222.0,2023.0,ORT,45.0,NESW,395.0,R,0.0,0.0,,,,,,,,KDZ_KDZCS23338SN,2333,,0.0,0.0,0.0,,0.0,0.0,0.0,0.0
2025,KDZ,CS,KDZCS23338SN,20.0,0,0.0,0.0,0.0,0.0,GHW,SO4,338,3.0,1.5,222.0,2023.0,ORT,45.0,NESW,395.0,R,0.0,0.0,,,,,,,,KDZ_KDZCS23338SN,2333,,0.0,0.0,0.0,,0.0,0.0,0.0,0.0
2024,KDZ,CS,KDZCS23338SOM,8.24,0,0.0,0.0,0.0,,GHW,SO4,338,3.0,1.5,222.0,2023.0,ORT,45.0,EW,570.0,R,0.0,0.0,,,,,,,,KDZ_KDZCS23338SOM,2333,,0.0,0.0,0.0,,,,,
2025,KDZ,CS,KDZCS23338SOM,8.24,0,0.0,0.0,0.0,0.0,GHW,SO4,338,3.0,1.5,222.0,2023.0,ORT,45.0,EW,570.0,R,0.0,0.0,,,,,,,,KDZ_KDZCS23338SOM,2333,,0.0,0.0,0.0,,0.0,0.0,0.0,0.0
2024,KDZ,CS,KDZCS23338SON,13.07,0,0.0,0.0,0.0,,GHW,SO4,338,3.0,1.5,222.0,2023.0,ORT,45.0,EW,570.0,R,0.0,0.0,,,,,,,,KDZ_KDZCS23338SON,2333,,0.0,0.0,0.0,,,,,
2025,KDZ,CS,KDZCS23338SON,13.07,0,0.0,0.0,0.0,0.0,GHW,SO4,338,3.0,1.5,222.0,2023.0,ORT,45.0,EW,570.0,R,0.0,0.0,,,,,,,,KDZ_KDZCS23338SON,2333,,0.0,0.0,0.0,,0.0,0.0,0.0,0.0
2024,KDZ,CS,KDZCS23338SOS,6.14,0,0.0,0.0,0.0,,GHW,SO4,338,3.0,1.5,222.0,2023.0,ORT,45.0,EW,570.0,R,0.0,0.0,,,,,,,,KDZ_KDZCS23338SOS,2333,,0.0,0.0,0.0,,,,,
2025,KDZ,CS,KDZCS23338SOS,6.14,0,0.0,0.0,0.0,0.0,GHW,SO4,338,3.0,1.5,222.0,2023.0,ORT,45.0,EW,570.0,R,0.0,0.0,,,,,,,,KDZ_KDZCS23338SOS,2333,,0.0,0.0,0.0,,0.0,0.0,0.0,0.0
2023,KDZ,CS,KDZCS23338SS,20.0,0,0.0,0.0,0.0,,GHW,SO4,338,3.0,1.5,222.0,2023.0,ORT,45.0,NESW,395.0,R,0.0,0.0,,,,,,,,KDZ_KDZCS23338SS,2333,,0.0,0.0,0.0,,,,,
2024,KDZ,CS,KDZCS23338SS,20.0,0,0.0,0.0,0.0,0.0,GHW,SO4,338,3.0,1.5,222.0,2023.0,ORT,45.0,NESW,395.0,R,0.0,0.0,,,,,,,,KDZ_KDZCS23338SS,2333,,0.0,0.0,0.0,,0.0,0.0,0.0,0.0
2025,KDZ,CS,KDZCS23338SS,20.0,0,0.0,0.0,0.0,0.0,GHW,SO4,338,3.0,1.5,222.0,2023.0,ORT,45.0,NESW,395.0,R,0.0,0.0,,,,,,,,KDZ_KDZCS23338SS,2333,,0.0,0.0,0.0,,0.0,0.0,0.0,0.0
2020,MAN,CS,MANCS16412R,13.2,0,0.0,0.0,4.66,,GALIL,R110,,2.75,1.5,242.0,2016.0,RNF,0.0,,0.0,R,0.0,140.0,,,,,,,,MAN_MANCS16412R,1641,,4.66,0.0,140.0,0.0,,,,
2021,MAN,CS,MANCS16412R,13.2,0,0.0,0.0,0.0,4.66,GALIL,R110,,2.75,1.5,242.0,2016.0,RNF,0.0,,0.0,R,0.0,0.0,,,,,,,,MAN_MANCS16412R,1641,,0.0,0.0,0.0,,0.0,4.66,140.0,-140.0
2022,MAN,CS,MANCS16412R,13.2,0,0.0,0.0,3.12,0.0,GALIL,R110,,2.75,1.5,242.0,2016.0,RNF,0.0,,0.0,R,0.0,140.33,,,,,,,,MAN_MANCS16412R,1641,,3.12,0.0,140.33,0.0,0.0,0.0,0.0,140.33
2023,MAN,CS,MANCS16412R,13.2,0,0.0,0.0,4.2,3.12,GALIL,R110,,2.75,1.5,242.0,2016.0,RNF,0.0,,0.0,R,0.0,0.0,,,,,,,,MAN_MANCS16412R,1641,,4.2,0.0,0.0,,0.0,3.12,140.33,-140.33
2024,MAN,CS,MANCS16412R,13.2,0,0.0,0.0,3.18,4.2,GALIL,R110,,2.75,1.5,242.0,2016.0,RNF,0.0,,0.0,R,0.0,0.0,,,,,,,,MAN_MANCS16412R,1641,,3.18,0.0,0.0,,0.0,4.2,0.0,0.0
2025,MAN,CS,MANCS16412R,13.2,0,0.0,0.0,6.36,3.18,GALIL,R110,,2.75,1.5,242.0,2016.0,RNF,0.0,,0.0,R,0.0,0.0,,,,,,,,MAN_MANCS16412R,1641,,6.36,0.0,0.0,,0.0,3.18,0.0,0.0
2020,MAT,CS,MAT2017,26.0,0,0.0,0.0,0.0,,,,,,,,,,,,,,,,,,,,,,,MAT_MAT2017,2017,,0.0,,,,,,,
2020,MAT,CS,MATCS09,16.5,0,0.0,0.0,3.8,,GALIL,R110,338,3.0,1.5,222.0,2009.0,YRN,0.0,N-S,0.0,R,0.0,0.0,,,,,,,,MAT_MATCS09,09,,3.8,0.0,0.0,,,,,
2021,MAT,CS,MATCS09,16.5,0,0.0,0.0,9.6,3.8,GALIL,R110,338,3.0,1.5,222.0,2009.0,YRN,0.0,N-S,0.0,R,0.0,0.0,,,,,,,,MAT_MATCS09,09,,9.6,0.0,0.0,,0.0,3.8,0.0,0.0
2022,MAT,CS,MATCS09,16.5,0,0.0,0.0,12.86,9.6,GALIL,R110,338,3.0,1.5,222.0,2009.0,YRN,0.0,N-S,0.0,R,0.0,144.67,,,,,,,,MAT_MATCS09,09,,12.86,0.0,144.67,0.0,0.0,9.6,0.0,144.67
2023,MAT,CS,MATCS09,16.5,0,0.0,0.0,8.8,12.86,GALIL,R110,338,3.0,1.5,222.0,2009.0,YRN,0.0,N-S,0.0,R,0.0,0.0,,,,,,,,MAT_MATCS09,09,,8.8,0.0,0.0,,0.0,12.86,144.67,-144.67
2024,MAT,CS,MATCS09,16.5,0,0.0,0.0,0.0,8.8,GALIL,R110,338,3.0,1.5,222.0,2009.0,YRN,0.0,N-S,0.0,R,0.0,0.0,,,,,,,,MAT_MATCS09,09,,0.0,0.0,0.0,,0.0,8.8,0.0,0.0
2025,MAT,CS,MATCS09,16.5,0,0.0,0.0,0.0,0.0,GALIL,R110,338,3.0,1.5,222.0,2009.0,YRN,0.0,N-S,0.0,R,0.0,0.0,,,,,,,,MAT_MATCS09,09,,0.0,0.0,0.0,,0.0,0.0,0.0,0.0
2020,MAT,CS,MATCS09338R,16.5,0,0.0,0.0,0.0,,,,,,,,,,,,,,0.0,0.0,,,,,,,,MAT_MATCS09338R,0933,,0.0,,0.0,,,,,
2020,MAT,CS,MATCS18169R,3.9,0,0.0,0.0,0.0,,GALIL,R110,169,2.75,1.5,242.0,2018.0,YRN,0.0,N-S,670.0,R,0.0,0.0,,,,,,,,MAT_MATCS18169R,1816,,0.0,0.0,0.0,,,,,
2021,MAT,CS,MATCS18169R,3.9,0,0.0,0.0,0.78,0.0,GALIL,R110,169,2.75,1.5,242.0,2018.0,YRN,0.0,N-S,670.0,R,0.0,0.0,,,,,,,,MAT_MATCS18169R,1816,,0.78,0.0,0.0,,0.0,0.0,0.0,0.0
2022,MAT,CS,MATCS18169R,3.9,0,0.0,0.0,0.0,0.78,GALIL,R110,169,2.75,1.5,242.0,2018.0,YRN,0.0,N-S,670.0,R,0.0,140.33,,,,,,,,MAT_MATCS18169R,1816,,0.0,0.0,140.33,0.0,0.0,0.78,0.0,140.33
2023,MAT,CS,MATCS18169R,3.9,0,0.0,0.0,1.16,0.0,GALIL,R110,169,2.75,1.5,242.0,2018.0,YRN,0.0,N-S,670.0,R,0.0,0.0,,,,,,,,MAT_MATCS18169R,1816,,1.16,0.0,0.0,,0.0,0.0,140.33,-140.33
2024,MAT,CS,MATCS18169R,3.9,0,0.0,0.0,2.38,1.16,GALIL,R110,169,2.75,1.5,242.0,2018.0,YRN,0.0,N-S,670.0,R,0.0,0.0,,,,,,,,MAT_MATCS18169R,1816,,2.38,0.0,0.0,,0.0,1.16,0.0,0.0
2025,MAT,CS,MATCS18169R,3.9,0,0.0,0.0,4.76,2.38,GALIL,R110,169,2.75,1.5,242.0,2018.0,YRN,0.0,N-S,670.0,R,0.0,0.0,,,,,,,,MAT_MATCS18169R,1816,,4.76,0.0,0.0,,0.0,2.38,0.0,0.0
2020,MAT,CS,MATCS18169RE,0.9,0,0.0,0.0,0.0,,,,,,,,,,,,,,,,,,,,,,,MAT_MATCS18169RE,1816,,0.0,,,,,,,
2021,MAT,CS,MATCS18169RE,0.9,0,0.0,0.0,0.0,0.0,,,,,,,,,,,,,,,,,,,,,,MAT_MATCS18169RE,1816,,0.0,,,,0.0,0.0,,
2020,MAT,CS,MATCS18169RW,3.0,0,0.0,0.0,0.0,,,,,,,,,,,,,,,,,,,,,,,MAT_MATCS18169RW,1816,,0.0,,,,,,,
2021,MAT,CS,MATCS18169RW,3.0,0,0.0,0.0,0.0,0.0,,,,,,,,,,,,,,,,,,,,,,MAT_MATCS18169RW,1816,,0.0,,,,0.0,0.0,,
2021,MAT,CS,MATCS21338R,4.5,0,0.0,0.0,0.0,,,,,,,,,,,,,,,,,,,,,,,MAT_MATCS21338R,2133,,0.0,,,,,,,
2022,MAT,CS,MATCS21338R,4.5,0,0.0,0.0,0.0,0.0,,,,,,,,,,,,,,,,,,,,,,MAT_MATCS21338R,2133,,0.0,,,,0.0,0.0,,
2023,MAT,CS,MATCS21338R,4.5,0,0.0,0.0,0.0,0.0,,,,,,,,,,,,,,,,,,,,,,MAT_MATCS21338R,2133,,0.0,,,,0.0,0.0,,
2024,MAT,CS,MATCS21338R,4.5,0,0.0,0.0,0.0,0.0,,,,,,,,,,,,,,,,,,,,,,MAT_MATCS21338R,2133,,0.0,,,,0.0,0.0,,
2020,MLK,CS,MLKCS07N,30.0,0,0.0,0.0,15.02,,,,,,,,,,,,,,0.0,0.0,,,,,,,,MLK_MLKCS07N,07,,15.02,,0.0,,,,,
2021,MLK,CS,MLKCS07N,30.0,0,0.0,0.0,0.0,15.02,,,,,,,,,,,,,0.0,0.0,,,,,,,,MLK_MLKCS07N,07,,0.0,,0.0,,0.0,15.02,0.0,0.0
2020,MLK,CS,MLKCS07S,30.0,0,0.0,0.0,22.74,,,,,,,,,,,,,,0.0,0.0,,,,,,,,MLK_MLKCS07S,07,,22.74,,0.0,,,,,
2021,MLK,CS,MLKCS07S,30.0,0,0.0,0.0,0.0,22.74,,,,,,,,,,,,,0.0,0.0,,,,,,,,MLK_MLKCS07S,07,,0.0,,0.0,,0.0,22.74,0.0,0.0
2020,MLK,CS,MLKCS09169P,14.7,0,0.0,0.0,9.44,,GALIL,PAUL1103,169,2.75,1.5,222.0,2009.0,RNF,0.0,NE,0.0,R,0.0,0.0,,,,,,,,MLK_MLKCS09169P,0916,,9.44,0.0,0.0,,,,,
2021,MLK,CS,MLKCS09169P,14.7,0,0.0,0.0,5.64,9.44,GALIL,PAUL1103,169,2.75,1.5,222.0,2009.0,RNF,0.0,NE,0.0,R,0.0,0.0,,,,,,,,MLK_MLKCS09169P,0916,,5.64,0.0,0.0,,0.0,9.44,0.0,0.0
2022,MLK,CS,MLKCS09169P,14.7,0,0.0,0.0,13.36,5.64,GALIL,PAUL1103,169,2.75,1.5,222.0,2009.0,RNF,0.0,NE,0.0,R,0.0,156.33,,,,,,,,MLK_MLKCS09169P,0916,,13.36,0.0,156.33,0.0,0.0,5.64,0.0,156.33
2023,MLK,CS,MLKCS09169P,14.7,0,0.0,0.0,6.56,13.36,GALIL,PAUL1103,169,2.75,1.5,222.0,2009.0,RNF,0.0,NE,0.0,R,15.0,0.0,,,,,,,,MLK_MLKCS09169P,0916,,6.56,0.001149108291965435,0.0,,0.0,13.36,156.33,-156.33
2024,MLK,CS,MLKCS09169P,14.7,0,0.0,0.0,0.0,6.56,GALIL,PAUL1103,169,2.75,1.5,222.0,2009.0,RNF,0.0,NE,0.0,R,0.0,0.0,,,,,,,,MLK_MLKCS09169P,0916,,0.0,0.0,0.0,,0.0,6.56,0.0,0.0
2025,MLK,CS,MLKCS09169P,14.7,0,0.0,0.0,0.0,0.0,GALIL,PAUL1103,169,2.75,1.5,222.0,2009.0,RNF,0.0,NE,0.0,R,0.0,0.0,,,,,,,,MLK_MLKCS09169P,0916,,0.0,0.0,0.0,,0.0,0.0,0.0,0.0
2020,MLK,CS,MLKCS09338R,14.1,0,0.0,0.0,15.3,,GALIL,R110,338,2.75,1.5,222.0,2009.0,RNF,0.0,NE,0.0,R,0.0,0.0,,,,,,,,MLK_MLKCS09338R,0933,,15.3,0.0,0.0,,,,,
2021,MLK,CS,MLKCS09338R,14.1,0,0.0,0.0,9.82,15.3,GALIL,R110,338,2.75,1.5,222.0,2009.0,RNF,0.0,NE,0.0,R,0.0,0.0,,,,,,,,MLK_MLKCS09338R,0933,,9.82,0.0,0.0,,0.0,15.3,0.0,0.0
2022,MLK,CS,MLKCS09338R,14.1,0,0.0,0.0,14.84,9.82,GALIL,R110,338,2.75,1.5,222.0,2009.0,RNF,0.0,NE,0.0,R,0.0,157.67,,,,,,,,MLK_MLKCS09338R,0933,,14.84,0.0,157.67,0.0,0.0,9.82,0.0,157.67
2023,MLK,CS,MLKCS09338R,14.1,0,0.0,0.0,10.76,14.84,GALIL,R110,338,2.75,1.5,222.0,2009.0,RNF,0.0,NE,0.0,R,18.0,0.0,,,,,,,,MLK_MLKCS09338R,0933,,10.76,0.001437607820586544,0.0,,0.0,14.84,157.67,-157.67
2024,MLK,CS,MLKCS09338R,14.1,0,0.0,0.0,0.0,10.76,GALIL,R110,338,2.75,1.5,222.0,2009.0,RNF,0.0,NE,0.0,R,0.0,0.0,,,,,,,,MLK_MLKCS09338R,0933,,0.0,0.0,0.0,,0.0,10.76,0.0,0.0
2025,MLK,CS,MLKCS09338R,14.1,0,0.0,0.0,0.0,0.0,GALIL,R110,338,2.75,1.5,222.0,2009.0,RNF,0.0,NE,0.0,R,0.0,0.0,,,,,,,,MLK_MLKCS09338R,0933,,0.0,0.0,0.0,,0.0,0.0,0.0,0.0
2020,MRG,CS,MRGCS0522N,11.3,2,0.26,14.0,11.42,,,,,,,,,,,,,,38.0,171.0,,,,,,,,MRG_MRGCS0522N,0522,,-2.58,,171.0,,,,,
2021,MRG,CS,MRGCS0522N,11.3,0,0.0,9.04,11.93,11.42,,,,,,,,,,,,,26.0,0.0,,,,,,,,MRG_MRGCS0522N,0522,,2.8900000000000006,,0.0,,14.0,-2.58,171.0,-171.0
2022,MRG,CS,MRGCS0522N,11.3,3,0.0,12.0,13.44,11.93,,,,,,,,,,,,,39.0,0.0,,,,,,,,MRG_MRGCS0522N,0522,,1.4399999999999995,,0.0,,9.04,2.8900000000000006,0.0,0.0
2023,MRG,CS,MRGCS0522N,11.3,0,0.0,0.0,0.0,13.44,,,,,,,,,,,,,0.0,0.0,,,,,,,,MRG_MRGCS0522N,0522,,0.0,,0.0,,12.0,1.4399999999999995,0.0,0.0
2020,MRG,CS,MRGCS0522S,14.7,3,0.29,16.0,22.04,,GHW,R110,22,3.0,1.5,222.0,2005.0,MRG,35.0,NS,950.0,R,42.0,150.0,,,,,,,,MRG_MRGCS0522S,0522,,6.039999999999999,0.0032175032175032177,150.0,2.1450021450021453e-05,,,,
2021,MRG,CS,MRGCS0522S,14.7,0,0.0,14.7,13.65,22.04,GHW,R110,22,3.0,1.5,222.0,2005.0,MRG,35.0,NS,950.0,R,24.0,0.0,,,,,,,,MRG_MRGCS0522S,0522,,-1.049999999999999,0.001838573267144696,0.0,,16.0,6.039999999999999,150.0,-150.0
2022,MRG,CS,MRGCS0522S,14.7,3,0.0,21.0,15.62,13.65,GHW,R110,22,3.0,1.5,222.0,2005.0,MRG,35.0,NS,950.0,R,39.0,0.0,,,,,,,,MRG_MRGCS0522S,0522,,-5.380000000000001,0.002987681559110131,0.0,,14.7,-1.049999999999999,0.0,0.0
2023,MRG,CS,MRGCS0522S,14.7,3,0.0,15.1,6.76,15.62,GHW,R110,22,3.0,1.5,222.0,2005.0,MRG,35.0,NS,950.0,R,16.0,0.0,,,,,,,,MRG_MRGCS0522S,0522,,-8.34,0.0012257155114297972,0.0,,21.0,-5.380000000000001,0.0,0.0
2024,MRG,CS,MRGCS0522S,14.7,3,0.0,17.0,9.16,6.76,GHW,R110,22,3.0,1.5,222.0,2005.0,MRG,35.0,NS,950.0,R,20.0,0.0,,,,,,,,MRG_MRGCS0522S,0522,,-7.84,0.0015321443892872466,0.0,,15.1,-8.34,0.0,0.0
2025,MRG,CS,MRGCS0522S,14.7,4,0.0,11.0,8.62,9.16,GHW,R110,22,3.0,1.5,222.0,2005.0,MRG,35.0,NS,950.0,R,0.0,0.0,,,,,,,,MRG_MRGCS0522S,0522,,-2.380000000000001,0.0,0.0,,17.0,-7.84,0.0,0.0
2020,MRG,CS,MRGCS05GOEN,16.4,3,0.32,18.0,19.03,,GHW,R110,GOLAN,3.0,1.5,222.0,2005.0,MRG,35.0,NS,950.0,R,40.0,160.0,,,,,,,,MRG_MRGCS05GOEN,05,,1.0300000000000011,0.002746649088112503,160.0,1.7166556800703144e-05,,,,
2021,MRG,CS,MRGCS05GOEN,16.4,0,0.0,16.4,13.48,19.03,GHW,R110,GOLAN,3.0,1.5,222.0,2005.0,MRG,35.0,NS,950.0,R,27.0,0.0,,,,,,,,MRG_MRGCS05GOEN,05,,-2.919999999999998,0.0018539881344759395,0.0,,18.0,1.0300000000000011,160.0,-160.0
2022,MRG,CS,MRGCS05GOEN,16.4,4,0.0,18.0,16.9,13.48,GHW,R110,GOLAN,3.0,1.5,222.0,2005.0,MRG,35.0,NS,950.0,R,36.0,121.0,,,,,,,,MRG_MRGCS05GOEN,05,,-1.1000000000000014,0.0024719841793012527,121.0,2.0429621316539278e-05,16.4,-2.919999999999998,0.0,121.0
2023,MRG,CS,MRGCS05GOEN,16.4,3,0.0,15.8,8.42,16.9,GHW,R110,GOLAN,3.0,1.5,222.0,2005.0,MRG,35.0,NS,950.0,R,19.0,0.0,,,,,,,,MRG_MRGCS05GOEN,05,,-7.380000000000001,0.0013046583168534389,0.0,,18.0,-1.1000000000000014,121.0,-121.0
2024,MRG,CS,MRGCS05GOEN,16.4,3,0.0,16.0,12.82,8.42,GHW,R110,GOLAN,3.0,1.5,222.0,2005.0,MRG,35.0,NS,950.0,R,23.0,0.0,,,,,,,,MRG_MRGCS05GOEN,05,,-3.1799999999999997,0.0015793232256646893,0.0,,15.8,-7.380000000000001,0.0,0.0
2025,MRG,CS,MRGCS05GOEN,16.4,3,0.0,13.0,12.94,12.82,GHW,R110,GOLAN,3.0,1.5,222.0,2005.0,MRG,35.0,NS,950.0,R,0.0,0.0,,,,,,,,MRG_MRGCS05GOEN,05,,-0.0600000000000005,0.0,0.0,,16.0,-3.1799999999999997,0.0,0.0
2020,MRG,CS,MRGCS05GOES,23.1,3,0.31,23.0,26.67,,GHW,R110,GOLAN,3.0,1.5,222.0,2005.0,MRG,35.0,NS,950.0,R,36.0,171.0,,,,,,,,MRG_MRGCS05GOES,05,,3.6700000000000017,0.0017550017550017546,171.0,1.0263168157904998e-05,,,,
2021,MRG,CS,MRGCS05GOES,23.1,0,0.0,20.79,20.04,26.67,GHW,R110,GOLAN,3.0,1.5,222.0,2005.0,MRG,35.0,NS,950.0,R,28.0,0.0,,,,,,,,MRG_MRGCS05GOES,05,,-0.75,0.0013650013650013649,0.0,,23.0,3.6700000000000017,171.0,-171.0
2022,MRG,CS,MRGCS05GOES,23.1,4,0.0,25.0,20.46,20.04,GHW,R110,GOLAN,3.0,1.5,222.0,2005.0,MRG,35.0,NS,950.0,R,32.0,121.0,,,,,,,,MRG_MRGCS05GOES,05,,-4.539999999999999,0.0015600015600015598,121.0,1.2892574876045948e-05,20.79,-0.75,0.0,121.0
2023,MRG,CS,MRGCS05GOES,23.1,3,0.0,21.4,11.38,20.46,GHW,R110,GOLAN,3.0,1.5,222.0,2005.0,MRG,35.0,NS,950.0,R,14.0,0.0,,,,,,,,MRG_MRGCS05GOES,05,,-10.019999999999998,0.0006825006825006824,0.0,,25.0,-4.539999999999999,121.0,-121.0
2024,MRG,CS,MRGCS05GOES,23.1,3,0.0,22.0,17.38,11.38,GHW,R110,GOLAN,3.0,1.5,222.0,2005.0,MRG,35.0,NS,950.0,R,24.0,0.0,,,,,,,,MRG_MRGCS05GOES,05,,-4.620000000000001,0.0011700011700011698,0.0,,21.4,-10.019999999999998,0.0,0.0
2025,MRG,CS,MRGCS05GOES,23.1,3,0.0,17.0,14.28,17.38,GHW,R110,GOLAN,3.0,1.5,222.0,2005.0,MRG,35.0,NS,950.0,R,0.0,0.0,,,,,,,,MRG_MRGCS05GOES,05,,-2.7200000000000006,0.0,0.0,,22.0,-4.620000000000001,0.0,0.0
2020,MRG,CS,MRGCS05GOWN,14.2,3,0.28,13.0,16.14,,,,,,,,,,,,,,41.0,23.0,,,,,,,,MRG_MRGCS05GOWN,05,,3.1400000000000006,,23.0,,,,,
2021,MRG,CS,MRGCS05GOWN,14.2,0,0.0,14.2,11.66,16.14,,,,,,,,,,,,,27.0,0.0,,,,,,,,MRG_MRGCS05GOWN,05,,-2.539999999999999,,0.0,,13.0,3.1400000000000006,23.0,-23.0
2022,MRG,CS,MRGCS05GOWN,14.2,4,0.0,16.0,14.04,11.66,,,,,,,,,,,,,43.0,0.0,,,,,,,,MRG_MRGCS05GOWN,05,,-1.9600000000000009,,0.0,,14.2,-2.539999999999999,0.0,0.0
2023,MRG,CS,MRGCS05GOWN,14.2,0,0.0,0.0,0.0,14.04,,,,,,,,,,,,,0.0,0.0,,,,,,,,MRG_MRGCS05GOWN,05,,0.0,,0.0,,16.0,-1.9600000000000009,0.0,0.0
2020,MRG,CS,MRGCS05GOWS,14.2,3,0.31,14.0,16.39,,GHW,R110,GOLAN,3.0,1.5,222.0,2005.0,MRG,35.0,NS,950.0,R,45.0,156.0,,,,,,,,MRG_MRGCS05GOWS,05,,2.3900000000000006,0.003568709554625048,156.0,2.2876343298878514e-05,,,,
2021,MRG,CS,MRGCS05GOWS,14.2,0,0.0,12.78,11.46,16.39,GHW,R110,GOLAN,3.0,1.5,222.0,2005.0,MRG,35.0,NS,950.0,R,28.0,0.0,,,,,,,,MRG_MRGCS05GOWS,05,,-1.3199999999999985,0.0022205303895444744,0.0,,14.0,2.3900000000000006,156.0,-156.0
2022,MRG,CS,MRGCS05GOWS,14.2,4,0.0,14.0,12.44,11.46,GHW,R110,GOLAN,3.0,1.5,222.0,2005.0,MRG,35.0,NS,950.0,R,35.0,0.0,,,,,,,,MRG_MRGCS05GOWS,05,,-1.5600000000000005,0.0027756629869305927,0.0,,12.78,-1.3199999999999985,0.0,0.0
2023,MRG,CS,MRGCS05GOWS,14.2,3,0.0,12.9,6.24,12.44,GHW,R110,GOLAN,3.0,1.5,222.0,2005.0,MRG,35.0,NS,950.0,R,16.0,0.0,,,,,,,,MRG_MRGCS05GOWS,05,,-6.66,0.0012688745083111281,0.0,,14.0,-1.5600000000000005,0.0,0.0
2024,MRG,CS,MRGCS05GOWS,14.2,3,0.0,13.0,9.08,6.24,GHW,R110,GOLAN,3.0,1.5,222.0,2005.0,MRG,35.0,NS,950.0,R,21.0,0.0,,,,,,,,MRG_MRGCS05GOWS,05,,-3.92,0.0016653977921583557,0.0,,12.9,-6.66,0.0,0.0
2025,MRG,CS,MRGCS05GOWS,14.2,4,0.0,10.0,7.62,9.08,GHW,R110,GOLAN,3.0,1.5,222.0,2005.0,MRG,35.0,NS,950.0,R,0.0,0.0,,,,,,,,MRG_MRGCS05GOWS,05,,-2.38,0.0,0.0,,13.0,-3.92,0.0,0.0
2020,MRG,CS,MRGCS06NE,23.6,3,0.33,28.0,21.27,,,,,,,,,,,,,,41.0,120.0,,,,,,,,MRG_MRGCS06NE,06,,-6.73,,120.0,,,,,
2021,MRG,CS,MRGCS06NE,23.6,0,0.0,18.88,16.9,21.27,,,,,,,,,,,,,27.0,0.0,,,,,,,,MRG_MRGCS06NE,06,,-1.9800000000000004,,0.0,,28.0,-6.73,120.0,-120.0
2022,MRG,CS,MRGCS06NE,23.6,4,0.0,0.0,0.0,16.9,,,,,,,,,,,,,0.0,0.0,,,,,,,,MRG_MRGCS06NE,06,,0.0,,0.0,,18.88,-1.9800000000000004,0.0,0.0
2020,MRG,CS,MRGCS06NW,18.2,3,0.35,23.0,16.46,,,,,,,,,,,,,,44.0,100.0,,,,,,,,MRG_MRGCS06NW,06,,-6.539999999999999,,100.0,,,,,
2021,MRG,CS,MRGCS06NW,18.2,0,0.0,14.56,13.52,16.46,,,,,,,,,,,,,26.0,0.0,,,,,,,,MRG_MRGCS06NW,06,,-1.040000000000001,,0.0,,23.0,-6.539999999999999,100.0,-100.0
2022,MRG,CS,MRGCS06NW,18.2,4,0.0,0.0,0.0,13.52,,,,,,,,,,,,,0.0,0.0,,,,,,,,MRG_MRGCS06NW,06,,0.0,,0.0,,14.56,-1.040000000000001,0.0,0.0
2020,MRG,CS,MRGCS06SE,17.3,3,0.31,21.0,19.96,,,,,,,,,,,,,,45.0,116.0,,,,,,,,MRG_MRGCS06SE,06,,-1.0399999999999991,,116.0,,,,,
2021,MRG,CS,MRGCS06SE,17.3,0,0.0,19.03,14.41,19.96,,,,,,,,,,,,,27.0,0.0,,,,,,,,MRG_MRGCS06SE,06,,-4.620000000000001,,0.0,,21.0,-1.0399999999999991,116.0,-116.0
2022,MRG,CS,MRGCS06SE,17.3,4,0.0,21.0,20.58,14.41,,,,,,,,,,,,,44.0,118.0,,,,,,,,MRG_MRGCS06SE,06,,-0.4200000000000017,,118.0,,19.03,-4.620000000000001,0.0,118.0
2023,MRG,CS,MRGCS06SE,17.3,4,0.0,17.4,9.54,20.58,,,,,,,,,,,,,20.0,0.0,,,,,,,,MRG_MRGCS06SE,06,,-7.859999999999999,,0.0,,21.0,-0.4200000000000017,118.0,-118.0
2024,MRG,CS,MRGCS06SE,17.3,3,0.0,18.0,10.24,9.54,,,,,,,,,,,,,24.0,0.0,,,,,,,,MRG_MRGCS06SE,06,,-7.76,,0.0,,17.4,-7.859999999999999,0.0,0.0
2025,MRG,CS,MRGCS06SE,17.3,4,0.0,14.0,6.26,10.24,,,,,,,,,,,,,0.0,0.0,,,,,,,,MRG_MRGCS06SE,06,,-7.74,,0.0,,18.0,-7.76,0.0,0.0
2020,MRG,CS,MRGCS06SW,20.1,3,0.33,20.0,21.09,,,,,,,,,,,,,,47.0,121.0,,,,,,,,MRG_MRGCS06SW,06,,1.0899999999999999,,121.0,,,,,
2021,MRG,CS,MRGCS06SW,20.1,0,0.0,20.1,15.55,21.09,,,,,,,,,,,,,26.0,0.0,,,,,,,,MRG_MRGCS06SW,06,,-4.550000000000001,,0.0,,20.0,1.0899999999999999,121.0,-121.0
2022,MRG,CS,MRGCS06SW,20.1,3,0.0,22.0,21.4,15.55,,,,,,,,,,,,,43.0,105.0,,,,,,,,MRG_MRGCS06SW,06,,-0.6000000000000014,,105.0,,20.1,-4.550000000000001,0.0,105.0
2023,MRG,CS,MRGCS06SW,20.1,3,0.0,18.8,12.9,21.4,,,,,,,,,,,,,21.0,0.0,,,,,,,,MRG_MRGCS06SW,06,,-5.9,,0.0,,22.0,-0.6000000000000014,105.0,-105.0
2024,MRG,CS,MRGCS06SW,20.1,2,0.0,19.0,14.28,12.9,,,,,,,,,,,,,19.0,0.0,,,,,,,,MRG_MRGCS06SW,06,,-4.720000000000001,,0.0,,18.8,-5.9,0.0,0.0
2025,MRG,CS,MRGCS06SW,20.1,3,0.0,16.0,8.74,14.28,,,,,,,,,,,,,0.0,0.0,,,,,,,,MRG_MRGCS06SW,06,,-7.26,,0.0,,19.0,-4.720000000000001,0.0,0.0
2020,MRG,CS,MRGCS07F,7.7,2,0.25,12.0,15.4,,GHW,R110,GOLAN,3.0,1.5,222.0,2007.0,MRG,35.0,NS,940.0,R,35.0,136.0,,,,,,,,MRG_MRGCS07F,07,,3.4000000000000004,0.005118755118755119,136.0,3.7637905284964104e-05,,,,
2021,MRG,CS,MRGCS07F,7.7,0,0.0,11.35,11.46,15.4,GHW,R110,GOLAN,3.0,1.5,222.0,2007.0,MRG,35.0,NS,940.0,R,39.0,96.0,,,,,,,,MRG_MRGCS07F,07,,0.11000000000000121,0.0057037557037557035,96.0,5.941412191412191e-05,12.0,3.4000000000000004,136.0,-40.0
2022,MRG,CS,MRGCS07F,7.7,3,0.0,12.0,15.4,11.46,GHW,R110,GOLAN,3.0,1.5,222.0,2007.0,MRG,35.0,NS,940.0,R,84.0,131.0,,,,,,,,MRG_MRGCS07F,07,,3.4000000000000004,0.012285012285012284,131.0,9.37787197329182e-05,11.35,0.11000000000000121,96.0,35.0
2023,MRG,CS,MRGCS07F,7.7,3,0.0,13.3,11.92,15.4,GHW,R110,GOLAN,3.0,1.5,222.0,2007.0,MRG,35.0,NS,940.0,R,29.0,0.0,,,,,,,,MRG_MRGCS07F,07,,-1.3800000000000008,0.004241254241254241,0.0,,12.0,3.4000000000000004,131.0,-131.0
2024,MRG,CS,MRGCS07F,7.7,3,0.0,14.0,11.5,11.92,GHW,R110,GOLAN,3.0,1.5,222.0,2007.0,MRG,35.0,NS,940.0,R,35.0,0.0,,,,,,,,MRG_MRGCS07F,07,,-2.5,0.005118755118755119,0.0,,13.3,-1.3800000000000008,0.0,0.0
2025,MRG,CS,MRGCS07F,7.7,3,0.0,13.0,10.54,11.5,GHW,R110,GOLAN,3.0,1.5,222.0,2007.0,MRG,35.0,NS,940.0,R,0.0,0.0,,,,,,,,MRG_MRGCS07F,07,,-2.460000000000001,0.0,0.0,,14.0,-2.5,0.0,0.0
2020,MRG,CS,MRGCS07N,10.1,2,0.25,11.0,8.87,,,,,,,,,,,,,,44.0,153.0,,,,,,,,MRG_MRGCS07N,07,,-2.130000000000001,,153.0,,,,,
2021,MRG,CS,MRGCS07N,10.1,0,0.0,0.0,0.0,8.87,,,,,,,,,,,,,0.0,0.0,,,,,,,,MRG_MRGCS07N,07,,0.0,,0.0,,11.0,-2.130000000000001,153.0,-153.0
2020,MRG,CS,MRGCS07S,19.4,3,0.2,23.0,18.52,,,,,,,,,,,,,,41.0,160.0,,,,,,,,MRG_MRGCS07S,07,,-4.48,,160.0,,,,,
2021,MRG,CS,MRGCS07S,19.4,0,0.0,18.43,15.16,18.52,,,,,,,,,,,,,26.0,0.0,,,,,,,,MRG_MRGCS07S,07,,-3.2699999999999996,,0.0,,23.0,-4.48,160.0,-160.0
2022,MRG,CS,MRGCS07S,19.4,3,0.0,19.0,19.04,15.16,,,,,,,,,,,,,34.0,137.0,,,,,,,,MRG_MRGCS07S,07,,0.03999999999999915,,137.0,,18.43,-3.2699999999999996,0.0,137.0
2023,MRG,CS,MRGCS07S,19.4,3,0.0,17.4,12.28,19.04,,,,,,,,,,,,,19.0,0.0,,,,,,,,MRG_MRGCS07S,07,,-5.119999999999999,,0.0,,19.0,0.03999999999999915,137.0,-137.0
2024,MRG,CS,MRGCS07S,19.4,3,0.0,18.0,16.34,12.28,,,,,,,,,,,,,18.0,0.0,,,,,,,,MRG_MRGCS07S,07,,-1.6600000000000001,,0.0,,17.4,-5.119999999999999,0.0,0.0
2025,MRG,CS,MRGCS07S,19.4,3,0.0,16.0,8.48,16.34,,,,,,,,,,,,,0.0,0.0,,,,,,,,MRG_MRGCS07S,07,,-7.52,,0.0,,18.0,-1.6600000000000001,0.0,0.0
2020,MRG,CS,MRGCS09338PA,16.4,4,0.26,20.0,25.2,,,,,,,,,,,,,,32.0,123.0,,,,,,,,MRG_MRGCS09338PA,0933,,5.199999999999999,,123.0,,,,,
2021,MRG,CS,MRGCS09338PA,16.4,0,0.0,17.46,14.49,25.2,,,,,,,,,,,,,28.0,0.0,,,,,,,,MRG_MRGCS09338PA,0933,,-2.9700000000000006,,0.0,,20.0,5.199999999999999,123.0,-123.0
2022,MRG,CS,MRGCS09338PA,16.4,4,0.0,23.0,18.92,14.49,,,,,,,,,,,,,38.0,129.0,,,,,,,,MRG_MRGCS09338PA,0933,,-4.079999999999998,,129.0,,17.46,-2.9700000000000006,0.0,129.0
2023,MRG,CS,MRGCS09338PA,16.4,0,0.0,0.0,0.0,18.92,,,,,,,,,,,,,21.0,0.0,,,,,,,,MRG_MRGCS09338PA,0933,,0.0,,0.0,,23.0,-4.079999999999998,129.0,-129.0
2023,MRG,CS,MRGCS09338PAN,7.0,3,0.0,7.7,4.84,,GHW,PAUL1103,338,2.5,1.5,267.0,2009.0,MRG,50.0,EW,970.0,R,0.0,0.0,,,,,,,,MRG_MRGCS09338PAN,0933,,-2.8600000000000003,0.0,0.0,,,,,
2024,MRG,CS,MRGCS09338PAN,7.0,3,0.0,8.0,5.12,4.84,GHW,PAUL1103,338,2.5,1.5,267.0,2009.0,MRG,50.0,EW,970.0,R,19.0,0.0,,,,,,,,MRG_MRGCS09338PAN,0933,,-2.88,0.002541466024612092,0.0,,7.7,-2.8600000000000003,0.0,0.0
2025,MRG,CS,MRGCS09338PAN,7.0,4,0.0,5.0,4.96,5.12,GHW,PAUL1103,338,2.5,1.5,267.0,2009.0,MRG,50.0,EW,970.0,R,0.0,0.0,,,,,,,,MRG_MRGCS09338PAN,0933,,-0.040000000000000036,0.0,0.0,,8.0,-2.88,0.0,0.0
2023,MRG,CS,MRGCS09338PAS,9.4,4,0.0,10.3,9.7,,GHW,PAUL1103,338,2.5,1.5,267.0,2009.0,MRG,50.0,EW,970.0,R,0.0,0.0,,,,,,,,MRG_MRGCS09338PAS,0933,,-0.6000000000000014,0.0,0.0,,,,,
2024,MRG,CS,MRGCS09338PAS,9.4,3,0.0,10.0,10.64,9.7,GHW,PAUL1103,338,2.5,1.5,267.0,2009.0,MRG,50.0,EW,970.0,R,19.0,0.0,,,,,,,,MRG_MRGCS09338PAS,0933,,0.6400000000000006,0.0018925810821579408,0.0,,10.3,-0.6000000000000014,0.0,0.0
2025,MRG,CS,MRGCS09338PAS,9.4,4,0.0,10.0,9.78,10.64,GHW,PAUL1103,338,2.5,1.5,267.0,2009.0,MRG,50.0,EW,970.0,R,0.0,0.0,,,,,,,,MRG_MRGCS09338PAS,0933,,-0.22000000000000064,0.0,0.0,,10.0,0.6400000000000006,0.0,0.0
2020,MRG,CS,MRGCS09338SAM,6.4,4,0.24,11.0,10.57,,GHW,SO4,338,2.5,1.5,267.0,2009.0,MRG,50.0,EW,970.0,R,33.0,131.0,,,,,,,,MRG_MRGCS09338SAM,0933,,-0.4299999999999997,0.004827949438202247,131.0,3.685457586413929e-05,,,,
2021,MRG,CS,MRGCS09338SAM,6.4,0,0.0,9.3,6.91,10.57,GHW,SO4,338,2.5,1.5,267.0,2009.0,MRG,50.0,EW,970.0,R,31.0,0.0,,,,,,,,MRG_MRGCS09338SAM,0933,,-2.3900000000000006,0.004535346441947565,0.0,,11.0,-0.4299999999999997,131.0,-131.0
2022,MRG,CS,MRGCS09338SAM,6.4,3,0.0,10.0,11.58,6.91,GHW,SO4,338,2.5,1.5,267.0,2009.0,MRG,50.0,EW,970.0,R,44.0,161.0,,,,,,,,MRG_MRGCS09338SAM,0933,,1.58,0.0064372659176029955,161.0,3.9983018121757736e-05,9.3,-2.3900000000000006,0.0,161.0
2023,MRG,CS,MRGCS09338SAM,6.4,4,0.0,9.6,8.68,11.58,GHW,SO4,338,2.5,1.5,267.0,2009.0,MRG,50.0,EW,970.0,R,24.0,0.0,,,,,,,,MRG_MRGCS09338SAM,0933,,-0.9199999999999999,0.0035112359550561792,0.0,,10.0,1.58,161.0,-161.0
2024,MRG,CS,MRGCS09338SAM,6.4,3,0.0,9.0,10.94,8.68,GHW,SO4,338,2.5,1.5,267.0,2009.0,MRG,50.0,EW,970.0,R,23.0,0.0,,,,,,,,MRG_MRGCS09338SAM,0933,,1.9399999999999995,0.0033649344569288385,0.0,,9.6,-0.9199999999999999,0.0,0.0
2025,MRG,CS,MRGCS09338SAM,6.4,4,0.0,10.0,7.26,10.94,GHW,SO4,338,2.5,1.5,267.0,2009.0,MRG,50.0,EW,970.0,R,0.0,0.0,,,,,,,,MRG_MRGCS09338SAM,0933,,-2.74,0.0,0.0,,9.0,1.9399999999999995,0.0,0.0
2020,MRG,CS,MRGCS09338SAN,19.1,3,0.25,31.0,28.07,,GHW,SO4,338,2.5,1.5,267.0,2009.0,MRG,50.0,EW,970.0,R,39.0,146.0,,,,,,,,MRG_MRGCS09338SAN,0933,,-2.9299999999999997,0.0019118771692452495,146.0,1.3095049104419518e-05,,,,
2021,MRG,CS,MRGCS09338SAN,19.1,0,0.0,28.65,26.38,28.07,GHW,SO4,338,2.5,1.5,267.0,2009.0,MRG,50.0,EW,970.0,R,34.0,0.0,,,,,,,,MRG_MRGCS09338SAN,0933,,-2.2699999999999996,0.0016667647116497047,0.0,,31.0,-2.9299999999999997,146.0,-146.0
2022,MRG,CS,MRGCS09338SAN,19.1,4,0.0,29.0,29.74,26.38,GHW,SO4,338,2.5,1.5,267.0,2009.0,MRG,50.0,EW,970.0,R,39.0,0.0,,,,,,,,MRG_MRGCS09338SAN,0933,,0.7399999999999984,0.0019118771692452495,0.0,,28.65,-2.2699999999999996,0.0,0.0
2023,MRG,CS,MRGCS09338SAN,19.1,3,0.0,27.8,23.12,29.74,GHW,SO4,338,2.5,1.5,267.0,2009.0,MRG,50.0,EW,970.0,R,24.0,0.0,,,,,,,,MRG_MRGCS09338SAN,0933,,-4.68,0.001176539796458615,0.0,,29.0,0.7399999999999984,0.0,0.0
2024,MRG,CS,MRGCS09338SAN,19.1,3,0.0,27.0,22.3,23.12,GHW,SO4,338,2.5,1.5,267.0,2009.0,MRG,50.0,EW,970.0,R,24.0,0.0,,,,,,,,MRG_MRGCS09338SAN,0933,,-4.699999999999999,0.001176539796458615,0.0,,27.8,-4.68,0.0,0.0
2025,MRG,CS,MRGCS09338SAN,19.1,4,0.0,25.0,17.54,22.3,GHW,SO4,338,2.5,1.5,267.0,2009.0,MRG,50.0,EW,970.0,R,0.0,0.0,,,,,,,,MRG_MRGCS09338SAN,0933,,-7.460000000000001,0.0,0.0,,27.0,-4.699999999999999,0.0,0.0
2020,MRG,CS,MRGCS09338SAS,6.9,4,0.26,10.0,10.36,,GHW,SO4,338,2.5,1.5,267.0,2009.0,MRG,50.0,EW,970.0,R,34.0,172.0,,,,,,,,MRG_MRGCS09338SAS,0933,,0.35999999999999943,0.004613797969928893,172.0,2.6824406801912166e-05,,,,
2021,MRG,CS,MRGCS09338SAS,6.9,0,0.0,9.66,11.96,10.36,GHW,SO4,338,2.5,1.5,267.0,2009.0,MRG,50.0,EW,970.0,R,30.0,0.0,,,,,,,,MRG_MRGCS09338SAS,0933,,2.3000000000000007,0.0040709982087607875,0.0,,10.0,0.35999999999999943,172.0,-172.0
2022,MRG,CS,MRGCS09338SAS,6.9,4,0.0,10.0,13.12,11.96,GHW,SO4,338,2.5,1.5,267.0,2009.0,MRG,50.0,EW,970.0,R,43.0,0.0,,,,,,,,MRG_MRGCS09338SAS,0933,,3.119999999999999,0.005835097432557129,0.0,,9.66,2.3000000000000007,0.0,0.0
2023,MRG,CS,MRGCS09338SAS,6.9,4,0.0,10.4,10.04,13.12,GHW,SO4,338,2.5,1.5,267.0,2009.0,MRG,50.0,EW,970.0,R,23.0,0.0,,,,,,,,MRG_MRGCS09338SAS,0933,,-0.3600000000000012,0.003121098626716604,0.0,,10.0,3.119999999999999,0.0,0.0
2024,MRG,CS,MRGCS09338SAS,6.9,3,0.0,11.0,9.7,10.04,GHW,SO4,338,2.5,1.5,267.0,2009.0,MRG,50.0,EW,970.0,R,23.0,0.0,,,,,,,,MRG_MRGCS09338SAS,0933,,-1.3000000000000007,0.003121098626716604,0.0,,10.4,-0.3600000000000012,0.0,0.0
2025,MRG,CS,MRGCS09338SAS,6.9,4,0.0,11.0,8.08,9.7,GHW,SO4,338,2.5,1.5,267.0,2009.0,MRG,50.0,EW,970.0,R,0.0,0.0,,,,,,,,MRG_MRGCS09338SAS,0933,,-2.92,0.0,0.0,,11.0,-1.3000000000000007,0.0,0.0
2020,MRG,CS,MRGCS09338SAWZ,9.0,4,0.26,12.0,13.6,,GHW,SO4,338,2.5,1.5,267.0,2009.0,MRG,50.0,EW,970.0,R,33.0,145.0,,,,,,,,MRG_MRGCS09338SAWZ,0933,,1.5999999999999996,0.003433208489388265,145.0,2.367729992681562e-05,,,,
2021,MRG,CS,MRGCS09338SAWZ,9.0,0,0.0,12.6,10.95,13.6,GHW,SO4,338,2.5,1.5,267.0,2009.0,MRG,50.0,EW,970.0,R,27.0,0.0,,,,,,,,MRG_MRGCS09338SAWZ,0933,,-1.6500000000000004,0.0028089887640449437,0.0,,12.0,1.5999999999999996,145.0,-145.0
2022,MRG,CS,MRGCS09338SAWZ,9.0,4,0.0,13.0,16.66,10.95,GHW,SO4,338,2.5,1.5,267.0,2009.0,MRG,50.0,EW,970.0,R,39.0,145.0,,,,,,,,MRG_MRGCS09338SAWZ,0933,,3.66,0.004057428214731586,145.0,2.7982263549873007e-05,12.6,-1.6500000000000004,0.0,145.0
2023,MRG,CS,MRGCS09338SAWZ,9.0,4,0.0,13.0,11.18,16.66,GHW,SO4,338,2.5,1.5,267.0,2009.0,MRG,50.0,EW,970.0,R,25.0,0.0,,,,,,,,MRG_MRGCS09338SAWZ,0933,,-1.8200000000000003,0.002600915522263837,0.0,,13.0,3.66,145.0,-145.0
2024,MRG,CS,MRGCS09338SAWZ,9.0,3,0.0,13.0,10.88,11.18,GHW,SO4,338,2.5,1.5,267.0,2009.0,MRG,50.0,EW,970.0,R,24.0,0.0,,,,,,,,MRG_MRGCS09338SAWZ,0933,,-2.119999999999999,0.0024968789013732834,0.0,,13.0,-1.8200000000000003,0.0,0.0
2025,MRG,CS,MRGCS09338SAWZ,9.0,4,0.0,12.0,8.2,10.88,GHW,SO4,338,2.5,1.5,267.0,2009.0,MRG,50.0,EW,970.0,R,0.0,0.0,,,,,,,,MRG_MRGCS09338SAWZ,0933,,-3.8000000000000007,0.0,0.0,,13.0,-2.119999999999999,0.0,0.0
2020,MRG,CS,MRGCS09GORF,14.6,2,0.22,18.0,20.17,,GHW,R110,GOLAN,3.0,1.5,222.0,2009.0,MRG,35.0,NS,940.0,R,34.0,165.0,,,,,,,,MRG_MRGCS09GORF,09,,2.1700000000000017,0.002622485499197828,165.0,1.5893851510289866e-05,,,,
2021,MRG,CS,MRGCS09GORF,14.6,0,0.0,18.25,18.65,20.17,GHW,R110,GOLAN,3.0,1.5,222.0,2009.0,MRG,35.0,NS,940.0,R,30.0,159.0,,,,,,,,MRG_MRGCS09GORF,09,,0.3999999999999986,0.0023139577934098484,159.0,1.4553193669244329e-05,18.0,2.1700000000000017,165.0,-6.0
2022,MRG,CS,MRGCS09GORF,14.6,2,0.0,19.0,18.48,18.65,GHW,R110,GOLAN,3.0,1.5,222.0,2009.0,MRG,35.0,NS,940.0,R,45.0,142.0,,,,,,,,MRG_MRGCS09GORF,09,,-0.5199999999999996,0.0034709366901147726,142.0,2.444321612756882e-05,18.25,0.3999999999999986,159.0,-17.0
2023,MRG,CS,MRGCS09GORF,14.6,3,0.0,18.4,17.12,18.48,GHW,R110,GOLAN,3.0,1.5,222.0,2009.0,MRG,35.0,NS,940.0,R,22.0,0.0,,,,,,,,MRG_MRGCS09GORF,09,,-1.2799999999999976,0.0016969023818338889,0.0,,19.0,-0.5199999999999996,142.0,-142.0
2024,MRG,CS,MRGCS09GORF,14.6,2,0.0,19.0,15.16,17.12,GHW,R110,GOLAN,3.0,1.5,222.0,2009.0,MRG,35.0,NS,940.0,R,31.0,0.0,,,,,,,,MRG_MRGCS09GORF,09,,-3.84,0.0023910897198568433,0.0,,18.4,-1.2799999999999976,0.0,0.0
2025,MRG,CS,MRGCS09GORF,14.6,2,0.0,17.0,13.08,15.16,GHW,R110,GOLAN,3.0,1.5,222.0,2009.0,MRG,35.0,NS,940.0,R,0.0,0.0,,,,,,,,MRG_MRGCS09GORF,09,,-3.92,0.0,0.0,,19.0,-3.84,0.0,0.0
2020,MSG,CS,MSGCS10169SE,9.7,0,0.29,0.0,7.28,,,,,,,,,,,,,,0.0,0.0,,,,,,,,MSG_MSGCS10169SE,1016,,7.28,,0.0,,,,,
2021,MSG,CS,MSGCS10169SE,9.7,0,0.0,0.0,4.42,7.28,,,,,,,,,,,,,0.0,0.0,,,,,,,,MSG_MSGCS10169SE,1016,,4.42,,0.0,,0.0,7.28,0.0,0.0
2022,MSG,CS,MSGCS10169SE,9.7,0,0.0,0.0,6.74,4.42,,,,,,,,,,,,,0.0,161.0,,,,,,,,MSG_MSGCS10169SE,1016,,6.74,,161.0,,0.0,4.42,0.0,161.0
2023,MSG,CS,MSGCS10169SE,9.7,0,0.0,0.0,3.64,6.74,,,,,,,,,,,,,0.0,0.0,,,,,,,,MSG_MSGCS10169SE,1016,,3.64,,0.0,,0.0,6.74,161.0,-161.0
2024,MSG,CS,MSGCS10169SE,9.7,0,0.0,0.0,0.0,3.64,,,,,,,,,,,,,0.0,0.0,,,,,,,,MSG_MSGCS10169SE,1016,,0.0,,0.0,,0.0,3.64,0.0,0.0
2025,MSG,CS,MSGCS10169SE,9.7,0,0.0,0.0,0.0,0.0,,,,,,,,,,,,,0.0,0.0,,,,,,,,MSG_MSGCS10169SE,1016,,0.0,,0.0,,0.0,0.0,0.0,0.0
2020,MSG,CS,MSGCS10169SW,7.5,0,0.3,0.0,4.4,,,,,,,,,,,,,,0.0,0.0,,,,,,,,MSG_MSGCS10169SW,1016,,4.4,,0.0,,,,,
2021,MSG,CS,MSGCS10169SW,7.5,0,0.0,0.0,6.1,4.4,,,,,,,,,,,,,0.0,0.0,,,,,,,,MSG_MSGCS10169SW,1016,,6.1,,0.0,,0.0,4.4,0.0,0.0
2022,MSG,CS,MSGCS10169SW,7.5,0,0.0,0.0,5.44,6.1,,,,,,,,,,,,,0.0,139.67,,,,,,,,MSG_MSGCS10169SW,1016,,5.44,,139.67,,0.0,6.1,0.0,139.67
2023,MSG,CS,MSGCS10169SW,7.5,0,0.0,0.0,3.38,5.44,,,,,,,,,,,,,0.0,0.0,,,,,,,,MSG_MSGCS10169SW,1016,,3.38,,0.0,,0.0,5.44,139.67,-139.67
2024,MSG,CS,MSGCS10169SW,7.5,0,0.0,0.0,0.0,3.38,,,,,,,,,,,,,0.0,0.0,,,,,,,,MSG_MSGCS10169SW,1016,,0.0,,0.0,,0.0,3.38,0.0,0.0
2025,MSG,CS,MSGCS10169SW,7.5,0,0.0,0.0,0.0,0.0,,,,,,,,,,,,,0.0,0.0,,,,,,,,MSG_MSGCS10169SW,1016,,0.0,,0.0,,0.0,0.0,0.0,0.0
2020,MSG,CS,MSGCS10338P,12.8,0,0.28,0.0,5.38,,,,,,,,,,,,,,0.0,0.0,,,,,,,,MSG_MSGCS10338P,1033,,5.38,,0.0,,,,,
2021,MSG,CS,MSGCS10338P,12.8,0,0.0,0.0,6.4,5.38,,,,,,,,,,,,,0.0,0.0,,,,,,,,MSG_MSGCS10338P,1033,,6.4,,0.0,,0.0,5.38,0.0,0.0
2022,MSG,CS,MSGCS10338P,12.8,0,0.0,0.0,9.16,6.4,,,,,,,,,,,,,0.0,128.0,,,,,,,,MSG_MSGCS10338P,1033,,9.16,,128.0,,0.0,6.4,0.0,128.0
2023,MSG,CS,MSGCS10338P,12.8,0,0.0,0.0,3.84,9.16,,,,,,,,,,,,,0.0,0.0,,,,,,,,MSG_MSGCS10338P,1033,,3.84,,0.0,,0.0,9.16,128.0,-128.0
2024,MSG,CS,MSGCS10338P,12.8,0,0.0,0.0,0.0,3.84,,,,,,,,,,,,,0.0,0.0,,,,,,,,MSG_MSGCS10338P,1033,,0.0,,0.0,,0.0,3.84,0.0,0.0
2025,MSG,CS,MSGCS10338P,12.8,0,0.0,0.0,0.0,0.0,,,,,,,,,,,,,0.0,0.0,,,,,,,,MSG_MSGCS10338P,1033,,0.0,,0.0,,0.0,0.0,0.0,0.0
2020,MSG,CS,MSGCS10338R,16.5,0,0.0,0.0,9.72,,GALIL,R110,338,2.75,1.5,242.0,2010.0,MSG,40.0,NE,700.0,R,0.0,0.0,,,,,,,,MSG_MSGCS10338R,1033,,9.72,0.0,0.0,,,,,
2021,MSG,CS,MSGCS10338R,16.5,0,0.0,0.0,12.38,9.72,GALIL,R110,338,2.75,1.5,242.0,2010.0,MSG,40.0,NE,700.0,R,0.0,0.0,,,,,,,,MSG_MSGCS10338R,1033,,12.38,0.0,0.0,,0.0,9.72,0.0,0.0
2022,MSG,CS,MSGCS10338R,16.5,0,0.0,0.0,13.5,12.38,GALIL,R110,338,2.75,1.5,242.0,2010.0,MSG,40.0,NE,700.0,R,0.0,133.67,,,,,,,,MSG_MSGCS10338R,1033,,13.5,0.0,133.67,0.0,0.0,12.38,0.0,133.67
2023,MSG,CS,MSGCS10338R,16.5,0,0.0,0.0,7.98,13.5,GALIL,R110,338,2.75,1.5,242.0,2010.0,MSG,40.0,NE,700.0,R,0.0,0.0,,,,,,,,MSG_MSGCS10338R,1033,,7.98,0.0,0.0,,0.0,13.5,133.67,-133.67
2024,MSG,CS,MSGCS10338R,16.5,0,0.0,0.0,0.0,7.98,GALIL,R110,338,2.75,1.5,242.0,2010.0,MSG,40.0,NE,700.0,R,0.0,0.0,,,,,,,,MSG_MSGCS10338R,1033,,0.0,0.0,0.0,,0.0,7.98,0.0,0.0
2025,MSG,CS,MSGCS10338R,16.5,0,0.0,0.0,0.0,0.0,GALIL,R110,338,2.75,1.5,242.0,2010.0,MSG,40.0,NE,700.0,R,0.0,0.0,,,,,,,,MSG_MSGCS10338R,1033,,0.0,0.0,0.0,,0.0,0.0,0.0,0.0
2020,MSG,CS,MSGCS10338RF,0.0,0,0.24,0.0,0.0,,,,,,,,,,,,,,0.0,0.0,,,,,,,,MSG_MSGCS10338RF,1033,,0.0,,0.0,,,,,
2021,MSG,CS,MSGCS10338RF,0.0,0,0.0,0.0,0.0,0.0,,,,,,,,,,,,,0.0,0.0,,,,,,,,MSG_MSGCS10338RF,1033,,0.0,,0.0,,0.0,0.0,0.0,0.0
2022,MSG,CS,MSGCS10338RF,0.0,0,0.0,0.0,0.0,0.0,,,,,,,,,,,,,0.0,0.0,,,,,,,,MSG_MSGCS10338RF,1033,,0.0,,0.0,,0.0,0.0,0.0,0.0
2023,MSG,CS,MSGCS10338RF,0.0,0,0.0,0.0,0.0,0.0,,,,,,,,,,,,,0.0,0.0,,,,,,,,MSG_MSGCS10338RF,1033,,0.0,,0.0,,0.0,0.0,0.0,0.0
2020,MSG,CS,MSGCS10338RI,0.0,0,0.24,0.0,0.0,,,,,,,,,,,,,,0.0,0.0,,,,,,,,MSG_MSGCS10338RI,1033,,0.0,,0.0,,,,,
2021,MSG,CS,MSGCS10338RI,0.0,0,0.0,0.0,0.0,0.0,,,,,,,,,,,,,0.0,0.0,,,,,,,,MSG_MSGCS10338RI,1033,,0.0,,0.0,,0.0,0.0,0.0,0.0
2022,MSG,CS,MSGCS10338RI,0.0,0,0.0,0.0,0.0,0.0,,,,,,,,,,,,,0.0,0.0,,,,,,,,MSG_MSGCS10338RI,1033,,0.0,,0.0,,0.0,0.0,0.0,0.0
2023,MSG,CS,MSGCS10338RI,0.0,0,0.0,0.0,0.0,0.0,,,,,,,,,,,,,0.0,0.0,,,,,,,,MSG_MSGCS10338RI,1033,,0.0,,0.0,,0.0,0.0,0.0,0.0
2020,MSG,CS,MSGCS10338RN,13.5,0,0.28,0.0,5.88,,,,,,,,,,,,,,0.0,0.0,,,,,,,,MSG_MSGCS10338RN,1033,,5.88,,0.0,,,,,
2021,MSG,CS,MSGCS10338RN,13.5,0,0.0,0.0,6.28,5.88,,,,,,,,,,,,,0.0,0.0,,,,,,,,MSG_MSGCS10338RN,1033,,6.28,,0.0,,0.0,5.88,0.0,0.0
2022,MSG,CS,MSGCS10338RN,13.5,0,0.0,0.0,7.34,6.28,,,,,,,,,,,,,0.0,137.0,,,,,,,,MSG_MSGCS10338RN,1033,,7.34,,137.0,,0.0,6.28,0.0,137.0
2023,MSG,CS,MSGCS10338RN,13.5,0,0.0,0.0,4.46,7.34,,,,,,,,,,,,,0.0,0.0,,,,,,,,MSG_MSGCS10338RN,1033,,4.46,,0.0,,0.0,7.34,137.0,-137.0
2024,MSG,CS,MSGCS10338RN,13.5,0,0.0,0.0,0.0,4.46,,,,,,,,,,,,,0.0,0.0,,,,,,,,MSG_MSGCS10338RN,1033,,0.0,,0.0,,0.0,4.46,0.0,0.0
2025,MSG,CS,MSGCS10338RN,13.5,0,0.0,0.0,0.0,0.0,,,,,,,,,,,,,0.0,0.0,,,,,,,,MSG_MSGCS10338RN,1033,,0.0,,0.0,,0.0,0.0,0.0,0.0
2020,MSG,CS,MSGCS10338RNB,16.8,0,0.27,0.0,9.42,,,,,,,,,,,,,,0.0,0.0,,,,,,,,MSG_MSGCS10338RNB,1033,,9.42,,0.0,,,,,
2021,MSG,CS,MSGCS10338RNB,16.8,0,0.0,0.0,10.1,9.42,,,,,,,,,,,,,0.0,0.0,,,,,,,,MSG_MSGCS10338RNB,1033,,10.1,,0.0,,0.0,9.42,0.0,0.0
2022,MSG,CS,MSGCS10338RNB,16.8,0,0.0,0.0,10.44,10.1,,,,,,,,,,,,,0.0,133.67,,,,,,,,MSG_MSGCS10338RNB,1033,,10.44,,133.67,,0.0,10.1,0.0,133.67
2023,MSG,CS,MSGCS10338RNB,16.8,0,0.0,0.0,4.26,10.44,,,,,,,,,,,,,0.0,0.0,,,,,,,,MSG_MSGCS10338RNB,1033,,4.26,,0.0,,0.0,10.44,133.67,-133.67
2024,MSG,CS,MSGCS10338RNB,16.8,0,0.0,0.0,0.0,4.26,,,,,,,,,,,,,0.0,0.0,,,,,,,,MSG_MSGCS10338RNB,1033,,0.0,,0.0,,0.0,4.26,0.0,0.0
2025,MSG,CS,MSGCS10338RNB,16.8,0,0.0,0.0,0.0,0.0,,,,,,,,,,,,,0.0,0.0,,,,,,,,MSG_MSGCS10338RNB,1033,,0.0,,0.0,,0.0,0.0,0.0,0.0
2020,MSG,CS,MSGCS10338S,8.3,0,0.26,0.0,5.46,,,,,,,,,,,,,,0.0,0.0,,,,,,,,MSG_MSGCS10338S,1033,,5.46,,0.0,,,,,
2021,MSG,CS,MSGCS10338S,8.3,0,0.0,0.0,7.82,5.46,,,,,,,,,,,,,0.0,0.0,,,,,,,,MSG_MSGCS10338S,1033,,7.82,,0.0,,0.0,5.46,0.0,0.0
2022,MSG,CS,MSGCS10338S,8.3,0,0.0,0.0,6.44,7.82,,,,,,,,,,,,,0.0,147.0,,,,,,,,MSG_MSGCS10338S,1033,,6.44,,147.0,,0.0,7.82,0.0,147.0
2023,MSG,CS,MSGCS10338S,8.3,0,0.0,0.0,4.52,6.44,,,,,,,,,,,,,0.0,0.0,,,,,,,,MSG_MSGCS10338S,1033,,4.52,,0.0,,0.0,6.44,147.0,-147.0
2024,MSG,CS,MSGCS10338S,8.3,0,0.0,0.0,0.0,4.52,,,,,,,,,,,,,0.0,0.0,,,,,,,,MSG_MSGCS10338S,1033,,0.0,,0.0,,0.0,4.52,0.0,0.0
2025,MSG,CS,MSGCS10338S,8.3,0,0.0,0.0,0.0,0.0,,,,,,,,,,,,,0.0,0.0,,,,,,,,MSG_MSGCS10338S,1033,,0.0,,0.0,,0.0,0.0,0.0,0.0
2020,MSG,CS,MSGCS10338SZ,7.2,0,0.24,0.0,6.98,,,,,,,,,,,,,,0.0,0.0,,,,,,,,MSG_MSGCS10338SZ,1033,,6.98,,0.0,,,,,
2021,MSG,CS,MSGCS10338SZ,7.2,0,0.0,0.0,7.48,6.98,,,,,,,,,,,,,0.0,0.0,,,,,,,,MSG_MSGCS10338SZ,1033,,7.48,,0.0,,0.0,6.98,0.0,0.0
2022,MSG,CS,MSGCS10338SZ,7.2,0,0.0,0.0,5.52,7.48,,,,,,,,,,,,,0.0,191.33,,,,,,,,MSG_MSGCS10338SZ,1033,,5.52,,191.33,,0.0,7.48,0.0,191.33
2023,MSG,CS,MSGCS10338SZ,7.2,0,0.0,0.0,3.46,5.52,,,,,,,,,,,,,0.0,0.0,,,,,,,,MSG_MSGCS10338SZ,1033,,3.46,,0.0,,0.0,5.52,191.33,-191.33
2024,MSG,CS,MSGCS10338SZ,7.2,0,0.0,0.0,0.0,3.46,,,,,,,,,,,,,0.0,0.0,,,,,,,,MSG_MSGCS10338SZ,1033,,0.0,,0.0,,0.0,3.46,0.0,0.0
2025,MSG,CS,MSGCS10338SZ,7.2,0,0.0,0.0,0.0,0.0,,,,,,,,,,,,,0.0,0.0,,,,,,,,MSG_MSGCS10338SZ,1033,,0.0,,0.0,,0.0,0.0,0.0,0.0
2020,MSG,CS,MSGCS131214,11.9,0,0.27,0.0,0.0,,,,,,,,,,,,,,0.0,0.0,,,,,,,,MSG_MSGCS131214,1312,,0.0,,0.0,,,,,
2021,MSG,CS,MSGCS131214,11.9,0,0.0,0.0,0.0,0.0,,,,,,,,,,,,,0.0,0.0,,,,,,,,MSG_MSGCS131214,1312,,0.0,,0.0,,0.0,0.0,0.0,0.0
2020,MSG,CS,MSGCS131214_19,0.0,0,0.0,0.0,0.0,,,,,,,,,,,,,,0.0,0.0,,,,,,,,MSG_MSGCS131214_19,1312,,0.0,,0.0,,,,,
2020,MSG,CS,MSGCS1341214,11.9,0,0.0,0.0,2.4,,,,,,,,,,,,,,0.0,0.0,,,,,,,,MSG_MSGCS1341214,1341,,2.4,,0.0,,,,,
2021,MSG,CS,MSGCS1341214,11.9,0,0.0,0.0,2.14,2.4,,,,,,,,,,,,,0.0,0.0,,,,,,,,MSG_MSGCS1341214,1341,,2.14,,0.0,,0.0,2.4,0.0,0.0
2022,MSG,CS,MSGCS1341214,11.9,0,0.0,0.0,4.8,2.14,,,,,,,,,,,,,0.0,140.67,,,,,,,,MSG_MSGCS1341214,1341,,4.8,,140.67,,0.0,2.14,0.0,140.67
2023,MSG,CS,MSGCS1341214,11.9,0,0.0,0.0,3.48,4.8,,,,,,,,,,,,,0.0,0.0,,,,,,,,MSG_MSGCS1341214,1341,,3.48,,0.0,,0.0,4.8,140.67,-140.67
2024,MSG,CS,MSGCS1341214,11.9,0,0.0,0.0,0.0,3.48,,,,,,,,,,,,,0.0,0.0,,,,,,,,MSG_MSGCS1341214,1341,,0.0,,0.0,,0.0,3.48,0.0,0.0
2025,MSG,CS,MSGCS1341214,11.9,0,0.0,0.0,0.0,0.0,,,,,,,,,,,,,0.0,0.0,,,,,,,,MSG_MSGCS1341214,1341,,0.0,,0.0,,0.0,0.0,0.0,0.0
2020,MSR,CS,MSRCS1115R,9.5,0,0.18,0.0,11.8,,GALIL,R110,15,3.0,1.5,222.0,2011.0,RNF,0.0,,0.0,R,0.0,0.0,,,,,,,,MSR_MSRCS1115R,1115,,11.8,0.0,0.0,,,,,
2021,MSR,CS,MSRCS1115R,9.5,0,0.0,0.0,9.08,11.8,GALIL,R110,15,3.0,1.5,222.0,2011.0,RNF,0.0,,0.0,R,0.0,0.0,,,,,,,,MSR_MSRCS1115R,1115,,9.08,0.0,0.0,,0.0,11.8,0.0,0.0
2022,MSR,CS,MSRCS1115R,9.5,0,0.0,0.0,11.74,9.08,GALIL,R110,15,3.0,1.5,222.0,2011.0,RNF,0.0,,0.0,R,0.0,140.67,,,,,,,,MSR_MSRCS1115R,1115,,11.74,0.0,140.67,0.0,0.0,9.08,0.0,140.67
2023,MSR,CS,MSRCS1115R,9.5,0,0.0,0.0,9.02,11.74,GALIL,R110,15,3.0,1.5,222.0,2011.0,RNF,0.0,,0.0,R,26.0,0.0,,,,,,,,MSR_MSRCS1115R,1115,,9.02,0.0030820293978188716,0.0,,0.0,11.74,140.67,-140.67
2024,MSR,CS,MSRCS1115R,9.5,0,0.0,0.0,0.0,9.02,GALIL,R110,15,3.0,1.5,222.0,2011.0,RNF,0.0,,0.0,R,0.0,0.0,,,,,,,,MSR_MSRCS1115R,1115,,0.0,0.0,0.0,,0.0,9.02,0.0,0.0
2025,MSR,CS,MSRCS1115R,9.5,0,0.0,0.0,0.0,0.0,GALIL,R110,15,3.0,1.5,222.0,2011.0,RNF,0.0,,0.0,R,0.0,0.0,,,,,,,,MSR_MSRCS1115R,1115,,0.0,0.0,0.0,,0.0,0.0,0.0,0.0
2020,MVH,CS,MVHCS072214,29.22,1,0.2,28.0,23.76,,,,,,,,,,,,,,34.0,48.0,,,,,,,,MVH_MVHCS072214,0722,,-4.239999999999998,,48.0,,,,,
2021,MVH,CS,MVHCS072214,29.22,0,0.0,26.92,38.11,23.76,,,,,,,,,,,,,35.0,106.0,,,,,,,,MVH_MVHCS072214,0722,,11.189999999999998,,106.0,,28.0,-4.239999999999998,48.0,58.0
2022,MVH,CS,MVHCS072214,29.22,1,0.0,32.0,26.28,38.11,,,,,,,,,,,,,42.0,100.0,,,,,,,,MVH_MVHCS072214,0722,,-5.719999999999999,,100.0,,26.92,11.189999999999998,106.0,-6.0
2023,MVH,CS,MVHCS072214,29.22,0,0.0,0.0,0.0,26.28,,,,,,,,,,,,,0.0,0.0,,,,,,,,MVH_MVHCS072214,0722,,0.0,,0.0,,32.0,-5.719999999999999,100.0,-100.0
2020,MVH,CS,MVHCS072214F,0.0,0,0.0,0.0,0.0,,,,,,,,,,,,,,0.0,0.0,,,,,,,,MVH_MVHCS072214F,0722,,0.0,,0.0,,,,,
2020,MVH,CS,MVHCS072214I,0.0,0,0.0,0.0,0.0,,,,,,,,,,,,,,0.0,0.0,,,,,,,,MVH_MVHCS072214I,0722,,0.0,,0.0,,,,,
2020,MVH,CS,MVHCS0722RE,22.92,1,0.22,18.0,18.44,,,,,,,,,,,,,,29.0,44.0,,,,,,,,MVH_MVHCS0722RE,0722,,0.4400000000000013,,44.0,,,,,
2021,MVH,CS,MVHCS0722RE,22.92,0,0.0,23.45,23.91,18.44,,,,,,,,,,,,,37.0,131.0,,,,,,,,MVH_MVHCS0722RE,0722,,0.46000000000000085,,131.0,,18.0,0.4400000000000013,44.0,87.0
2022,MVH,CS,MVHCS0722RE,22.92,1,0.0,20.0,22.96,23.91,,,,,,,,,,,,,41.0,100.0,,,,,,,,MVH_MVHCS0722RE,0722,,2.960000000000001,,100.0,,23.45,0.46000000000000085,131.0,-31.0
2023,MVH,CS,MVHCS0722RE,22.92,0,0.0,0.0,0.0,22.96,,,,,,,,,,,,,0.0,0.0,,,,,,,,MVH_MVHCS0722RE,0722,,0.0,,0.0,,20.0,2.960000000000001,100.0,-100.0
2020,MVH,CS,MVHCS0722REF,0.0,0,0.0,0.0,0.0,,,,,,,,,,,,,,0.0,0.0,,,,,,,,MVH_MVHCS0722REF,0722,,0.0,,0.0,,,,,
2020,MVH,CS,MVHCS0722REI,0.0,0,0.0,0.0,0.0,,,,,,,,,,,,,,0.0,0.0,,,,,,,,MVH_MVHCS0722REI,0722,,0.0,,0.0,,,,,
2020,MVH,CS,MVHCS0722RNW,10.4,1,0.21,15.0,10.7,,,,,,,,,,,,,,32.0,53.0,,,,,,,,MVH_MVHCS0722RNW,0722,,-4.300000000000001,,53.0,,,,,
2021,MVH,CS,MVHCS0722RNW,10.4,0,0.0,17.22,11.77,10.7,,,,,,,,,,,,,39.0,137.0,,,,,,,,MVH_MVHCS0722RNW,0722,,-5.449999999999999,,137.0,,15.0,-4.300000000000001,53.0,84.0
2022,MVH,CS,MVHCS0722RNW,10.4,1,0.0,14.0,11.52,11.77,,,,,,,,,,,,,41.0,119.0,,,,,,,,MVH_MVHCS0722RNW,0722,,-2.4800000000000004,,119.0,,17.22,-5.449999999999999,137.0,-18.0
2023,MVH,CS,MVHCS0722RNW,10.4,0,0.0,0.0,0.0,11.52,,,,,,,,,,,,,0.0,0.0,,,,,,,,MVH_MVHCS0722RNW,0722,,0.0,,0.0,,14.0,-2.4800000000000004,119.0,-119.0
2020,MVH,CS,MVHCS0722RNWF,0.0,0,0.0,0.0,0.0,,,,,,,,,,,,,,0.0,0.0,,,,,,,,MVH_MVHCS0722RNWF,0722,,0.0,,0.0,,,,,
2020,MVH,CS,MVHCS0722RNWI,0.0,0,0.0,0.0,0.0,,,,,,,,,,,,,,0.0,0.0,,,,,,,,MVH_MVHCS0722RNWI,0722,,0.0,,0.0,,,,,
2020,MVH,CS,MVHCS11169R,20.3,3,0.27,22.0,20.8,,GHW,R110,169,2.5,1.5,267.0,2011.0,ALH,24.0,NS,610.0,R,34.0,132.0,,,,,,,,MVH_MVHCS11169R,1116,,-1.1999999999999993,0.0015682367483994758,132.0,1.1880581427268756e-05,,,,
2021,MVH,CS,MVHCS11169R,20.3,0,0.0,20.3,27.91,20.8,GHW,R110,169,2.5,1.5,267.0,2011.0,ALH,24.0,NS,610.0,R,33.0,125.0,,,,,,,,MVH_MVHCS11169R,1116,,7.609999999999999,0.0015221121381524326,125.0,1.2176897105219461e-05,22.0,-1.1999999999999993,132.0,-7.0
2022,MVH,CS,MVHCS11169R,20.3,3,0.0,28.0,31.73,27.91,GHW,R110,169,2.5,1.5,267.0,2011.0,ALH,24.0,NS,610.0,R,49.0,121.0,,,,,,,,MVH_MVHCS11169R,1116,,3.7300000000000004,0.0022601059021051272,121.0,1.867856117442254e-05,20.3,7.609999999999999,125.0,-4.0
2023,MVH,CS,MVHCS11169R,20.3,3,0.0,20.3,17.88,31.73,GHW,R110,169,2.5,1.5,267.0,2011.0,ALH,24.0,NS,610.0,R,19.0,0.0,,,,,,,,MVH_MVHCS11169R,1116,,-2.4200000000000017,0.0008763675946938248,0.0,,28.0,3.7300000000000004,121.0,-121.0
2024,MVH,CS,MVHCS11169R,20.3,2,0.0,25.0,18.66,17.88,GHW,R110,169,2.5,1.5,267.0,2011.0,ALH,24.0,NS,610.0,R,24.0,0.0,,,,,,,,MVH_MVHCS11169R,1116,,-6.34,0.0011069906459290418,0.0,,20.3,-2.4200000000000017,0.0,0.0
2025,MVH,CS,MVHCS11169R,20.3,2,0.0,15.0,10.22,18.66,GHW,R110,169,2.5,1.5,267.0,2011.0,ALH,24.0,NS,610.0,R,0.0,0.0,,,,,,,,MVH_MVHCS11169R,1116,,-4.779999999999999,0.0,0.0,,25.0,-6.34,0.0,0.0
2020,MVH,CS,MVHCS11338SOEN,7.6,2,0.24,12.0,7.75,,GHW,SO4,338,2.5,1.5,267.0,2011.0,ALH,24.0,NS,610.0,R,30.0,67.0,,,,,,,,MVH_MVHCS11338SOEN,1133,,-4.25,0.003696037847427558,67.0,5.516474399145609e-05,,,,
2021,MVH,CS,MVHCS11338SOEN,7.6,0,0.0,9.09,15.27,7.75,GHW,SO4,338,2.5,1.5,267.0,2011.0,ALH,24.0,NS,610.0,R,28.0,119.0,,,,,,,,MVH_MVHCS11338SOEN,1133,,6.18,0.003449635324265721,119.0,2.898853213668673e-05,12.0,-4.25,67.0,52.0
2022,MVH,CS,MVHCS11338SOEN,7.6,3,0.0,11.0,12.24,15.27,GHW,SO4,338,2.5,1.5,267.0,2011.0,ALH,24.0,NS,610.0,R,45.0,127.0,,,,,,,,MVH_MVHCS11338SOEN,1133,,1.2400000000000002,0.005544056771141337,127.0,4.365399032394753e-05,9.09,6.18,119.0,8.0
2023,MVH,CS,MVHCS11338SOEN,7.6,3,0.0,7.6,8.38,12.24,GHW,SO4,338,2.5,1.5,267.0,2011.0,ALH,24.0,NS,610.0,R,22.0,0.0,,,,,,,,MVH_MVHCS11338SOEN,1133,,0.7800000000000011,0.0027104277547802093,0.0,,11.0,1.2400000000000002,127.0,-127.0
2024,MVH,CS,MVHCS11338SOEN,7.6,1,0.0,11.0,7.36,8.38,GHW,SO4,338,2.5,1.5,267.0,2011.0,ALH,24.0,NS,610.0,R,18.0,0.0,,,,,,,,MVH_MVHCS11338SOEN,1133,,-3.6399999999999997,0.0022176227084565346,0.0,,7.6,0.7800000000000011,0.0,0.0
2025,MVH,CS,MVHCS11338SOEN,7.6,2,0.0,8.0,5.14,7.36,GHW,SO4,338,2.5,1.5,267.0,2011.0,ALH,24.0,NS,610.0,R,0.0,0.0,,,,,,,,MVH_MVHCS11338SOEN,1133,,-2.8600000000000003,0.0,0.0,,11.0,-3.6399999999999997,0.0,0.0
2020,MVH,CS,MVHCS11338SOES,9.6,3,0.26,9.0,9.17,,GHW,SO4,338,2.5,1.5,267.0,2011.0,ALH,24.0,NS,610.0,R,30.0,112.0,,,,,,,,MVH_MVHCS11338SOES,1133,,0.16999999999999993,0.0029260299625468167,112.0,2.6125267522739436e-05,,,,
2021,MVH,CS,MVHCS11338SOES,9.6,0,0.0,7.46,10.76,9.17,GHW,SO4,338,2.5,1.5,267.0,2011.0,ALH,24.0,NS,610.0,R,26.0,114.0,,,,,,,,MVH_MVHCS11338SOES,1133,,3.3,0.002535892634207241,114.0,2.224467222988808e-05,9.0,0.16999999999999993,112.0,2.0
2022,MVH,CS,MVHCS11338SOES,9.6,3,0.0,11.0,13.5,10.76,GHW,SO4,338,2.5,1.5,267.0,2011.0,ALH,24.0,NS,610.0,R,45.0,109.0,,,,,,,,MVH_MVHCS11338SOES,1133,,2.5,0.004389044943820225,109.0,4.026646737449748e-05,7.46,3.3,114.0,-5.0
2023,MVH,CS,MVHCS11338SOES,9.6,3,0.0,9.6,6.34,13.5,GHW,SO4,338,2.5,1.5,267.0,2011.0,ALH,24.0,NS,610.0,R,16.0,0.0,,,,,,,,MVH_MVHCS11338SOES,1133,,-3.26,0.0015605493133583022,0.0,,11.0,2.5,109.0,-109.0
2024,MVH,CS,MVHCS11338SOES,9.6,3,0.0,10.0,0.0,6.34,GHW,SO4,338,2.5,1.5,267.0,2011.0,ALH,24.0,NS,610.0,R,16.0,0.0,,,,,,,,MVH_MVHCS11338SOES,1133,,-10.0,0.0015605493133583022,0.0,,9.6,-3.26,0.0,0.0
2025,MVH,CS,MVHCS11338SOES,9.6,2,0.0,8.0,5.06,0.0,GHW,SO4,338,2.5,1.5,267.0,2011.0,ALH,24.0,NS,610.0,R,0.0,0.0,,,,,,,,MVH_MVHCS11338SOES,1133,,-2.9400000000000004,0.0,0.0,,10.0,-10.0,0.0,0.0
2020,MVH,CS,MVHCS11338SON,7.0,2,0.22,9.0,11.31,,GHW,SO4,338,2.5,1.5,267.0,2011.0,ALH,20.0,NS,610.0,R,35.0,148.0,,,,,,,,MVH_MVHCS11338SON,1133,,2.3100000000000005,0.0046816479400749065,148.0,3.163275635185748e-05,,,,
2021,MVH,CS,MVHCS11338SON,7.0,0,0.0,7.03,9.9,11.31,GHW,SO4,338,2.5,1.5,267.0,2011.0,ALH,20.0,NS,610.0,R,24.0,125.0,,,,,,,,MVH_MVHCS11338SON,1133,,2.87,0.0032102728731942215,125.0,2.568218298555377e-05,9.0,2.3100000000000005,148.0,-23.0
2022,MVH,CS,MVHCS11338SON,7.0,3,0.0,11.0,6.46,9.9,GHW,SO4,338,2.5,1.5,267.0,2011.0,ALH,20.0,NS,610.0,R,32.0,120.0,,,,,,,,MVH_MVHCS11338SON,1133,,-4.54,0.004280363830925628,120.0,3.56696985910469e-05,7.03,2.87,125.0,-5.0
2023,MVH,CS,MVHCS11338SON,7.0,3,0.0,7.0,6.78,6.46,GHW,SO4,338,2.5,1.5,267.0,2011.0,ALH,20.0,NS,610.0,R,22.0,0.0,,,,,,,,MVH_MVHCS11338SON,1133,,-0.21999999999999975,0.0029427501337613697,0.0,,11.0,-4.54,120.0,-120.0
2024,MVH,CS,MVHCS11338SON,7.0,2,0.0,9.0,7.56,6.78,GHW,SO4,338,2.5,1.5,267.0,2011.0,ALH,20.0,NS,610.0,R,22.0,0.0,,,,,,,,MVH_MVHCS11338SON,1133,,-1.4400000000000004,0.0029427501337613697,0.0,,7.0,-0.21999999999999975,0.0,0.0
2025,MVH,CS,MVHCS11338SON,7.0,2,0.0,6.0,3.7,7.56,GHW,SO4,338,2.5,1.5,267.0,2011.0,ALH,20.0,NS,610.0,R,0.0,0.0,,,,,,,,MVH_MVHCS11338SON,1133,,-2.3,0.0,0.0,,9.0,-1.4400000000000004,0.0,0.0
2020,MVH,CS,MVHCS12169R,12.0,3,0.3,11.0,10.02,,GHW,R110,169,2.5,1.5,267.0,2012.0,ALH,20.0,NS,600.0,R,34.0,114.0,,,,,,,,MVH_MVHCS12169R,1216,,-0.9800000000000004,0.0026529338327091136,114.0,2.3271349409729067e-05,,,,
2021,MVH,CS,MVHCS12169R,12.0,0,0.0,9.0,10.6,10.02,GHW,R110,169,2.5,1.5,267.0,2012.0,ALH,20.0,NS,600.0,R,26.0,0.0,,,,,,,,MVH_MVHCS12169R,1216,,1.5999999999999996,0.002028714107365793,0.0,,11.0,-0.9800000000000004,114.0,-114.0
2022,MVH,CS,MVHCS12169R,12.0,3,0.0,13.0,16.24,10.6,GHW,R110,169,2.5,1.5,267.0,2012.0,ALH,20.0,NS,600.0,R,49.0,104.0,,,,,,,,MVH_MVHCS12169R,1216,,3.2399999999999984,0.00382334581772784,104.0,3.6762940555075384e-05,9.0,1.5999999999999996,0.0,104.0
2023,MVH,CS,MVHCS12169R,12.0,3,0.0,11.8,8.66,16.24,GHW,R110,169,2.5,1.5,267.0,2012.0,ALH,20.0,NS,600.0,R,28.0,0.0,,,,,,,,MVH_MVHCS12169R,1216,,-3.1400000000000006,0.002184769038701623,0.0,,13.0,3.2399999999999984,104.0,-104.0
2024,MVH,CS,MVHCS12169R,12.0,2,0.0,11.0,9.26,8.66,GHW,R110,169,2.5,1.5,267.0,2012.0,ALH,20.0,NS,600.0,R,28.0,0.0,,,,,,,,MVH_MVHCS12169R,1216,,-1.7400000000000002,0.002184769038701623,0.0,,11.8,-3.1400000000000006,0.0,0.0
2025,MVH,CS,MVHCS12169R,12.0,2,0.0,12.0,5.48,9.26,GHW,R110,169,2.5,1.5,267.0,2012.0,ALH,20.0,NS,600.0,R,0.0,0.0,,,,,,,,MVH_MVHCS12169R,1216,,-6.52,0.0,0.0,,11.0,-1.7400000000000002,0.0,0.0
2020,MVH,CS,MVHCS12338R,12.2,3,0.31,11.0,10.98,,GHW,R110,338,2.5,1.5,267.0,2012.0,ALH,20.0,NS,605.0,R,32.0,0.0,,,,,,,,MVH_MVHCS12338R,1233,,-0.019999999999999574,0.002455946460367164,0.0,,,,,
2021,MVH,CS,MVHCS12338R,12.2,0,0.0,10.98,14.67,10.98,GHW,R110,338,2.5,1.5,267.0,2012.0,ALH,20.0,NS,605.0,R,29.0,0.0,,,,,,,,MVH_MVHCS12338R,1233,,3.6899999999999995,0.0022257014797077428,0.0,,11.0,-0.019999999999999574,0.0,0.0
2022,MVH,CS,MVHCS12338R,12.2,3,0.0,14.0,19.68,14.67,GHW,R110,338,2.5,1.5,267.0,2012.0,ALH,20.0,NS,605.0,R,39.0,122.5,,,,,,,,MVH_MVHCS12338R,1233,,5.68,0.0029931847485724816,122.5,2.4434161212836585e-05,10.98,3.6899999999999995,0.0,122.5
2023,MVH,CS,MVHCS12338R,12.2,3,0.0,12.2,13.14,19.68,GHW,R110,338,2.5,1.5,267.0,2012.0,ALH,20.0,NS,605.0,R,31.0,0.0,,,,,,,,MVH_MVHCS12338R,1233,,0.9400000000000013,0.0023791981334806904,0.0,,14.0,5.68,122.5,-122.5
2024,MVH,CS,MVHCS12338R,12.2,3,0.0,15.0,11.58,13.14,GHW,R110,338,2.5,1.5,267.0,2012.0,ALH,20.0,NS,605.0,R,23.0,0.0,,,,,,,,MVH_MVHCS12338R,1233,,-3.42,0.0017652115183888993,0.0,,12.2,0.9400000000000013,0.0,0.0
2025,MVH,CS,MVHCS12338R,12.2,3,0.0,10.0,8.88,11.58,GHW,R110,338,2.5,1.5,267.0,2012.0,ALH,20.0,NS,605.0,R,0.0,0.0,,,,,,,,MVH_MVHCS12338R,1233,,-1.1199999999999992,0.0,0.0,,15.0,-3.42,0.0,0.0
2020,MVH,CS,MVHCS12338RE,11.2,3,0.32,14.0,14.02,,GHW,R110,338,2.5,1.5,267.0,2012.0,ALH,20.0,NS,610.0,R,35.0,0.0,,,,,,,,MVH_MVHCS12338RE,1233,,0.019999999999999574,0.0029260299625468167,0.0,,,,,
2021,MVH,CS,MVHCS12338RE,11.2,0,0.0,12.89,14.13,14.02,GHW,R110,338,2.5,1.5,267.0,2012.0,ALH,20.0,NS,610.0,R,31.0,0.0,,,,,,,,MVH_MVHCS12338RE,1233,,1.2400000000000002,0.002591626538255752,0.0,,14.0,0.019999999999999574,0.0,0.0
2022,MVH,CS,MVHCS12338RE,11.2,3,0.0,15.0,21.18,14.13,GHW,R110,338,2.5,1.5,267.0,2012.0,ALH,20.0,NS,610.0,R,49.0,136.0,,,,,,,,MVH_MVHCS12338RE,1233,,6.18,0.0040964419475655435,136.0,3.0120896673276055e-05,12.89,1.2400000000000002,0.0,136.0
2023,MVH,CS,MVHCS12338RE,11.2,3,0.0,11.2,11.28,21.18,GHW,R110,338,2.5,1.5,267.0,2012.0,ALH,20.0,NS,610.0,R,23.0,0.0,,,,,,,,MVH_MVHCS12338RE,1233,,0.08000000000000007,0.0019228196896736226,0.0,,15.0,6.18,136.0,-136.0
2024,MVH,CS,MVHCS12338RE,11.2,2,0.0,15.0,8.24,11.28,GHW,R110,338,2.5,1.5,267.0,2012.0,ALH,20.0,NS,610.0,R,21.0,0.0,,,,,,,,MVH_MVHCS12338RE,1233,,-6.76,0.00175561797752809,0.0,,11.2,0.08000000000000007,0.0,0.0
2025,MVH,CS,MVHCS12338RE,11.2,3,0.0,12.0,8.48,8.24,GHW,R110,338,2.5,1.5,267.0,2012.0,ALH,20.0,NS,610.0,R,0.0,0.0,,,,,,,,MVH_MVHCS12338RE,1233,,-3.5199999999999996,0.0,0.0,,15.0,-6.76,0.0,0.0
2020,MVH,CS,MVHCS12338RM,6.5,3,0.27,9.0,10.47,,GHW,R110,338,2.5,1.5,267.0,2012.0,ALH,20.0,NS,610.0,R,38.0,119.0,,,,,,,,MVH_MVHCS12338RM,1233,,1.4700000000000006,0.005473926822241429,119.0,4.599938506085234e-05,,,,
2021,MVH,CS,MVHCS12338RM,6.5,0,0.0,9.43,10.56,10.47,GHW,R110,338,2.5,1.5,267.0,2012.0,ALH,20.0,NS,610.0,R,34.0,0.0,,,,,,,,MVH_MVHCS12338RM,1233,,1.1300000000000008,0.004897723998847595,0.0,,9.0,1.4700000000000006,119.0,-119.0
2022,MVH,CS,MVHCS12338RM,6.5,2,0.0,10.0,15.9,10.56,GHW,R110,338,2.5,1.5,267.0,2012.0,ALH,20.0,NS,610.0,R,52.0,165.0,,,,,,,,MVH_MVHCS12338RM,1233,,5.9,0.00749063670411985,165.0,4.539779820678697e-05,9.43,1.1300000000000008,0.0,165.0
2023,MVH,CS,MVHCS12338RM,6.5,2,0.0,6.5,6.96,15.9,GHW,R110,338,2.5,1.5,267.0,2012.0,ALH,20.0,NS,610.0,R,24.0,0.0,,,,,,,,MVH_MVHCS12338RM,1233,,0.45999999999999996,0.003457216940363008,0.0,,10.0,5.9,165.0,-165.0
2024,MVH,CS,MVHCS12338RM,6.5,1,0.0,11.0,7.4,6.96,GHW,R110,338,2.5,1.5,267.0,2012.0,ALH,20.0,NS,610.0,R,24.0,0.0,,,,,,,,MVH_MVHCS12338RM,1233,,-3.5999999999999996,0.003457216940363008,0.0,,6.5,0.45999999999999996,0.0,0.0
2025,MVH,CS,MVHCS12338RM,6.5,2,0.0,65.0,4.94,7.4,GHW,R110,338,2.5,1.5,267.0,2012.0,ALH,20.0,NS,610.0,R,0.0,0.0,,,,,,,,MVH_MVHCS12338RM,1233,,-60.06,0.0,0.0,,11.0,-3.5999999999999996,0.0,0.0
2020,MVH,CS,MVHCS12338RW,8.6,3,0.3,12.0,12.09,,GHW,R110,338,2.5,1.5,267.0,2012.0,ALH,20.0,NS,610.0,R,36.0,110.5,,,,,,,,MVH_MVHCS12338RW,1233,,0.08999999999999986,0.003919519205644108,110.5,3.547076204202813e-05,,,,
2021,MVH,CS,MVHCS12338RW,8.6,0,0.0,11.6,14.43,12.09,GHW,R110,338,2.5,1.5,267.0,2012.0,ALH,20.0,NS,610.0,R,31.0,0.0,,,,,,,,MVH_MVHCS12338RW,1233,,2.83,0.0033751415381935374,0.0,,12.0,0.08999999999999986,110.5,-110.5
2022,MVH,CS,MVHCS12338RW,8.6,2,0.0,13.0,14.7,14.43,GHW,R110,338,2.5,1.5,267.0,2012.0,ALH,20.0,NS,610.0,R,47.0,201.0,,,,,,,,MVH_MVHCS12338RW,1233,,1.6999999999999993,0.005117150074035363,201.0,2.5458458079777926e-05,11.6,2.83,0.0,201.0
2023,MVH,CS,MVHCS12338RW,8.6,2,0.0,8.6,9.1,14.7,GHW,R110,338,2.5,1.5,267.0,2012.0,ALH,20.0,NS,610.0,R,25.0,0.0,,,,,,,,MVH_MVHCS12338RW,1233,,0.5,0.002721888337252853,0.0,,13.0,1.6999999999999993,201.0,-201.0
2024,MVH,CS,MVHCS12338RW,8.6,1,0.0,13.0,9.34,9.1,GHW,R110,338,2.5,1.5,267.0,2012.0,ALH,20.0,NS,610.0,R,25.0,0.0,,,,,,,,MVH_MVHCS12338RW,1233,,-3.66,0.002721888337252853,0.0,,8.6,0.5,0.0,0.0
2025,MVH,CS,MVHCS12338RW,8.6,2,0.0,9.0,6.02,9.34,GHW,R110,338,2.5,1.5,267.0,2012.0,ALH,20.0,NS,610.0,R,0.0,0.0,,,,,,,,MVH_MVHCS12338RW,1233,,-2.9800000000000004,0.0,0.0,,13.0,-3.66,0.0,0.0
2025,MVH,CS,MVHCS2437R,17.5,0,0.0,0.0,0.0,,,,,,,,,,,,,,,,,,,,,,,MVH_MVHCS2437R,2437,,0.0,,,,,,,
2023,ODM,CS,ODM23TEMP,170.0,0,0.0,0.0,0.0,,,,,,,,,,,,,,,,,,,,,,,ODM_ODM23TEMP,23,,0.0,,,,,,,
2024,ODM,CS,ODM24TEMP,280.0,0,0.0,0.0,0.0,,,,,,,,,,,,,,,,,,,,,,,ODM_ODM24TEMP,24,,0.0,,,,,,,
2022,ODM,CS,ODMCS1906S,19.7,0,0.0,3.0,3.12,,,,,,,,,,,,,,0.0,0.0,,,,,,,,ODM_ODMCS1906S,1906,,0.1200000000000001,,0.0,,,,,
2023,ODM,CS,ODMCS1906S,19.7,4,0.0,7.9,2.93,3.12,,,,,,,,,,,,,0.0,0.0,,,,,,,,ODM_ODMCS1906S,1906,,-4.970000000000001,,0.0,,3.0,0.1200000000000001,0.0,0.0
2020,ODM,CS,ODMCS1906SE,5.9,0,0.0,0.0,0.0,,GHW,SO4,06,2.5,1.5,267.0,2019.0,ELR,40.0,NE,1095.0,R,0.0,0.0,18.925081433224754,9.91172638436482,1.5264495114006515,797.0,2222.0,865.71335504886,-1289.0,ODM_ODMCS1906SE,1906,,0.0,0.0,0.0,,,,,
2021,ODM,CS,ODMCS1906SE,5.9,0,0.0,0.0,0.0,0.0,GHW,SO4,06,2.5,1.5,267.0,2019.0,ELR,40.0,NE,1095.0,R,0.0,0.0,21.06231884057971,10.617101449275362,1.6642898550724636,732.4,2408.0,884.304347826087,-1614.0,ODM_ODMCS1906SE,1906,,0.0,0.0,0.0,,0.0,0.0,0.0,0.0
2022,ODM,CS,ODMCS1906SE,5.9,0,0.0,1.0,0.0,0.0,GHW,SO4,06,2.5,1.5,267.0,2019.0,ELR,40.0,NE,1095.0,R,0.0,0.0,20.49890410958904,10.183287671232877,1.6017534246575342,734.2,2227.0,895.1342465753424,-1345.0,ODM_ODMCS1906SE,1906,,-1.0,0.0,0.0,,0.0,0.0,0.0,0.0
2024,ODM,CS,ODMCS1906SE,5.9,4,0.0,3.0,1.5,0.0,GHW,SO4,06,2.5,1.5,267.0,2019.0,ELR,40.0,NE,1095.0,R,0.0,0.0,21.237260273972602,11.018904109589041,1.6198356164383563,649.9,2328.0,900.8027397260274,-1951.0,ODM_ODMCS1906SE,1906,,-1.5,0.0,0.0,,1.0,-1.0,0.0,0.0
2025,ODM,CS,ODMCS1906SE,5.9,4,0.0,4.0,2.38,1.5,GHW,SO4,06,2.5,1.5,267.0,2019.0,ELR,40.0,NE,1095.0,R,0.0,0.0,21.89123287671233,10.42986301369863,1.8915616438356164,364.9,2321.0,882.9041095890411,-1874.0,ODM_ODMCS1906SE,1906,,-1.62,0.0,0.0,,3.0,-1.5,0.0,0.0
2020,ODM,CS,ODMCS1906SN,7.9,0,0.0,0.0,0.0,,GHW,SO4,06,2.5,1.5,267.0,2019.0,ELR,40.0,NE,1095.0,R,0.0,0.0,18.925081433224754,9.91172638436482,1.5264495114006515,797.0,2222.0,865.71335504886,-1289.0,ODM_ODMCS1906SN,1906,,0.0,0.0,0.0,,,,,
2021,ODM,CS,ODMCS1906SN,7.9,0,0.0,0.0,0.0,0.0,GHW,SO4,06,2.5,1.5,267.0,2019.0,ELR,40.0,NE,1095.0,R,0.0,0.0,21.06231884057971,10.617101449275362,1.6642898550724636,732.4,2408.0,884.304347826087,-1614.0,ODM_ODMCS1906SN,1906,,0.0,0.0,0.0,,0.0,0.0,0.0,0.0
2022,ODM,CS,ODMCS1906SN,7.9,0,0.0,1.0,0.0,0.0,GHW,SO4,06,2.5,1.5,267.0,2019.0,ELR,40.0,NE,1095.0,R,0.0,0.0,20.49890410958904,10.183287671232877,1.6017534246575342,734.2,2227.0,895.1342465753424,-1345.0,ODM_ODMCS1906SN,1906,,-1.0,0.0,0.0,,0.0,0.0,0.0,0.0
2024,ODM,CS,ODMCS1906SN,7.9,4,0.0,4.0,2.04,0.0,GHW,SO4,06,2.5,1.5,267.0,2019.0,ELR,40.0,NE,1095.0,R,0.0,0.0,21.237260273972602,11.018904109589041,1.6198356164383563,649.9,2328.0,900.8027397260274,-1951.0,ODM_ODMCS1906SN,1906,,-1.96,0.0,0.0,,1.0,-1.0,0.0,0.0
2025,ODM,CS,ODMCS1906SN,7.9,4,0.0,5.0,3.84,2.04,GHW,SO4,06,2.5,1.5,267.0,2019.0,ELR,40.0,NE,1095.0,R,0.0,0.0,21.89123287671233,10.42986301369863,1.8915616438356164,364.9,2321.0,882.9041095890411,-1874.0,ODM_ODMCS1906SN,1906,,-1.1600000000000001,0.0,0.0,,4.0,-1.96,0.0,0.0
2020,ODM,CS,ODMCS1906SW,5.9,0,0.0,0.0,0.0,,GHW,SO4,06,2.5,1.5,267.0,2019.0,ELR,40.0,NE,1095.0,R,0.0,0.0,18.925081433224754,9.91172638436482,1.5264495114006515,797.0,2222.0,865.71335504886,-1289.0,ODM_ODMCS1906SW,1906,,0.0,0.0,0.0,,,,,
2021,ODM,CS,ODMCS1906SW,5.9,0,0.0,0.0,0.0,0.0,GHW,SO4,06,2.5,1.5,267.0,2019.0,ELR,40.0,NE,1095.0,R,0.0,0.0,21.06231884057971,10.617101449275362,1.6642898550724636,732.4,2408.0,884.304347826087,-1614.0,ODM_ODMCS1906SW,1906,,0.0,0.0,0.0,,0.0,0.0,0.0,0.0
2022,ODM,CS,ODMCS1906SW,5.9,0,0.0,1.0,0.0,0.0,GHW,SO4,06,2.5,1.5,267.0,2019.0,ELR,40.0,NE,1095.0,R,0.0,0.0,20.49890410958904,10.183287671232877,1.6017534246575342,734.2,2227.0,895.1342465753424,-1345.0,ODM_ODMCS1906SW,1906,,-1.0,0.0,0.0,,0.0,0.0,0.0,0.0
2024,ODM,CS,ODMCS1906SW,5.9,4,0.0,3.0,0.46,0.0,GHW,SO4,06,2.5,1.5,267.0,2019.0,ELR,40.0,NE,1095.0,R,0.0,0.0,21.237260273972602,11.018904109589041,1.6198356164383563,649.9,2328.0,900.8027397260274,-1951.0,ODM_ODMCS1906SW,1906,,-2.54,0.0,0.0,,1.0,-1.0,0.0,0.0
2025,ODM,CS,ODMCS1906SW,5.9,4,0.0,4.0,2.34,0.46,GHW,SO4,06,2.5,1.5,267.0,2019.0,ELR,40.0,NE,1095.0,R,0.0,0.0,21.89123287671233,10.42986301369863,1.8915616438356164,364.9,2321.0,882.9041095890411,-1874.0,ODM_ODMCS1906SW,1906,,-1.6600000000000001,0.0,0.0,,3.0,-2.54,0.0,0.0
2020,ODM,CS,ODMCS19169SE,7.9,0,0.0,0.0,0.0,,GHW,SO4,169,2.5,1.5,267.0,2019.0,ELR,58.0,NE,1040.0,R,0.0,0.0,18.925081433224754,9.91172638436482,1.5264495114006515,797.0,2222.0,865.71335504886,-1289.0,ODM_ODMCS19169SE,1916,,0.0,0.0,0.0,,,,,
2021,ODM,CS,ODMCS19169SE,7.9,0,0.0,0.0,0.0,0.0,GHW,SO4,169,2.5,1.5,267.0,2019.0,ELR,58.0,NE,1040.0,R,0.0,0.0,21.06231884057971,10.617101449275362,1.6642898550724636,732.4,2408.0,884.304347826087,-1614.0,ODM_ODMCS19169SE,1916,,0.0,0.0,0.0,,0.0,0.0,0.0,0.0
2022,ODM,CS,ODMCS19169SE,7.9,0,0.0,1.0,0.0,0.0,GHW,SO4,169,2.5,1.5,267.0,2019.0,ELR,58.0,NE,1040.0,R,0.0,0.0,20.49890410958904,10.183287671232877,1.6017534246575342,734.2,2227.0,895.1342465753424,-1345.0,ODM_ODMCS19169SE,1916,,-1.0,0.0,0.0,,0.0,0.0,0.0,0.0
2023,ODM,CS,ODMCS19169SE,7.9,4,0.0,3.2,1.22,0.0,GHW,SO4,169,2.5,1.5,267.0,2019.0,ELR,58.0,NE,1040.0,R,0.0,0.0,18.479726027397263,9.267397260273972,1.449972602739726,797.7,2218.0,780.4904109589041,-1208.0,ODM_ODMCS19169SE,1916,,-1.9800000000000002,0.0,0.0,,1.0,-1.0,0.0,0.0
2024,ODM,CS,ODMCS19169SE,7.9,4,0.0,4.0,3.4,1.22,GHW,SO4,169,2.5,1.5,267.0,2019.0,ELR,58.0,NE,1040.0,R,0.0,0.0,21.237260273972602,11.018904109589041,1.6198356164383563,649.9,2328.0,900.8027397260274,-1951.0,ODM_ODMCS19169SE,1916,,-0.6000000000000001,0.0,0.0,,3.2,-1.9800000000000002,0.0,0.0
2025,ODM,CS,ODMCS19169SE,7.9,4,0.0,6.0,5.42,3.4,GHW,SO4,169,2.5,1.5,267.0,2019.0,ELR,58.0,NE,1040.0,R,0.0,0.0,21.89123287671233,10.42986301369863,1.8915616438356164,364.9,2321.0,882.9041095890411,-1874.0,ODM_ODMCS19169SE,1916,,-0.5800000000000001,0.0,0.0,,4.0,-0.6000000000000001,0.0,0.0
2020,ODM,CS,ODMCS19169SM,6.2,0,0.0,0.0,0.0,,GHW,SO4,169,2.5,1.5,267.0,2019.0,ELR,58.0,NE,1040.0,R,0.0,0.0,18.925081433224754,9.91172638436482,1.5264495114006515,797.0,2222.0,865.71335504886,-1289.0,ODM_ODMCS19169SM,1916,,0.0,0.0,0.0,,,,,
2021,ODM,CS,ODMCS19169SM,6.2,0,0.0,0.0,0.0,0.0,GHW,SO4,169,2.5,1.5,267.0,2019.0,ELR,58.0,NE,1040.0,R,0.0,0.0,21.06231884057971,10.617101449275362,1.6642898550724636,732.4,2408.0,884.304347826087,-1614.0,ODM_ODMCS19169SM,1916,,0.0,0.0,0.0,,0.0,0.0,0.0,0.0
2022,ODM,CS,ODMCS19169SM,6.2,0,0.0,1.0,0.0,0.0,GHW,SO4,169,2.5,1.5,267.0,2019.0,ELR,58.0,NE,1040.0,R,0.0,0.0,20.49890410958904,10.183287671232877,1.6017534246575342,734.2,2227.0,895.1342465753424,-1345.0,ODM_ODMCS19169SM,1916,,-1.0,0.0,0.0,,0.0,0.0,0.0,0.0
2023,ODM,CS,ODMCS19169SM,6.2,4,0.0,2.5,0.99,0.0,GHW,SO4,169,2.5,1.5,267.0,2019.0,ELR,58.0,NE,1040.0,R,0.0,0.0,18.479726027397263,9.267397260273972,1.449972602739726,797.7,2218.0,780.4904109589041,-1208.0,ODM_ODMCS19169SM,1916,,-1.51,0.0,0.0,,1.0,-1.0,0.0,0.0
2024,ODM,CS,ODMCS19169SM,6.2,4,0.0,3.0,1.9,0.99,GHW,SO4,169,2.5,1.5,267.0,2019.0,ELR,58.0,NE,1040.0,R,0.0,0.0,21.237260273972602,11.018904109589041,1.6198356164383563,649.9,2328.0,900.8027397260274,-1951.0,ODM_ODMCS19169SM,1916,,-1.1,0.0,0.0,,2.5,-1.51,0.0,0.0
2025,ODM,CS,ODMCS19169SM,6.2,4,0.0,4.0,3.18,1.9,GHW,SO4,169,2.5,1.5,267.0,2019.0,ELR,58.0,NE,1040.0,R,0.0,0.0,21.89123287671233,10.42986301369863,1.8915616438356164,364.9,2321.0,882.9041095890411,-1874.0,ODM_ODMCS19169SM,1916,,-0.8199999999999998,0.0,0.0,,3.0,-1.1,0.0,0.0
2023,ODM,CS,ODMCS19169SW,7.0,4,0.0,0.5,0.58,,GHW,SO4,169,2.5,1.5,267.0,2019.0,ELR,58.0,NW,1030.0,R,0.0,0.0,18.479726027397263,9.267397260273972,1.449972602739726,797.7,2218.0,780.4904109589041,-1208.0,ODM_ODMCS19169SW,1916,,0.07999999999999996,0.0,0.0,,,,,
2024,ODM,CS,ODMCS19169SW,7.0,4,0.0,3.0,1.72,0.58,GHW,SO4,169,2.5,1.5,267.0,2019.0,ELR,58.0,NW,1030.0,R,0.0,0.0,21.237260273972602,11.018904109589041,1.6198356164383563,649.9,2328.0,900.8027397260274,-1951.0,ODM_ODMCS19169SW,1916,,-1.28,0.0,0.0,,0.5,0.07999999999999996,0.0,0.0
2025,ODM,CS,ODMCS19169SW,7.0,4,0.0,5.0,3.7,1.72,GHW,SO4,169,2.5,1.5,267.0,2019.0,ELR,58.0,NW,1030.0,R,0.0,0.0,21.89123287671233,10.42986301369863,1.8915616438356164,364.9,2321.0,882.9041095890411,-1874.0,ODM_ODMCS19169SW,1916,,-1.2999999999999998,0.0,0.0,,3.0,-1.28,0.0,0.0
2020,ODM,CS,ODMCS19169SWN,1.5,0,0.0,0.0,0.0,,,,,,,,,,,,,,,,,,,,,,,ODM_ODMCS19169SWN,1916,,0.0,,,,,,,
2021,ODM,CS,ODMCS19169SWN,1.5,0,0.0,0.0,0.0,0.0,,,,,,,,,,,,,,,,,,,,,,ODM_ODMCS19169SWN,1916,,0.0,,,,0.0,0.0,,
2022,ODM,CS,ODMCS19169SWN,1.5,0,0.0,0.0,0.0,0.0,,,,,,,,,,,,,,,,,,,,,,ODM_ODMCS19169SWN,1916,,0.0,,,,0.0,0.0,,
2023,ODM,CS,ODMCS19169SWN,1.5,0,0.0,0.6,0.0,0.0,,,,,,,,,,,,,,,,,,,,,,ODM_ODMCS19169SWN,1916,,-0.6,,,,0.0,0.0,,
2020,ODM,CS,ODMCS19169SWS,5.5,0,0.0,0.0,0.0,,,,,,,,,,,,,,,,,,,,,,,ODM_ODMCS19169SWS,1916,,0.0,,,,,,,
2021,ODM,CS,ODMCS19169SWS,5.5,0,0.0,0.0,0.0,0.0,,,,,,,,,,,,,,,,,,,,,,ODM_ODMCS19169SWS,1916,,0.0,,,,0.0,0.0,,
2022,ODM,CS,ODMCS19169SWS,5.5,0,0.0,1.0,0.0,0.0,,,,,,,,,,,,,,,,,,,,,,ODM_ODMCS19169SWS,1916,,-1.0,,,,0.0,0.0,,
2023,ODM,CS,ODMCS19169SWS,5.5,0,0.0,2.2,0.0,0.0,,,,,,,,,,,,,,,,,,,,,,ODM_ODMCS19169SWS,1916,,-2.2,,,,1.0,-1.0,,
2020,ODM,CS,ODMCS19412HRE,5.7,0,0.0,0.0,0.0,,GHW,R110,412,2.5,1.5,267.0,2019.0,ELR,40.0,NE,1085.0,R,0.0,0.0,18.925081433224754,9.91172638436482,1.5264495114006515,797.0,2222.0,865.71335504886,-1289.0,ODM_ODMCS19412HRE,1941,,0.0,0.0,0.0,,,,,
2021,ODM,CS,ODMCS19412HRE,5.7,0,0.0,0.0,0.0,0.0,GHW,R110,412,2.5,1.5,267.0,2019.0,ELR,40.0,NE,1085.0,R,0.0,0.0,21.06231884057971,10.617101449275362,1.6642898550724636,732.4,2408.0,884.304347826087,-1614.0,ODM_ODMCS19412HRE,1941,,0.0,0.0,0.0,,0.0,0.0,0.0,0.0
2022,ODM,CS,ODMCS19412HRE,5.7,0,0.0,1.0,0.66,0.0,GHW,R110,412,2.5,1.5,267.0,2019.0,ELR,40.0,NE,1085.0,R,0.0,0.0,20.49890410958904,10.183287671232877,1.6017534246575342,734.2,2227.0,895.1342465753424,-1345.0,ODM_ODMCS19412HRE,1941,,-0.33999999999999997,0.0,0.0,,0.0,0.0,0.0,0.0
2023,ODM,CS,ODMCS19412HRE,5.7,0,0.0,2.3,0.0,0.66,GHW,R110,412,2.5,1.5,267.0,2019.0,ELR,40.0,NE,1085.0,R,0.0,0.0,18.479726027397263,9.267397260273972,1.449972602739726,797.7,2218.0,780.4904109589041,-1208.0,ODM_ODMCS19412HRE,1941,,-2.3,0.0,0.0,,1.0,-0.33999999999999997,0.0,0.0
2024,ODM,CS,ODMCS19412HRE,5.7,4,0.0,2.0,1.04,0.0,GHW,R110,412,2.5,1.5,267.0,2019.0,ELR,40.0,NE,1085.0,R,0.0,0.0,21.237260273972602,11.018904109589041,1.6198356164383563,649.9,2328.0,900.8027397260274,-1951.0,ODM_ODMCS19412HRE,1941,,-0.96,0.0,0.0,,2.3,-2.3,0.0,0.0
2025,ODM,CS,ODMCS19412HRE,5.7,4,0.0,3.0,2.48,1.04,GHW,R110,412,2.5,1.5,267.0,2019.0,ELR,40.0,NE,1085.0,R,0.0,0.0,21.89123287671233,10.42986301369863,1.8915616438356164,364.9,2321.0,882.9041095890411,-1874.0,ODM_ODMCS19412HRE,1941,,-0.52,0.0,0.0,,2.0,-0.96,0.0,0.0
2020,ODM,CS,ODMCS19412HRW,6.8,0,0.0,0.0,0.0,,GHW,R110,412,2.5,1.5,267.0,2019.0,ELR,40.0,NE,1085.0,R,0.0,0.0,18.925081433224754,9.91172638436482,1.5264495114006515,797.0,2222.0,865.71335504886,-1289.0,ODM_ODMCS19412HRW,1941,,0.0,0.0,0.0,,,,,
2021,ODM,CS,ODMCS19412HRW,6.8,0,0.0,0.0,0.0,0.0,GHW,R110,412,2.5,1.5,267.0,2019.0,ELR,40.0,NE,1085.0,R,0.0,0.0,21.06231884057971,10.617101449275362,1.6642898550724636,732.4,2408.0,884.304347826087,-1614.0,ODM_ODMCS19412HRW,1941,,0.0,0.0,0.0,,0.0,0.0,0.0,0.0
2022,ODM,CS,ODMCS19412HRW,6.8,0,0.0,1.0,0.77,0.0,GHW,R110,412,2.5,1.5,267.0,2019.0,ELR,40.0,NE,1085.0,R,0.0,0.0,20.49890410958904,10.183287671232877,1.6017534246575342,734.2,2227.0,895.1342465753424,-1345.0,ODM_ODMCS19412HRW,1941,,-0.22999999999999998,0.0,0.0,,0.0,0.0,0.0,0.0
2023,ODM,CS,ODMCS19412HRW,6.8,0,0.0,2.7,0.0,0.77,GHW,R110,412,2.5,1.5,267.0,2019.0,ELR,40.0,NE,1085.0,R,0.0,0.0,18.479726027397263,9.267397260273972,1.449972602739726,797.7,2218.0,780.4904109589041,-1208.0,ODM_ODMCS19412HRW,1941,,-2.7,0.0,0.0,,1.0,-0.22999999999999998,0.0,0.0
2024,ODM,CS,ODMCS19412HRW,6.8,4,0.0,2.0,0.88,0.0,GHW,R110,412,2.5,1.5,267.0,2019.0,ELR,40.0,NE,1085.0,R,0.0,0.0,21.237260273972602,11.018904109589041,1.6198356164383563,649.9,2328.0,900.8027397260274,-1951.0,ODM_ODMCS19412HRW,1941,,-1.12,0.0,0.0,,2.7,-2.7,0.0,0.0
2025,ODM,CS,ODMCS19412HRW,6.8,4,0.0,3.0,2.62,0.88,GHW,R110,412,2.5,1.5,267.0,2019.0,ELR,40.0,NE,1085.0,R,0.0,0.0,21.89123287671233,10.42986301369863,1.8915616438356164,364.9,2321.0,882.9041095890411,-1874.0,ODM_ODMCS19412HRW,1941,,-0.3799999999999999,0.0,0.0,,2.0,-1.12,0.0,0.0
2020,ODM,CS,ODMCS19412RE,2.6,0,0.0,0.0,0.0,,GHW,R110,412,2.5,1.5,267.0,2019.0,ELR,158.0,NS,1015.0,R,0.0,0.0,18.925081433224754,9.91172638436482,1.5264495114006515,797.0,2222.0,865.71335504886,-1289.0,ODM_ODMCS19412RE,1941,,0.0,0.0,0.0,,,,,
2021,ODM,CS,ODMCS19412RE,2.6,0,0.0,0.0,0.0,0.0,GHW,R110,412,2.5,1.5,267.0,2019.0,ELR,158.0,NS,1015.0,R,0.0,0.0,21.06231884057971,10.617101449275362,1.6642898550724636,732.4,2408.0,884.304347826087,-1614.0,ODM_ODMCS19412RE,1941,,0.0,0.0,0.0,,0.0,0.0,0.0,0.0
2022,ODM,CS,ODMCS19412RE,2.6,0,0.0,0.0,0.0,0.0,GHW,R110,412,2.5,1.5,267.0,2019.0,ELR,158.0,NS,1015.0,R,0.0,152.0,20.49890410958904,10.183287671232877,1.6017534246575342,734.2,2227.0,895.1342465753424,-1345.0,ODM_ODMCS19412RE,1941,,0.0,0.0,152.0,0.0,0.0,0.0,0.0,152.0
2023,ODM,CS,ODMCS19412RE,2.6,4,0.0,0.5,0.33,0.0,GHW,R110,412,2.5,1.5,267.0,2019.0,ELR,158.0,NS,1015.0,R,0.0,0.0,18.479726027397263,9.267397260273972,1.449972602739726,797.7,2218.0,780.4904109589041,-1208.0,ODM_ODMCS19412RE,1941,,-0.16999999999999998,0.0,0.0,,0.0,0.0,152.0,-152.0
2024,ODM,CS,ODMCS19412RE,2.6,4,0.0,1.0,0.62,0.33,GHW,R110,412,2.5,1.5,267.0,2019.0,ELR,158.0,NS,1015.0,R,0.0,0.0,21.237260273972602,11.018904109589041,1.6198356164383563,649.9,2328.0,900.8027397260274,-1951.0,ODM_ODMCS19412RE,1941,,-0.38,0.0,0.0,,0.5,-0.16999999999999998,0.0,0.0
2025,ODM,CS,ODMCS19412RE,2.6,4,0.0,1.0,0.82,0.62,GHW,R110,412,2.5,1.5,267.0,2019.0,ELR,158.0,NS,1015.0,R,0.0,0.0,21.89123287671233,10.42986301369863,1.8915616438356164,364.9,2321.0,882.9041095890411,-1874.0,ODM_ODMCS19412RE,1941,,-0.18000000000000005,0.0,0.0,,1.0,-0.38,0.0,0.0
2020,ODM,CS,ODMCS19412RW,3.0,0,0.0,0.0,0.0,,GHW,R110,412,2.5,1.5,267.0,2019.0,ELR,158.0,NS,1015.0,R,0.0,0.0,18.925081433224754,9.91172638436482,1.5264495114006515,797.0,2222.0,865.71335504886,-1289.0,ODM_ODMCS19412RW,1941,,0.0,0.0,0.0,,,,,
2021,ODM,CS,ODMCS19412RW,3.0,0,0.0,0.0,0.0,0.0,GHW,R110,412,2.5,1.5,267.0,2019.0,ELR,158.0,NS,1015.0,R,0.0,0.0,21.06231884057971,10.617101449275362,1.6642898550724636,732.4,2408.0,884.304347826087,-1614.0,ODM_ODMCS19412RW,1941,,0.0,0.0,0.0,,0.0,0.0,0.0,0.0
2022,ODM,CS,ODMCS19412RW,3.0,0,0.0,0.0,0.0,0.0,GHW,R110,412,2.5,1.5,267.0,2019.0,ELR,158.0,NS,1015.0,R,0.0,188.0,20.49890410958904,10.183287671232877,1.6017534246575342,734.2,2227.0,895.1342465753424,-1345.0,ODM_ODMCS19412RW,1941,,0.0,0.0,188.0,0.0,0.0,0.0,0.0,188.0
2023,ODM,CS,ODMCS19412RW,3.0,4,0.0,0.9,0.38,0.0,GHW,R110,412,2.5,1.5,267.0,2019.0,ELR,158.0,NS,1015.0,R,0.0,0.0,18.479726027397263,9.267397260273972,1.449972602739726,797.7,2218.0,780.4904109589041,-1208.0,ODM_ODMCS19412RW,1941,,-0.52,0.0,0.0,,0.0,0.0,188.0,-188.0
2024,ODM,CS,ODMCS19412RW,3.0,4,0.0,1.0,0.6,0.38,GHW,R110,412,2.5,1.5,267.0,2019.0,ELR,158.0,NS,1015.0,R,0.0,0.0,21.237260273972602,11.018904109589041,1.6198356164383563,649.9,2328.0,900.8027397260274,-1951.0,ODM_ODMCS19412RW,1941,,-0.4,0.0,0.0,,0.9,-0.52,0.0,0.0
2025,ODM,CS,ODMCS19412RW,3.0,4,0.0,1.0,0.84,0.6,GHW,R110,412,2.5,1.5,267.0,2019.0,ELR,158.0,NS,1015.0,R,0.0,0.0,21.89123287671233,10.42986301369863,1.8915616438356164,364.9,2321.0,882.9041095890411,-1874.0,ODM_ODMCS19412RW,1941,,-0.16000000000000003,0.0,0.0,,1.0,-0.4,0.0,0.0
2020,ODM,CS,ODMCS20338RPN,2.15,0,0.0,0.0,0.0,,GHW,RIP,338,2.5,1.2,333.0,2020.0,ELR,170.0,NS,1043.0,R,0.0,0.0,18.925081433224754,9.91172638436482,1.5264495114006515,797.0,2222.0,865.71335504886,-1289.0,ODM_ODMCS20338RPN,2033,,0.0,0.0,0.0,,,,,
2021,ODM,CS,ODMCS20338RPN,2.15,0,0.0,0.0,0.0,0.0,GHW,RIP,338,2.5,1.2,333.0,2020.0,ELR,170.0,NS,1043.0,R,0.0,0.0,21.06231884057971,10.617101449275362,1.6642898550724636,732.4,2408.0,884.304347826087,-1614.0,ODM_ODMCS20338RPN,2033,,0.0,0.0,0.0,,0.0,0.0,0.0,0.0
2022,ODM,CS,ODMCS20338RPN,2.15,0,0.0,0.0,0.0,0.0,GHW,RIP,338,2.5,1.2,333.0,2020.0,ELR,170.0,NS,1043.0,R,0.0,0.0,20.49890410958904,10.183287671232877,1.6017534246575342,734.2,2227.0,895.1342465753424,-1345.0,ODM_ODMCS20338RPN,2033,,0.0,0.0,0.0,,0.0,0.0,0.0,0.0
2023,ODM,CS,ODMCS20338RPN,2.15,4,0.0,0.9,0.36,0.0,GHW,RIP,338,2.5,1.2,333.0,2020.0,ELR,170.0,NS,1043.0,R,0.0,0.0,18.479726027397263,9.267397260273972,1.449972602739726,797.7,2218.0,780.4904109589041,-1208.0,ODM_ODMCS20338RPN,2033,,-0.54,0.0,0.0,,0.0,0.0,0.0,0.0
2024,ODM,CS,ODMCS20338RPN,2.15,4,0.0,0.5,0.48,0.36,GHW,RIP,338,2.5,1.2,333.0,2020.0,ELR,170.0,NS,1043.0,R,0.0,0.0,21.237260273972602,11.018904109589041,1.6198356164383563,649.9,2328.0,900.8027397260274,-1951.0,ODM_ODMCS20338RPN,2033,,-0.020000000000000018,0.0,0.0,,0.9,-0.54,0.0,0.0
2025,ODM,CS,ODMCS20338RPN,2.15,4,0.0,2.0,1.46,0.48,GHW,RIP,338,2.5,1.2,333.0,2020.0,ELR,170.0,NS,1043.0,R,0.0,0.0,21.89123287671233,10.42986301369863,1.8915616438356164,364.9,2321.0,882.9041095890411,-1874.0,ODM_ODMCS20338RPN,2033,,-0.54,0.0,0.0,,0.5,-0.020000000000000018,0.0,0.0
2020,ODM,CS,ODMCS20338RPS,12.2,0,0.0,0.0,0.0,,GHW,RIP,338,2.5,1.2,333.0,2020.0,ELR,99.0,WE,1043.0,R,0.0,0.0,18.925081433224754,9.91172638436482,1.5264495114006515,797.0,2222.0,865.71335504886,-1289.0,ODM_ODMCS20338RPS,2033,,0.0,0.0,0.0,,,,,
2021,ODM,CS,ODMCS20338RPS,12.2,0,0.0,0.0,0.0,0.0,GHW,RIP,338,2.5,1.2,333.0,2020.0,ELR,99.0,WE,1043.0,R,0.0,0.0,21.06231884057971,10.617101449275362,1.6642898550724636,732.4,2408.0,884.304347826087,-1614.0,ODM_ODMCS20338RPS,2033,,0.0,0.0,0.0,,0.0,0.0,0.0,0.0
2022,ODM,CS,ODMCS20338RPS,12.2,0,0.0,0.0,0.0,0.0,GHW,RIP,338,2.5,1.2,333.0,2020.0,ELR,99.0,WE,1043.0,R,0.0,0.0,20.49890410958904,10.183287671232877,1.6017534246575342,734.2,2227.0,895.1342465753424,-1345.0,ODM_ODMCS20338RPS,2033,,0.0,0.0,0.0,,0.0,0.0,0.0,0.0
2023,ODM,CS,ODMCS20338RPS,12.2,4,0.0,6.1,2.97,0.0,GHW,RIP,338,2.5,1.2,333.0,2020.0,ELR,99.0,WE,1043.0,R,0.0,0.0,18.479726027397263,9.267397260273972,1.449972602739726,797.7,2218.0,780.4904109589041,-1208.0,ODM_ODMCS20338RPS,2033,,-3.1299999999999994,0.0,0.0,,0.0,0.0,0.0,0.0
2024,ODM,CS,ODMCS20338RPS,12.2,4,0.0,5.5,3.26,2.97,GHW,RIP,338,2.5,1.2,333.0,2020.0,ELR,99.0,WE,1043.0,R,0.0,0.0,21.237260273972602,11.018904109589041,1.6198356164383563,649.9,2328.0,900.8027397260274,-1951.0,ODM_ODMCS20338RPS,2033,,-2.24,0.0,0.0,,6.1,-3.1299999999999994,0.0,0.0
2025,ODM,CS,ODMCS20338RPS,12.2,4,0.0,9.0,7.78,3.26,GHW,RIP,338,2.5,1.2,333.0,2020.0,ELR,99.0,WE,1043.0,R,0.0,0.0,21.89123287671233,10.42986301369863,1.8915616438356164,364.9,2321.0,882.9041095890411,-1874.0,ODM_ODMCS20338RPS,2033,,-1.2199999999999998,0.0,0.0,,5.5,-2.24,0.0,0.0
2020,ODM,CS,ODMCS20412R,7.62,0,0.0,0.0,0.0,,GHW,R110,412,2.5,1.5,267.0,2020.0,ELR,105.0,WE,1043.0,R,0.0,0.0,18.925081433224754,9.91172638436482,1.5264495114006515,797.0,2222.0,865.71335504886,-1289.0,ODM_ODMCS20412R,2041,,0.0,0.0,0.0,,,,,
2021,ODM,CS,ODMCS20412R,7.62,0,0.0,0.0,0.0,0.0,GHW,R110,412,2.5,1.5,267.0,2020.0,ELR,105.0,WE,1043.0,R,0.0,0.0,21.06231884057971,10.617101449275362,1.6642898550724636,732.4,2408.0,884.304347826087,-1614.0,ODM_ODMCS20412R,2041,,0.0,0.0,0.0,,0.0,0.0,0.0,0.0
2022,ODM,CS,ODMCS20412R,7.62,0,0.0,0.0,0.0,0.0,GHW,R110,412,2.5,1.5,267.0,2020.0,ELR,105.0,WE,1043.0,R,0.0,0.0,20.49890410958904,10.183287671232877,1.6017534246575342,734.2,2227.0,895.1342465753424,-1345.0,ODM_ODMCS20412R,2041,,0.0,0.0,0.0,,0.0,0.0,0.0,0.0
2023,ODM,CS,ODMCS20412R,7.62,4,0.0,2.7,0.58,0.0,GHW,R110,412,2.5,1.5,267.0,2020.0,ELR,105.0,WE,1043.0,R,0.0,0.0,18.479726027397263,9.267397260273972,1.449972602739726,797.7,2218.0,780.4904109589041,-1208.0,ODM_ODMCS20412R,2041,,-2.12,0.0,0.0,,0.0,0.0,0.0,0.0
2024,ODM,CS,ODMCS20412R,7.62,4,0.0,3.0,1.88,0.58,GHW,R110,412,2.5,1.5,267.0,2020.0,ELR,105.0,WE,1043.0,R,0.0,0.0,21.237260273972602,11.018904109589041,1.6198356164383563,649.9,2328.0,900.8027397260274,-1951.0,ODM_ODMCS20412R,2041,,-1.12,0.0,0.0,,2.7,-2.12,0.0,0.0
2025,ODM,CS,ODMCS20412R,7.62,4,0.0,6.0,3.62,1.88,GHW,R110,412,2.5,1.5,267.0,2020.0,ELR,105.0,WE,1043.0,R,0.0,0.0,21.89123287671233,10.42986301369863,1.8915616438356164,364.9,2321.0,882.9041095890411,-1874.0,ODM_ODMCS20412R,2041,,-2.38,0.0,0.0,,3.0,-1.12,0.0,0.0
2023,ODM,CS,ODMCS23338RIP,8.4,0,0.0,0.0,0.0,,GHW,RIP,338,2.5,1.2,333.0,2023.0,EMB,86.0,NS,1020.0,R,0.0,0.0,,,,,,,,ODM_ODMCS23338RIP,2333,,0.0,0.0,0.0,,,,,
2024,ODM,CS,ODMCS23338RIP,8.4,0,0.0,0.0,0.0,0.0,GHW,RIP,338,2.5,1.2,333.0,2023.0,EMB,86.0,NS,1020.0,R,0.0,0.0,,,,,,,,ODM_ODMCS23338RIP,2333,,0.0,0.0,0.0,,0.0,0.0,0.0,0.0
2025,ODM,CS,ODMCS23338RIP,8.4,0,0.0,0.0,0.0,0.0,GHW,RIP,338,2.5,1.2,333.0,2023.0,EMB,86.0,NS,1020.0,R,0.0,0.0,,,,,,,,ODM_ODMCS23338RIP,2333,,0.0,0.0,0.0,,0.0,0.0,0.0,0.0
2023,ODM,CS,ODMCS23412R,7.4,0,0.0,0.0,0.0,,GHW,R110,412,2.5,1.2,333.0,2023.0,EMB,95.0,EW,1025.0,R,0.0,0.0,,,,,,,,ODM_ODMCS23412R,2341,,0.0,0.0,0.0,,,,,
2024,ODM,CS,ODMCS23412R,7.4,0,0.0,0.0,0.0,0.0,GHW,R110,412,2.5,1.2,333.0,2023.0,EMB,95.0,EW,1025.0,R,0.0,0.0,,,,,,,,ODM_ODMCS23412R,2341,,0.0,0.0,0.0,,0.0,0.0,0.0,0.0
2025,ODM,CS,ODMCS23412R,7.4,0,0.0,0.0,0.0,0.0,GHW,R110,412,2.5,1.2,333.0,2023.0,EMB,95.0,EW,1025.0,R,0.0,0.0,,,,,,,,ODM_ODMCS23412R,2341,,0.0,0.0,0.0,,0.0,0.0,0.0,0.0
2023,ODM,CS,ODMCS23412RIP,8.0,0,0.0,0.0,0.0,,GHW,RIP,412,2.5,1.2,333.0,2023.0,EMB,86.0,EW,1020.0,R,0.0,0.0,,,,,,,,ODM_ODMCS23412RIP,2341,,0.0,0.0,0.0,,,,,
2024,ODM,CS,ODMCS23412RIP,8.0,0,0.0,0.0,0.0,0.0,GHW,RIP,412,2.5,1.2,333.0,2023.0,EMB,86.0,EW,1020.0,R,0.0,0.0,,,,,,,,ODM_ODMCS23412RIP,2341,,0.0,0.0,0.0,,0.0,0.0,0.0,0.0
2025,ODM,CS,ODMCS23412RIP,8.0,0,0.0,0.0,0.0,0.0,GHW,RIP,412,2.5,1.2,333.0,2023.0,EMB,86.0,EW,1020.0,R,0.0,0.0,,,,,,,,ODM_ODMCS23412RIP,2341,,0.0,0.0,0.0,,0.0,0.0,0.0,0.0
2023,ODM,CS,ODMCS23412RN,4.73,0,0.0,0.0,0.0,,GHW,R110,412,2.5,1.0,400.0,2023.0,ELR,24.0,EW,1055.0,R,0.0,0.0,18.479726027397263,9.267397260273972,1.449972602739726,797.7,2218.0,780.4904109589041,-1208.0,ODM_ODMCS23412RN,2341,,0.0,0.0,0.0,,,,,
2024,ODM,CS,ODMCS23412RN,4.73,0,0.0,0.0,0.0,0.0,GHW,R110,412,2.5,1.0,400.0,2023.0,ELR,24.0,EW,1055.0,R,0.0,0.0,21.237260273972602,11.018904109589041,1.6198356164383563,649.9,2328.0,900.8027397260274,-1951.0,ODM_ODMCS23412RN,2341,,0.0,0.0,0.0,,0.0,0.0,0.0,0.0
2025,ODM,CS,ODMCS23412RN,4.73,0,0.0,0.0,0.0,0.0,GHW,R110,412,2.5,1.0,400.0,2023.0,ELR,24.0,EW,1055.0,R,0.0,0.0,21.89123287671233,10.42986301369863,1.8915616438356164,364.9,2321.0,882.9041095890411,-1874.0,ODM_ODMCS23412RN,2341,,0.0,0.0,0.0,,0.0,0.0,0.0,0.0
2023,ODM,CS,ODMCS23412RS,11.7,0,0.0,0.0,0.0,,GHW,R110,412,2.5,1.0,400.0,2023.0,ELR,24.0,EW,1055.0,R,0.0,0.0,18.479726027397263,9.267397260273972,1.449972602739726,797.7,2218.0,780.4904109589041,-1208.0,ODM_ODMCS23412RS,2341,,0.0,0.0,0.0,,,,,
2024,ODM,CS,ODMCS23412RS,11.7,0,0.0,0.0,0.0,0.0,GHW,R110,412,2.5,1.0,400.0,2023.0,ELR,24.0,EW,1055.0,R,0.0,0.0,21.237260273972602,11.018904109589041,1.6198356164383563,649.9,2328.0,900.8027397260274,-1951.0,ODM_ODMCS23412RS,2341,,0.0,0.0,0.0,,0.0,0.0,0.0,0.0
2025,ODM,CS,ODMCS23412RS,11.7,0,0.0,0.0,0.0,0.0,GHW,R110,412,2.5,1.0,400.0,2023.0,ELR,24.0,EW,1055.0,R,0.0,0.0,21.89123287671233,10.42986301369863,1.8915616438356164,364.9,2321.0,882.9041095890411,-1874.0,ODM_ODMCS23412RS,2341,,0.0,0.0,0.0,,0.0,0.0,0.0,0.0
2023,ODM,CS,ODMCS23412S,8.5,0,0.0,0.0,0.0,,GHW,SO4,412,2.5,1.2,333.0,2023.0,ELR,98.0,EW,1050.0,R,0.0,0.0,18.479726027397263,9.267397260273972,1.449972602739726,797.7,2218.0,780.4904109589041,-1208.0,ODM_ODMCS23412S,2341,,0.0,0.0,0.0,,,,,
2024,ODM,CS,ODMCS23412S,8.5,0,0.0,0.0,0.0,0.0,GHW,SO4,412,2.5,1.2,333.0,2023.0,ELR,98.0,EW,1050.0,R,0.0,0.0,21.237260273972602,11.018904109589041,1.6198356164383563,649.9,2328.0,900.8027397260274,-1951.0,ODM_ODMCS23412S,2341,,0.0,0.0,0.0,,0.0,0.0,0.0,0.0
2025,ODM,CS,ODMCS23412S,8.5,0,0.0,0.0,0.0,0.0,GHW,SO4,412,2.5,1.2,333.0,2023.0,ELR,98.0,EW,1050.0,R,0.0,0.0,21.89123287671233,10.42986301369863,1.8915616438356164,364.9,2321.0,882.9041095890411,-1874.0,ODM_ODMCS23412S,2341,,0.0,0.0,0.0,,0.0,0.0,0.0,0.0
2023,ODM,CS,ODMCS23412SO,6.2,0,0.0,0.0,0.0,,GHW,SO4,412,2.5,1.2,333.0,2023.0,ELR,115.0,NESW,1080.0,R,0.0,0.0,18.479726027397263,9.267397260273972,1.449972602739726,797.7,2218.0,780.4904109589041,-1208.0,ODM_ODMCS23412SO,2341,,0.0,0.0,0.0,,,,,
2024,ODM,CS,ODMCS23412SO,6.2,0,0.0,0.0,0.0,0.0,GHW,SO4,412,2.5,1.2,333.0,2023.0,ELR,115.0,NESW,1080.0,R,0.0,0.0,21.237260273972602,11.018904109589041,1.6198356164383563,649.9,2328.0,900.8027397260274,-1951.0,ODM_ODMCS23412SO,2341,,0.0,0.0,0.0,,0.0,0.0,0.0,0.0
2025,ODM,CS,ODMCS23412SO,6.2,0,0.0,0.0,0.0,0.0,GHW,SO4,412,2.5,1.2,333.0,2023.0,ELR,115.0,NESW,1080.0,R,0.0,0.0,21.89123287671233,10.42986301369863,1.8915616438356164,364.9,2321.0,882.9041095890411,-1874.0,ODM_ODMCS23412SO,2341,,0.0,0.0,0.0,,0.0,0.0,0.0,0.0
2024,ODM,CS,ODMCS24169SN,7.05,0,0.0,0.0,0.0,,GHW,SO4,169,2.5,1.2,333.0,2024.0,EMB,95.0,EW,1025.0,R,,,,,,,,,,ODM_ODMCS24169SN,2416,,0.0,,,,,,,
2025,ODM,CS,ODMCS24169SN,7.05,0,0.0,0.0,0.0,0.0,GHW,SO4,169,2.5,1.2,333.0,2024.0,EMB,95.0,EW,1025.0,R,,,,,,,,,,ODM_ODMCS24169SN,2416,,0.0,,,,0.0,0.0,,
2024,ODM,CS,ODMCS24169SS,7.75,0,0.0,0.0,0.0,,GHW,SO4,169,2.5,1.2,333.0,2024.0,EMB,95.0,EW,1025.0,R,,,,,,,,,,ODM_ODMCS24169SS,2416,,0.0,,,,,,,
2025,ODM,CS,ODMCS24169SS,7.75,0,0.0,0.0,0.0,0.0,GHW,SO4,169,2.5,1.2,333.0,2024.0,EMB,95.0,EW,1025.0,R,,,,,,,,,,ODM_ODMCS24169SS,2416,,0.0,,,,0.0,0.0,,
2024,ODM,CS,ODMCS24338RE,14.03,0,0.0,0.0,0.0,,GHW,R110,338,2.5,1.2,333.0,2024.0,EMB,90.0,EW,1030.0,R,,,,,,,,,,ODM_ODMCS24338RE,2433,,0.0,,,,,,,
2025,ODM,CS,ODMCS24338RE,14.03,0,0.0,0.0,0.0,0.0,GHW,R110,338,2.5,1.2,333.0,2024.0,EMB,90.0,EW,1030.0,R,,,,,,,,,,ODM_ODMCS24338RE,2433,,0.0,,,,0.0,0.0,,
2024,ODM,CS,ODMCS24338RIP,8.36,0,0.0,0.0,0.0,,GHW,RIP,338,2.5,1.0,400.0,2024.0,EMB,85.0,EW,1020.0,R,,,,,,,,,,ODM_ODMCS24338RIP,2433,,0.0,,,,,,,
2025,ODM,CS,ODMCS24338RIP,8.36,0,0.0,0.0,0.0,0.0,GHW,RIP,338,2.5,1.0,400.0,2024.0,EMB,85.0,EW,1020.0,R,,,,,,,,,,ODM_ODMCS24338RIP,2433,,0.0,,,,0.0,0.0,,
2024,ODM,CS,ODMCS24338RS,14.36,0,0.0,0.0,0.0,,GHW,R110,338,2.5,1.0,400.0,2024.0,EMB,90.0,EW,1025.0,R,,,,,,,,,,ODM_ODMCS24338RS,2433,,0.0,,,,,,,
2025,ODM,CS,ODMCS24338RS,14.36,0,0.0,0.0,0.0,0.0,GHW,R110,338,2.5,1.0,400.0,2024.0,EMB,90.0,EW,1025.0,R,,,,,,,,,,ODM_ODMCS24338RS,2433,,0.0,,,,0.0,0.0,,
2024,ODM,CS,ODMCS24338RW,13.76,0,0.0,0.0,0.0,,GHW,R110,338,2.5,1.2,333.0,2024.0,EMB,90.0,EW,1030.0,R,,,,,,,,,,ODM_ODMCS24338RW,2433,,0.0,,,,,,,
2025,ODM,CS,ODMCS24338RW,13.76,0,0.0,0.0,0.0,0.0,GHW,R110,338,2.5,1.2,333.0,2024.0,EMB,90.0,EW,1030.0,R,,,,,,,,,,ODM_ODMCS24338RW,2433,,0.0,,,,0.0,0.0,,
2024,ODM,CS,ODMCS24412RE,12.01,0,0.0,0.0,0.0,,GHW,R110,412,2.5,1.2,333.0,2024.0,ELR,115.0,NW-S,1085.0,R,,,21.237260273972602,11.018904109589041,1.6198356164383563,649.9,2328.0,900.8027397260274,-1951.0,ODM_ODMCS24412RE,2441,,0.0,,,,,,,
2025,ODM,CS,ODMCS24412RE,12.01,0,0.0,0.0,0.0,0.0,GHW,R110,412,2.5,1.2,333.0,2024.0,ELR,115.0,NW-S,1085.0,R,,,21.89123287671233,10.42986301369863,1.8915616438356164,364.9,2321.0,882.9041095890411,-1874.0,ODM_ODMCS24412RE,2441,,0.0,,,,0.0,0.0,,
2024,ODM,CS,ODMCS24412REB,8.41,0,0.0,0.0,0.0,,GHW,R110,412,2.5,1.0,400.0,2024.0,EMB,85.0,EW,1020.0,R,,,,,,,,,,ODM_ODMCS24412REB,2441,,0.0,,,,,,,
2025,ODM,CS,ODMCS24412REB,8.41,0,0.0,0.0,0.0,0.0,GHW,R110,412,2.5,1.0,400.0,2024.0,EMB,85.0,EW,1020.0,R,,,,,,,,,,ODM_ODMCS24412REB,2441,,0.0,,,,0.0,0.0,,
2024,ODM,CS,ODMCS24412RIP,7.0,0,0.0,0.0,0.0,,GHW,RIP,412,2.5,1.0,400.0,2024.0,EMB,85.0,EW,1020.0,R,,,,,,,,,,ODM_ODMCS24412RIP,2441,,0.0,,,,,,,
2025,ODM,CS,ODMCS24412RIP,7.0,0,0.0,0.0,0.0,0.0,GHW,RIP,412,2.5,1.0,400.0,2024.0,EMB,85.0,EW,1020.0,R,,,,,,,,,,ODM_ODMCS24412RIP,2441,,0.0,,,,0.0,0.0,,
2024,ODM,CS,ODMCS24412RW,14.9,0,0.0,0.0,0.0,,GHW,R110,412,2.5,1.0,400.0,2024.0,ELR,144.0,NW-S,1080.0,R,,,21.237260273972602,11.018904109589041,1.6198356164383563,649.9,2328.0,900.8027397260274,-1951.0,ODM_ODMCS24412RW,2441,,0.0,,,,,,,
2025,ODM,CS,ODMCS24412RW,14.9,0,0.0,0.0,0.0,0.0,GHW,R110,412,2.5,1.0,400.0,2024.0,ELR,144.0,NW-S,1080.0,R,,,21.89123287671233,10.42986301369863,1.8915616438356164,364.9,2321.0,882.9041095890411,-1874.0,ODM_ODMCS24412RW,2441,,0.0,,,,0.0,0.0,,
2024,ODM,CS,ODMCS24412RWB,8.15,0,0.0,0.0,0.0,,GHW,R110,412,2.5,1.2,333.0,2024.0,EMB,95.0,EW,1025.0,R,,,,,,,,,,ODM_ODMCS24412RWB,2441,,0.0,,,,,,,
2025,ODM,CS,ODMCS24412RWB,8.15,0,0.0,0.0,0.0,0.0,GHW,R110,412,2.5,1.2,333.0,2024.0,EMB,95.0,EW,1025.0,R,,,,,,,,,,ODM_ODMCS24412RWB,2441,,0.0,,,,0.0,0.0,,
2020,ORT,CS,ORTCS04,39.0,3,0.22,43.0,35.76,,,,,,,,,,,,,,40.0,147.0,,,,,,,,ORT_ORTCS04,04,,-7.240000000000002,,147.0,,,,,
2021,ORT,CS,ORTCS04,39.0,0,0.0,33.15,29.0,35.76,,,,,,,,,,,,,29.0,117.0,,,,,,,,ORT_ORTCS04,04,,-4.149999999999999,,117.0,,43.0,-7.240000000000002,147.0,-30.0
2022,ORT,CS,ORTCS04,39.0,3,0.0,34.0,27.94,29.0,,,,,,,,,,,,,33.0,81.0,,,,,,,,ORT_ORTCS04,04,,-6.059999999999999,,81.0,,33.15,-4.149999999999999,117.0,-36.0
2023,ORT,CS,ORTCS04,39.0,3,0.0,35.1,19.3,27.94,,,,,,,,,,,,,18.0,0.0,,,,,,,,ORT_ORTCS04,04,,-15.8,,0.0,,34.0,-6.059999999999999,81.0,-81.0
2024,ORT,CS,ORTCS04,39.0,3,0.0,23.5,13.36,19.3,,,,,,,,,,,,,16.0,0.0,,,,,,,,ORT_ORTCS04,04,,-10.14,,0.0,,35.1,-15.8,0.0,0.0
2025,ORT,CS,ORTCS04,39.0,3,0.0,31.0,26.0,13.36,,,,,,,,,,,,,0.0,0.0,,,,,,,,ORT_ORTCS04,04,,-5.0,,0.0,,23.5,-10.14,0.0,0.0
2020,ORT,CS,ORTCS06GOE,16.6,3,0.23,15.0,14.12,,GHW,101/14,GOLAN,3.0,1.5,222.0,2006.0,ORT,145.0,NS,900.0,R,37.0,132.0,,,,,,,,ORT_ORTCS06GOE,06,,-0.8800000000000008,0.0025100401606425703,132.0,1.9015455762443715e-05,,,,
2021,ORT,CS,ORTCS06GOE,16.6,0,0.0,10.79,10.5,14.12,GHW,101/14,GOLAN,3.0,1.5,222.0,2006.0,ORT,145.0,NS,900.0,R,28.0,0.0,,,,,,,,ORT_ORTCS06GOE,06,,-0.28999999999999915,0.00189948985129708,0.0,,15.0,-0.8800000000000008,132.0,-132.0
2022,ORT,CS,ORTCS06GOE,16.6,4,0.0,16.0,14.06,10.5,GHW,101/14,GOLAN,3.0,1.5,222.0,2006.0,ORT,145.0,NS,900.0,R,45.0,98.0,,,,,,,,ORT_ORTCS06GOE,06,,-1.9399999999999995,0.00305275154672745,98.0,3.11505259870148e-05,10.79,-0.28999999999999915,0.0,98.0
2023,ORT,CS,ORTCS06GOE,16.6,4,0.0,12.1,12.6,14.06,GHW,101/14,GOLAN,3.0,1.5,222.0,2006.0,ORT,145.0,NS,900.0,R,20.0,0.0,,,,,,,,ORT_ORTCS06GOE,06,,0.5,0.0013567784652122,0.0,,16.0,-1.9399999999999995,98.0,-98.0
2024,ORT,CS,ORTCS06GOE,16.6,3,0.0,12.5,6.84,12.6,GHW,101/14,GOLAN,3.0,1.5,222.0,2006.0,ORT,145.0,NS,900.0,R,19.0,0.0,,,,,,,,ORT_ORTCS06GOE,06,,-5.66,0.00128893954195159,0.0,,12.1,0.5,0.0,0.0
2025,ORT,CS,ORTCS06GOE,16.6,3,0.0,12.0,13.0,6.84,GHW,101/14,GOLAN,3.0,1.5,222.0,2006.0,ORT,145.0,NS,900.0,R,0.0,0.0,,,,,,,,ORT_ORTCS06GOE,06,,1.0,0.0,0.0,,12.5,-5.66,0.0,0.0
2020,ORT,CS,ORTCS06GOW,10.9,3,0.25,7.0,7.26,,GHW,101/14,GOLAN,3.0,1.5,222.0,2006.0,ORT,145.0,NS,900.0,R,31.0,110.0,,,,,,,,ORT_ORTCS06GOW,06,,0.2599999999999998,0.0032027440284321017,110.0,2.9115854803928197e-05,,,,
2021,ORT,CS,ORTCS06GOW,10.9,0,0.0,4.61,6.47,7.26,GHW,101/14,GOLAN,3.0,1.5,222.0,2006.0,ORT,145.0,NS,900.0,R,20.0,0.0,,,,,,,,ORT_ORTCS06GOW,06,,1.8599999999999994,0.0020662864699561947,0.0,,7.0,0.2599999999999998,110.0,-110.0
2022,ORT,CS,ORTCS06GOW,10.9,4,0.0,9.0,7.52,6.47,GHW,101/14,GOLAN,3.0,1.5,222.0,2006.0,ORT,145.0,NS,900.0,R,42.0,85.0,,,,,,,,ORT_ORTCS06GOW,06,,-1.4800000000000004,0.004339201586908008,85.0,5.1049430434211865e-05,4.61,1.8599999999999994,0.0,85.0
2023,ORT,CS,ORTCS06GOW,10.9,4,0.0,6.5,6.72,7.52,GHW,101/14,GOLAN,3.0,1.5,222.0,2006.0,ORT,145.0,NS,900.0,R,22.0,0.0,,,,,,,,ORT_ORTCS06GOW,06,,0.21999999999999975,0.002272915116951814,0.0,,9.0,-1.4800000000000004,85.0,-85.0
2024,ORT,CS,ORTCS06GOW,10.9,3,0.0,8.0,4.9,6.72,GHW,101/14,GOLAN,3.0,1.5,222.0,2006.0,ORT,145.0,NS,900.0,R,24.0,0.0,,,,,,,,ORT_ORTCS06GOW,06,,-3.0999999999999996,0.0024795437639474334,0.0,,6.5,0.21999999999999975,0.0,0.0
2025,ORT,CS,ORTCS06GOW,10.9,3,0.0,8.0,5.68,4.9,GHW,101/14,GOLAN,3.0,1.5,222.0,2006.0,ORT,145.0,NS,900.0,R,0.0,0.0,,,,,,,,ORT_ORTCS06GOW,06,,-2.3200000000000003,0.0,0.0,,8.0,-3.0999999999999996,0.0,0.0
2020,ORT,CS,ORTCS07GO,19.7,4,0.25,22.0,17.23,,GHW,R110,GOLAN,3.0,1.5,222.0,2007.0,ORT,85.0,EW,890.0,R,40.0,141.0,,,,,,,,ORT_ORTCS07GO,07,,-4.77,0.002286550509900764,141.0,1.621667028298414e-05,,,,
2021,ORT,CS,ORTCS07GO,19.7,0,0.0,16.7,18.47,17.23,GHW,R110,GOLAN,3.0,1.5,222.0,2007.0,ORT,85.0,EW,890.0,R,32.0,0.0,,,,,,,,ORT_ORTCS07GO,07,,1.7699999999999996,0.0018292404079206111,0.0,,22.0,-4.77,141.0,-141.0
2022,ORT,CS,ORTCS07GO,19.7,3,0.0,22.0,20.66,18.47,GHW,R110,GOLAN,3.0,1.5,222.0,2007.0,ORT,85.0,EW,890.0,R,42.0,86.0,,,,,,,,ORT_ORTCS07GO,07,,-1.3399999999999999,0.002400878035395802,86.0,2.791718645809072e-05,16.7,1.7699999999999996,0.0,86.0
2023,ORT,CS,ORTCS07GO,19.7,3,0.0,18.9,17.46,20.66,GHW,R110,GOLAN,3.0,1.5,222.0,2007.0,ORT,85.0,EW,890.0,R,22.0,0.0,,,,,,,,ORT_ORTCS07GO,07,,-1.4399999999999977,0.0012576027804454201,0.0,,22.0,-1.3399999999999999,86.0,-86.0
2024,ORT,CS,ORTCS07GO,19.7,3,0.0,16.0,11.82,17.46,GHW,R110,GOLAN,3.0,1.5,222.0,2007.0,ORT,85.0,EW,890.0,R,20.0,0.0,,,,,,,,ORT_ORTCS07GO,07,,-4.18,0.001143275254950382,0.0,,18.9,-1.4399999999999977,0.0,0.0
2025,ORT,CS,ORTCS07GO,19.7,3,0.0,14.0,15.06,11.82,GHW,R110,GOLAN,3.0,1.5,222.0,2007.0,ORT,85.0,EW,890.0,R,0.0,0.0,,,,,,,,ORT_ORTCS07GO,07,,1.0600000000000005,0.0,0.0,,16.0,-4.18,0.0,0.0
2020,ORT,CS,ORTCS07GON,6.8,4,0.23,6.0,5.88,,GHW,101/14,GOLAN,3.0,1.5,222.0,2007.0,ORT,145.0,NS,900.0,R,34.0,111.0,,,,,,,,ORT_ORTCS07GON,07,,-0.1200000000000001,0.005630630630630631,111.0,5.072640207775343e-05,,,,
2021,ORT,CS,ORTCS07GON,6.8,0,0.0,5.27,5.65,5.88,GHW,101/14,GOLAN,3.0,1.5,222.0,2007.0,ORT,145.0,NS,900.0,R,29.0,0.0,,,,,,,,ORT_ORTCS07GON,07,,0.3800000000000008,0.004802596714361421,0.0,,6.0,-0.1200000000000001,111.0,-111.0
2022,ORT,CS,ORTCS07GON,6.8,3,0.0,7.0,6.8,5.65,GHW,101/14,GOLAN,3.0,1.5,222.0,2007.0,ORT,145.0,NS,900.0,R,42.0,84.0,,,,,,,,ORT_ORTCS07GON,07,,-0.20000000000000018,0.006955484896661368,84.0,8.280339162692105e-05,5.27,0.3800000000000008,0.0,84.0
2023,ORT,CS,ORTCS07GON,6.8,3,0.0,5.6,5.34,6.8,GHW,101/14,GOLAN,3.0,1.5,222.0,2007.0,ORT,145.0,NS,900.0,R,19.0,0.0,,,,,,,,ORT_ORTCS07GON,07,,-0.2599999999999998,0.0031465288818229996,0.0,,7.0,-0.20000000000000018,84.0,-84.0
2024,ORT,CS,ORTCS07GON,6.8,3,0.0,5.0,4.82,5.34,GHW,101/14,GOLAN,3.0,1.5,222.0,2007.0,ORT,145.0,NS,900.0,R,22.0,0.0,,,,,,,,ORT_ORTCS07GON,07,,-0.17999999999999972,0.003643349231584526,0.0,,5.6,-0.2599999999999998,0.0,0.0
2025,ORT,CS,ORTCS07GON,6.8,3,0.0,4.0,4.68,4.82,GHW,101/14,GOLAN,3.0,1.5,222.0,2007.0,ORT,145.0,NS,900.0,R,0.0,0.0,,,,,,,,ORT_ORTCS07GON,07,,0.6799999999999997,0.0,0.0,,5.0,-0.17999999999999972,0.0,0.0
2020,ORT,CS,ORTCS09GOR,20.2,3,0.2,24.0,20.97,,GHW,R110,GOLAN,3.0,1.5,222.0,2009.0,ORT,145.0,EW,900.0,R,42.0,140.0,,,,,,,,ORT_ORTCS09GOR,09,,-3.030000000000001,0.0023414503612523415,140.0,1.6724645437516724e-05,,,,
2021,ORT,CS,ORTCS09GOR,20.2,0,0.0,20.2,15.24,20.97,GHW,R110,GOLAN,3.0,1.5,222.0,2009.0,ORT,145.0,EW,900.0,R,32.0,0.0,,,,,,,,ORT_ORTCS09GOR,09,,-4.959999999999999,0.0017839621800017841,0.0,,24.0,-3.030000000000001,140.0,-140.0
2022,ORT,CS,ORTCS09GOR,20.2,3,0.0,23.0,19.6,15.24,GHW,R110,GOLAN,3.0,1.5,222.0,2009.0,ORT,145.0,EW,900.0,R,47.0,88.0,,,,,,,,ORT_ORTCS09GOR,09,,-3.3999999999999986,0.0026201944518776206,88.0,2.9774936953154778e-05,20.2,-4.959999999999999,0.0,88.0
2023,ORT,CS,ORTCS09GOR,20.2,3,0.0,18.2,13.22,19.6,GHW,R110,GOLAN,3.0,1.5,222.0,2009.0,ORT,145.0,EW,900.0,R,25.0,0.0,,,,,,,,ORT_ORTCS09GOR,09,,-4.979999999999999,0.0013937204531263938,0.0,,23.0,-3.3999999999999986,88.0,-88.0
2024,ORT,CS,ORTCS09GOR,20.2,3,0.0,15.0,9.26,13.22,GHW,R110,GOLAN,3.0,1.5,222.0,2009.0,ORT,145.0,EW,900.0,R,19.0,0.0,,,,,,,,ORT_ORTCS09GOR,09,,-5.74,0.0010592275443760592,0.0,,18.2,-4.979999999999999,0.0,0.0
2025,ORT,CS,ORTCS09GOR,20.2,3,0.0,14.0,10.1,9.26,GHW,R110,GOLAN,3.0,1.5,222.0,2009.0,ORT,145.0,EW,900.0,R,0.0,0.0,,,,,,,,ORT_ORTCS09GOR,09,,-3.9000000000000004,0.0,0.0,,15.0,-5.74,0.0,0.0
2020,ORT,CS,ORTCS10338P,14.4,0,0.0,10.0,0.0,,,,,,,,,,,,,,33.0,0.0,,,,,,,,ORT_ORTCS10338P,1033,,-10.0,,0.0,,,,,
2020,ORT,CS,ORTCS10338PF,0.0,0,0.27,0.0,0.0,,,,,,,,,,,,,,0.0,0.0,,,,,,,,ORT_ORTCS10338PF,1033,,0.0,,0.0,,,,,
2020,ORT,CS,ORTCS10338PI,0.0,0,0.27,0.0,0.0,,,,,,,,,,,,,,0.0,0.0,,,,,,,,ORT_ORTCS10338PI,1033,,0.0,,0.0,,,,,
2020,ORT,CS,ORTCS1906S,13.0,0,0.0,0.0,0.0,,GHW,SO4,06,3.0,1.5,222.0,2019.0,ORT,140.0,NW,865.0,R,0.0,0.0,,,,,,,,ORT_ORTCS1906S,1906,,0.0,0.0,0.0,,,,,
2021,ORT,CS,ORTCS1906S,13.0,0,0.0,0.0,0.0,0.0,GHW,SO4,06,3.0,1.5,222.0,2019.0,ORT,140.0,NW,865.0,R,0.0,0.0,,,,,,,,ORT_ORTCS1906S,1906,,0.0,0.0,0.0,,0.0,0.0,0.0,0.0
2022,ORT,CS,ORTCS1906S,13.0,0,0.0,9.0,3.12,0.0,GHW,SO4,06,3.0,1.5,222.0,2019.0,ORT,140.0,NW,865.0,R,19.0,0.0,,,,,,,,ORT_ORTCS1906S,1906,,-5.88,0.001645876645876646,0.0,,0.0,0.0,0.0,0.0
2023,ORT,CS,ORTCS1906S,13.0,4,0.0,5.2,1.28,3.12,GHW,SO4,06,3.0,1.5,222.0,2019.0,ORT,140.0,NW,865.0,R,0.0,0.0,,,,,,,,ORT_ORTCS1906S,1906,,-3.92,0.0,0.0,,9.0,-5.88,0.0,0.0
2024,ORT,CS,ORTCS1906S,13.0,4,0.0,8.0,2.86,1.28,GHW,SO4,06,3.0,1.5,222.0,2019.0,ORT,140.0,NW,865.0,R,16.0,0.0,,,,,,,,ORT_ORTCS1906S,1906,,-5.140000000000001,0.001386001386001386,0.0,,5.2,-3.92,0.0,0.0
2025,ORT,CS,ORTCS1906S,13.0,4,0.0,10.0,8.42,2.86,GHW,SO4,06,3.0,1.5,222.0,2019.0,ORT,140.0,NW,865.0,R,0.0,0.0,,,,,,,,ORT_ORTCS1906S,1906,,-1.58,0.0,0.0,,8.0,-5.140000000000001,0.0,0.0
2020,ORT,CS,ORTCS19169S,13.05,0,0.0,0.0,0.0,,GHW,SO4,169,3.0,1.5,222.0,2019.0,ORT,51.0,NE,855.0,R,0.0,0.0,,,,,,,,ORT_ORTCS19169S,1916,,0.0,0.0,0.0,,,,,
2021,ORT,CS,ORTCS19169S,13.05,0,0.0,0.0,0.0,0.0,GHW,SO4,169,3.0,1.5,222.0,2019.0,ORT,51.0,NE,855.0,R,0.0,0.0,,,,,,,,ORT_ORTCS19169S,1916,,0.0,0.0,0.0,,0.0,0.0,0.0,0.0
2022,ORT,CS,ORTCS19169S,13.05,0,0.0,9.0,8.46,0.0,GHW,SO4,169,3.0,1.5,222.0,2019.0,ORT,51.0,NE,855.0,R,33.0,0.0,,,,,,,,ORT_ORTCS19169S,1916,,-0.5399999999999991,0.0028476752614683644,0.0,,0.0,0.0,0.0,0.0
2023,ORT,CS,ORTCS19169S,13.05,4,0.0,9.1,4.4,8.46,GHW,SO4,169,3.0,1.5,222.0,2019.0,ORT,51.0,NE,855.0,R,0.0,0.0,,,,,,,,ORT_ORTCS19169S,1916,,-4.699999999999999,0.0,0.0,,9.0,-0.5399999999999991,0.0,0.0
2024,ORT,CS,ORTCS19169S,13.05,4,0.0,8.5,6.4,4.4,GHW,SO4,169,3.0,1.5,222.0,2019.0,ORT,51.0,NE,855.0,R,17.0,0.0,,,,,,,,ORT_ORTCS19169S,1916,,-2.0999999999999996,0.0014669842256049151,0.0,,9.1,-4.699999999999999,0.0,0.0
2025,ORT,CS,ORTCS19169S,13.05,4,0.0,10.0,12.14,6.4,GHW,SO4,169,3.0,1.5,222.0,2019.0,ORT,51.0,NE,855.0,R,0.0,0.0,,,,,,,,ORT_ORTCS19169S,1916,,2.1400000000000006,0.0,0.0,,8.5,-2.0999999999999996,0.0,0.0
2020,ORT,CS,ORTCS20169SO,12.5,0,0.0,0.0,0.0,,GHW,SO4,169,3.0,1.5,222.0,2020.0,ORT,180.0,NS,980.0,R,0.0,0.0,,,,,,,,ORT_ORTCS20169SO,2016,,0.0,0.0,0.0,,,,,
2021,ORT,CS,ORTCS20169SO,12.5,0,0.0,0.0,0.0,0.0,GHW,SO4,169,3.0,1.5,222.0,2020.0,ORT,180.0,NS,980.0,R,0.0,0.0,,,,,,,,ORT_ORTCS20169SO,2016,,0.0,0.0,0.0,,0.0,0.0,0.0,0.0
2022,ORT,CS,ORTCS20169SO,12.5,0,0.0,0.0,0.0,0.0,GHW,SO4,169,3.0,1.5,222.0,2020.0,ORT,180.0,NS,980.0,R,0.0,0.0,,,,,,,,ORT_ORTCS20169SO,2016,,0.0,0.0,0.0,,0.0,0.0,0.0,0.0
2023,ORT,CS,ORTCS20169SO,12.5,3,0.0,7.5,8.6,0.0,GHW,SO4,169,3.0,1.5,222.0,2020.0,ORT,180.0,NS,980.0,R,0.0,0.0,,,,,,,,ORT_ORTCS20169SO,2016,,1.0999999999999996,0.0,0.0,,0.0,0.0,0.0,0.0
2024,ORT,CS,ORTCS20169SO,12.5,3,0.0,9.5,8.8,8.6,GHW,SO4,169,3.0,1.5,222.0,2020.0,ORT,180.0,NS,980.0,R,0.0,0.0,,,,,,,,ORT_ORTCS20169SO,2016,,-0.6999999999999993,0.0,0.0,,7.5,1.0999999999999996,0.0,0.0
2025,ORT,CS,ORTCS20169SO,12.5,3,0.0,15.0,13.16,8.8,GHW,SO4,169,3.0,1.5,222.0,2020.0,ORT,180.0,NS,980.0,R,0.0,0.0,,,,,,,,ORT_ORTCS20169SO,2016,,-1.8399999999999999,0.0,0.0,,9.5,-0.6999999999999993,0.0,0.0
2020,ORT,CS,ORTCS20412RM,10.9,0,0.0,0.0,0.0,,GHW,R110,412,3.0,1.5,222.0,2020.0,ORT,163.0,NS,980.0,R,0.0,0.0,,,,,,,,ORT_ORTCS20412RM,2041,,0.0,0.0,0.0,,,,,
2021,ORT,CS,ORTCS20412RM,10.9,0,0.0,0.0,0.0,0.0,GHW,R110,412,3.0,1.5,222.0,2020.0,ORT,163.0,NS,980.0,R,0.0,0.0,,,,,,,,ORT_ORTCS20412RM,2041,,0.0,0.0,0.0,,0.0,0.0,0.0,0.0
2022,ORT,CS,ORTCS20412RM,10.9,0,0.0,0.0,0.0,0.0,GHW,R110,412,3.0,1.5,222.0,2020.0,ORT,163.0,NS,980.0,R,0.0,0.0,,,,,,,,ORT_ORTCS20412RM,2041,,0.0,0.0,0.0,,0.0,0.0,0.0,0.0
2023,ORT,CS,ORTCS20412RM,10.9,4,0.0,2.7,2.76,0.0,GHW,R110,412,3.0,1.5,222.0,2020.0,ORT,163.0,NS,980.0,R,0.0,0.0,,,,,,,,ORT_ORTCS20412RM,2041,,0.05999999999999961,0.0,0.0,,0.0,0.0,0.0,0.0
2024,ORT,CS,ORTCS20412RM,10.9,3,0.0,4.0,3.72,2.76,GHW,R110,412,3.0,1.5,222.0,2020.0,ORT,163.0,NS,980.0,R,0.0,0.0,,,,,,,,ORT_ORTCS20412RM,2041,,-0.2799999999999998,0.0,0.0,,2.7,0.05999999999999961,0.0,0.0
2025,ORT,CS,ORTCS20412RM,10.9,3,0.0,9.0,11.28,3.72,GHW,R110,412,3.0,1.5,222.0,2020.0,ORT,163.0,NS,980.0,R,0.0,0.0,,,,,,,,ORT_ORTCS20412RM,2041,,2.2799999999999994,0.0,0.0,,4.0,-0.2799999999999998,0.0,0.0
2020,ORT,CS,ORTCS20412RN,16.2,0,0.0,0.0,0.0,,GHW,R110,412,3.0,1.5,222.0,2020.0,ORT,180.0,NS,980.0,R,0.0,0.0,,,,,,,,ORT_ORTCS20412RN,2041,,0.0,0.0,0.0,,,,,
2021,ORT,CS,ORTCS20412RN,16.2,0,0.0,0.0,0.0,0.0,GHW,R110,412,3.0,1.5,222.0,2020.0,ORT,180.0,NS,980.0,R,0.0,0.0,,,,,,,,ORT_ORTCS20412RN,2041,,0.0,0.0,0.0,,0.0,0.0,0.0,0.0
2022,ORT,CS,ORTCS20412RN,16.2,0,0.0,0.0,0.0,0.0,GHW,R110,412,3.0,1.5,222.0,2020.0,ORT,180.0,NS,980.0,R,0.0,0.0,,,,,,,,ORT_ORTCS20412RN,2041,,0.0,0.0,0.0,,0.0,0.0,0.0,0.0
2023,ORT,CS,ORTCS20412RN,16.2,4,0.0,4.1,2.72,0.0,GHW,R110,412,3.0,1.5,222.0,2020.0,ORT,180.0,NS,980.0,R,0.0,0.0,,,,,,,,ORT_ORTCS20412RN,2041,,-1.3799999999999994,0.0,0.0,,0.0,0.0,0.0,0.0
2024,ORT,CS,ORTCS20412RN,16.2,3,0.0,5.5,3.74,2.72,GHW,R110,412,3.0,1.5,222.0,2020.0,ORT,180.0,NS,980.0,R,0.0,0.0,,,,,,,,ORT_ORTCS20412RN,2041,,-1.7599999999999998,0.0,0.0,,4.1,-1.3799999999999994,0.0,0.0
2025,ORT,CS,ORTCS20412RN,16.2,4,0.0,15.0,13.88,3.74,GHW,R110,412,3.0,1.5,222.0,2020.0,ORT,180.0,NS,980.0,R,0.0,0.0,,,,,,,,ORT_ORTCS20412RN,2041,,-1.1199999999999992,0.0,0.0,,5.5,-1.7599999999999998,0.0,0.0
2020,ORT,CS,ORTCS20412RS,11.8,0,0.0,0.0,0.0,,GHW,R110,412,3.0,1.5,222.0,2020.0,ORT,180.0,NS,980.0,R,0.0,0.0,,,,,,,,ORT_ORTCS20412RS,2041,,0.0,0.0,0.0,,,,,
2021,ORT,CS,ORTCS20412RS,11.8,0,0.0,0.0,0.0,0.0,GHW,R110,412,3.0,1.5,222.0,2020.0,ORT,180.0,NS,980.0,R,0.0,0.0,,,,,,,,ORT_ORTCS20412RS,2041,,0.0,0.0,0.0,,0.0,0.0,0.0,0.0
2022,ORT,CS,ORTCS20412RS,11.8,0,0.0,0.0,0.0,0.0,GHW,R110,412,3.0,1.5,222.0,2020.0,ORT,180.0,NS,980.0,R,0.0,0.0,,,,,,,,ORT_ORTCS20412RS,2041,,0.0,0.0,0.0,,0.0,0.0,0.0,0.0
2023,ORT,CS,ORTCS20412RS,11.8,4,0.0,3.5,4.46,0.0,GHW,R110,412,3.0,1.5,222.0,2020.0,ORT,180.0,NS,980.0,R,0.0,0.0,,,,,,,,ORT_ORTCS20412RS,2041,,0.96,0.0,0.0,,0.0,0.0,0.0,0.0
2024,ORT,CS,ORTCS20412RS,11.8,3,0.0,4.0,4.1,4.46,GHW,R110,412,3.0,1.5,222.0,2020.0,ORT,180.0,NS,980.0,R,0.0,0.0,,,,,,,,ORT_ORTCS20412RS,2041,,0.09999999999999964,0.0,0.0,,3.5,0.96,0.0,0.0
2025,ORT,CS,ORTCS20412RS,11.8,4,0.0,11.0,13.4,4.1,GHW,R110,412,3.0,1.5,222.0,2020.0,ORT,180.0,NS,980.0,R,0.0,0.0,,,,,,,,ORT_ORTCS20412RS,2041,,2.4000000000000004,0.0,0.0,,4.0,0.09999999999999964,0.0,0.0
2023,ORT,CS,ORTCS23169S,15.7,0,0.0,0.0,0.0,,GHW,SO4,169,3.0,1.5,222.0,2023.0,ORT,173.0,NS,890.0,R,0.0,0.0,,,,,,,,ORT_ORTCS23169S,2316,,0.0,0.0,0.0,,,,,
2024,ORT,CS,ORTCS23169S,15.7,0,0.0,0.0,0.0,0.0,GHW,SO4,169,3.0,1.5,222.0,2023.0,ORT,173.0,NS,890.0,R,0.0,0.0,,,,,,,,ORT_ORTCS23169S,2316,,0.0,0.0,0.0,,0.0,0.0,0.0,0.0
2025,ORT,CS,ORTCS23169S,13.27,0,0.0,0.0,0.0,0.0,GHW,SO4,169,3.0,1.5,222.0,2023.0,ORT,173.0,NS,890.0,R,0.0,0.0,,,,,,,,ORT_ORTCS23169S,2316,,0.0,0.0,0.0,,0.0,0.0,0.0,0.0
2023,ORT,CS,ORTCS23338SM,16.0,0,0.0,0.0,0.0,,GHW,SO4,338,3.0,1.5,222.0,2023.0,ORT,173.0,NS,895.0,R,0.0,0.0,,,,,,,,ORT_ORTCS23338SM,2333,,0.0,0.0,0.0,,,,,
2024,ORT,CS,ORTCS23338SM,16.0,0,0.0,0.0,0.0,0.0,GHW,SO4,338,3.0,1.5,222.0,2023.0,ORT,173.0,NS,895.0,R,0.0,0.0,,,,,,,,ORT_ORTCS23338SM,2333,,0.0,0.0,0.0,,0.0,0.0,0.0,0.0
2025,ORT,CS,ORTCS23338SM,12.1,0,0.0,0.0,0.0,0.0,GHW,SO4,338,3.0,1.5,222.0,2023.0,ORT,173.0,NS,895.0,R,0.0,0.0,,,,,,,,ORT_ORTCS23338SM,2333,,0.0,0.0,0.0,,0.0,0.0,0.0,0.0
2023,ORT,CS,ORTCS23338SN,15.5,0,0.0,0.0,0.0,,GHW,SO4,338,3.0,1.5,222.0,2023.0,ORT,173.0,NS,895.0,R,0.0,0.0,,,,,,,,ORT_ORTCS23338SN,2333,,0.0,0.0,0.0,,,,,
2024,ORT,CS,ORTCS23338SN,15.5,0,0.0,0.0,0.0,0.0,GHW,SO4,338,3.0,1.5,222.0,2023.0,ORT,173.0,NS,895.0,R,0.0,0.0,,,,,,,,ORT_ORTCS23338SN,2333,,0.0,0.0,0.0,,0.0,0.0,0.0,0.0
2025,ORT,CS,ORTCS23338SN,15.0,0,0.0,0.0,0.0,0.0,GHW,SO4,338,3.0,1.5,222.0,2023.0,ORT,173.0,NS,895.0,R,0.0,0.0,,,,,,,,ORT_ORTCS23338SN,2333,,0.0,0.0,0.0,,0.0,0.0,0.0,0.0
2023,ORT,CS,ORTCS23338SS,15.1,0,0.0,0.0,0.0,,GHW,SO4,338,3.0,1.5,222.0,2023.0,ORT,173.0,NS,895.0,R,0.0,0.0,,,,,,,,ORT_ORTCS23338SS,2333,,0.0,0.0,0.0,,,,,
2024,ORT,CS,ORTCS23338SS,15.1,0,0.0,0.0,0.0,0.0,GHW,SO4,338,3.0,1.5,222.0,2023.0,ORT,173.0,NS,895.0,R,0.0,0.0,,,,,,,,ORT_ORTCS23338SS,2333,,0.0,0.0,0.0,,0.0,0.0,0.0,0.0
2025,ORT,CS,ORTCS23338SS,9.5,0,0.0,0.0,0.0,0.0,GHW,SO4,338,3.0,1.5,222.0,2023.0,ORT,173.0,NS,895.0,R,0.0,0.0,,,,,,,,ORT_ORTCS23338SS,2333,,0.0,0.0,0.0,,0.0,0.0,0.0,0.0
2023,ORT,CS,ORTCS23412S,13.7,0,0.0,0.0,0.0,,GHW,SO4,412,3.0,1.5,222.0,2023.0,ORT,155.0,NS,890.0,R,0.0,0.0,,,,,,,,ORT_ORTCS23412S,2341,,0.0,0.0,0.0,,,,,
2024,ORT,CS,ORTCS23412S,13.7,0,0.0,0.0,0.0,0.0,GHW,SO4,412,3.0,1.5,222.0,2023.0,ORT,155.0,NS,890.0,R,0.0,0.0,,,,,,,,ORT_ORTCS23412S,2341,,0.0,0.0,0.0,,0.0,0.0,0.0,0.0
2025,ORT,CS,ORTCS23412S,14.68,0,0.0,0.0,0.0,0.0,GHW,SO4,412,3.0,1.5,222.0,2023.0,ORT,155.0,NS,890.0,R,0.0,0.0,,,,,,,,ORT_ORTCS23412S,2341,,0.0,0.0,0.0,,0.0,0.0,0.0,0.0
2024,PRO,CS,BGD,0.5,0,0.0,0.0,0.0,,GHW,,,0.0,0.0,0.0,2009.0,,0.0,,0.0,R,,,,,,,,,,PRO_BGD,,,0.0,,,,,,,
2025,PRO,CS,BGD,0.5,0,0.0,0.0,0.0,0.0,GHW,,,0.0,0.0,0.0,2009.0,,0.0,,0.0,R,,,,,,,,,,PRO_BGD,,,0.0,,,,0.0,0.0,,
2024,PRO,CS,BGE,1.0,0,0.0,0.0,0.0,,GHW,,,0.0,0.0,0.0,2009.0,,0.0,,0.0,R,,,,,,,,,,PRO_BGE,,,0.0,,,,,,,
2025,PRO,CS,BGE,1.0,0,0.0,0.0,0.0,0.0,GHW,,,0.0,0.0,0.0,2009.0,,0.0,,0.0,R,,,,,,,,,,PRO_BGE,,,0.0,,,,0.0,0.0,,
2024,PRO,CS,BY1,18.0,0,0.0,0.0,0.0,,GHW,,,0.0,0.0,0.0,2009.0,,0.0,,0.0,R,,,,,,,,,,PRO_BY1,,,0.0,,,,,,,
2025,PRO,CS,BY1,18.0,0,0.0,0.0,0.0,0.0,GHW,,,0.0,0.0,0.0,2009.0,,0.0,,0.0,R,,,,,,,,,,PRO_BY1,,,0.0,,,,0.0,0.0,,
2024,PRO,CS,BY2,8.5,0,0.0,0.0,0.0,,GHW,,,0.0,0.0,0.0,2009.0,,0.0,,0.0,R,,,,,,,,,,PRO_BY2,,,0.0,,,,,,,
2025,PRO,CS,BY2,8.5,0,0.0,0.0,0.0,0.0,GHW,,,0.0,0.0,0.0,2009.0,,0.0,,0.0,R,,,,,,,,,,PRO_BY2,,,0.0,,,,0.0,0.0,,
2024,PRO,CS,MSH,6.0,0,0.0,0.0,0.0,,GHW,,,0.0,0.0,0.0,2009.0,,0.0,,0.0,R,,,,,,,,,,PRO_MSH,,,0.0,,,,,,,
2025,PRO,CS,MSH,6.0,0,0.0,0.0,0.0,0.0,GHW,,,0.0,0.0,0.0,2009.0,,0.0,,0.0,R,,,,,,,,,,PRO_MSH,,,0.0,,,,0.0,0.0,,
2020,RMM,CS,RMMCS20338SOM,13.1,0,0.0,0.0,0.0,,GHW,SO4,338,3.0,1.5,222.0,2020.0,RMM,55.0,NESW,410.0,R,0.0,0.0,26.942019543973945,14.161237785016286,2.396319218241042,459.3,3142.0,1227.6514657980456,-3853.0,RMM_RMMCS20338SOM,2033,,0.0,0.0,0.0,,,,,
2021,RMM,CS,RMMCS20338SOM,13.1,0,0.0,0.0,0.0,0.0,GHW,SO4,338,3.0,1.5,222.0,2020.0,RMM,55.0,NESW,410.0,R,0.0,0.0,26.361159420289855,13.347246376811595,2.2861159420289856,398.3,3586.0,873.7797101449275,-4057.0,RMM_RMMCS20338SOM,2033,,0.0,0.0,0.0,,0.0,0.0,0.0,0.0
2022,RMM,CS,RMMCS20338SOM,13.1,0,0.0,0.0,0.0,0.0,GHW,SO4,338,3.0,1.5,222.0,2020.0,RMM,55.0,NESW,410.0,R,0.0,0.0,25.703835616438354,12.902191780821918,2.1288493150684933,441.4,3005.0,868.5068493150685,-3980.0,RMM_RMMCS20338SOM,2033,,0.0,0.0,0.0,,0.0,0.0,0.0,0.0
2023,RMM,CS,RMMCS20338SOM,13.1,3,0.0,10.5,9.46,0.0,GHW,SO4,338,3.0,1.5,222.0,2020.0,RMM,55.0,NESW,410.0,R,17.0,0.0,26.641917808219176,13.72082191780822,2.2706027397260273,623.6,3113.0,872.1178082191781,-4560.0,RMM_RMMCS20338SOM,2033,,-1.0399999999999991,0.001461385049171309,0.0,,0.0,0.0,0.0,0.0
2024,RMM,CS,RMMCS20338SOM,13.1,2,0.0,12.0,11.72,9.46,GHW,SO4,338,3.0,1.5,222.0,2020.0,RMM,55.0,NESW,410.0,R,25.0,0.0,26.23633879781421,13.641530054644809,2.1353551912568305,506.9,3173.0,861.6010928961749,-4482.0,RMM_RMMCS20338SOM,2033,,-0.27999999999999936,0.0021490956605460425,0.0,,10.5,-1.0399999999999991,0.0,0.0
2025,RMM,CS,RMMCS20338SOM,13.1,2,0.0,13.0,8.06,11.72,GHW,SO4,338,3.0,1.5,222.0,2020.0,RMM,55.0,NESW,410.0,R,0.0,0.0,27.848219178082193,13.033698630136987,2.5629315068493153,198.2,3184.0,848.0931506849315,-4430.0,RMM_RMMCS20338SOM,2033,,-4.9399999999999995,0.0,0.0,,12.0,-0.27999999999999936,0.0,0.0
2020,RMM,CS,RMMCS20338SON,11.6,0,0.0,0.0,0.0,,GHW,SO4,338,3.0,1.5,222.0,2020.0,RMM,55.0,NESW,410.0,R,0.0,0.0,26.942019543973945,14.161237785016286,2.396319218241042,459.3,3142.0,1227.6514657980456,-3853.0,RMM_RMMCS20338SON,2033,,0.0,0.0,0.0,,,,,
2021,RMM,CS,RMMCS20338SON,11.6,0,0.0,0.0,0.0,0.0,GHW,SO4,338,3.0,1.5,222.0,2020.0,RMM,55.0,NESW,410.0,R,0.0,0.0,26.361159420289855,13.347246376811595,2.2861159420289856,398.3,3586.0,873.7797101449275,-4057.0,RMM_RMMCS20338SON,2033,,0.0,0.0,0.0,,0.0,0.0,0.0,0.0
2022,RMM,CS,RMMCS20338SON,11.6,0,0.0,0.0,0.0,0.0,GHW,SO4,338,3.0,1.5,222.0,2020.0,RMM,55.0,NESW,410.0,R,0.0,0.0,25.703835616438354,12.902191780821918,2.1288493150684933,441.4,3005.0,868.5068493150685,-3980.0,RMM_RMMCS20338SON,2033,,0.0,0.0,0.0,,0.0,0.0,0.0,0.0
2023,RMM,CS,RMMCS20338SON,11.6,3,0.0,7.0,7.82,0.0,GHW,SO4,338,3.0,1.5,222.0,2020.0,RMM,55.0,NESW,410.0,R,0.0,0.0,26.641917808219176,13.72082191780822,2.2706027397260273,623.6,3113.0,872.1178082191781,-4560.0,RMM_RMMCS20338SON,2033,,0.8200000000000003,0.0,0.0,,0.0,0.0,0.0,0.0
2024,RMM,CS,RMMCS20338SON,11.6,2,0.0,10.5,7.72,7.82,GHW,SO4,338,3.0,1.5,222.0,2020.0,RMM,55.0,NESW,410.0,R,26.0,0.0,26.23633879781421,13.641530054644809,2.1353551912568305,506.9,3173.0,861.6010928961749,-4482.0,RMM_RMMCS20338SON,2033,,-2.7800000000000002,0.002524075799937869,0.0,,7.0,0.8200000000000003,0.0,0.0
2025,RMM,CS,RMMCS20338SON,11.6,2,0.0,12.0,7.92,7.72,GHW,SO4,338,3.0,1.5,222.0,2020.0,RMM,55.0,NESW,410.0,R,0.0,0.0,27.848219178082193,13.033698630136987,2.5629315068493153,198.2,3184.0,848.0931506849315,-4430.0,RMM_RMMCS20338SON,2033,,-4.08,0.0,0.0,,10.5,-2.7800000000000002,0.0,0.0
2020,RMM,CS,RMMCS20338SOSE,15.53,0,0.0,0.0,0.0,,GHW,SO4,338,3.0,1.5,222.0,2020.0,RMM,55.0,NESW,410.0,R,0.0,0.0,26.942019543973945,14.161237785016286,2.396319218241042,459.3,3142.0,1227.6514657980456,-3853.0,RMM_RMMCS20338SOSE,2033,,0.0,0.0,0.0,,,,,
2021,RMM,CS,RMMCS20338SOSE,15.53,0,0.0,0.0,0.0,0.0,GHW,SO4,338,3.0,1.5,222.0,2020.0,RMM,55.0,NESW,410.0,R,0.0,0.0,26.361159420289855,13.347246376811595,2.2861159420289856,398.3,3586.0,873.7797101449275,-4057.0,RMM_RMMCS20338SOSE,2033,,0.0,0.0,0.0,,0.0,0.0,0.0,0.0
2022,RMM,CS,RMMCS20338SOSE,15.53,0,0.0,0.0,0.0,0.0,GHW,SO4,338,3.0,1.5,222.0,2020.0,RMM,55.0,NESW,410.0,R,0.0,0.0,25.703835616438354,12.902191780821918,2.1288493150684933,441.4,3005.0,868.5068493150685,-3980.0,RMM_RMMCS20338SOSE,2033,,0.0,0.0,0.0,,0.0,0.0,0.0,0.0
2023,RMM,CS,RMMCS20338SOSE,15.53,3,0.0,12.4,9.28,0.0,GHW,SO4,338,3.0,1.5,222.0,2020.0,RMM,55.0,NESW,410.0,R,16.0,0.0,26.641917808219176,13.72082191780822,2.2706027397260273,623.6,3113.0,872.1178082191781,-4560.0,RMM_RMMCS20338SOSE,2033,,-3.120000000000001,0.0011602072130082433,0.0,,0.0,0.0,0.0,0.0
2024,RMM,CS,RMMCS20338SOSE,15.53,3,0.0,14.0,13.02,9.28,GHW,SO4,338,3.0,1.5,222.0,2020.0,RMM,55.0,NESW,410.0,R,25.0,0.0,26.23633879781421,13.641530054644809,2.1353551912568305,506.9,3173.0,861.6010928961749,-4482.0,RMM_RMMCS20338SOSE,2033,,-0.9800000000000004,0.0018128237703253802,0.0,,12.4,-3.120000000000001,0.0,0.0
2025,RMM,CS,RMMCS20338SOSE,15.53,2,0.0,14.0,7.74,13.02,GHW,SO4,338,3.0,1.5,222.0,2020.0,RMM,55.0,NESW,410.0,R,0.0,0.0,27.848219178082193,13.033698630136987,2.5629315068493153,198.2,3184.0,848.0931506849315,-4430.0,RMM_RMMCS20338SOSE,2033,,-6.26,0.0,0.0,,14.0,-0.9800000000000004,0.0,0.0
2020,RMM,CS,RMMCS20338SOSW,13.76,0,0.0,0.0,0.0,,GHW,SO4,338,3.0,1.5,222.0,2020.0,RMM,55.0,NESW,410.0,R,0.0,0.0,26.942019543973945,14.161237785016286,2.396319218241042,459.3,3142.0,1227.6514657980456,-3853.0,RMM_RMMCS20338SOSW,2033,,0.0,0.0,0.0,,,,,
2021,RMM,CS,RMMCS20338SOSW,13.76,0,0.0,0.0,0.0,0.0,GHW,SO4,338,3.0,1.5,222.0,2020.0,RMM,55.0,NESW,410.0,R,0.0,0.0,26.361159420289855,13.347246376811595,2.2861159420289856,398.3,3586.0,873.7797101449275,-4057.0,RMM_RMMCS20338SOSW,2033,,0.0,0.0,0.0,,0.0,0.0,0.0,0.0
2022,RMM,CS,RMMCS20338SOSW,13.76,0,0.0,0.0,0.0,0.0,GHW,SO4,338,3.0,1.5,222.0,2020.0,RMM,55.0,NESW,410.0,R,0.0,0.0,25.703835616438354,12.902191780821918,2.1288493150684933,441.4,3005.0,868.5068493150685,-3980.0,RMM_RMMCS20338SOSW,2033,,0.0,0.0,0.0,,0.0,0.0,0.0,0.0
2023,RMM,CS,RMMCS20338SOSW,13.76,3,0.0,11.0,8.62,0.0,GHW,SO4,338,3.0,1.5,222.0,2020.0,RMM,55.0,NESW,410.0,R,14.0,0.0,26.641917808219176,13.72082191780822,2.2706027397260273,623.6,3113.0,872.1178082191781,-4560.0,RMM_RMMCS20338SOSW,2033,,-2.380000000000001,0.00114576786088414,0.0,,0.0,0.0,0.0,0.0
2024,RMM,CS,RMMCS20338SOSW,13.76,3,0.0,12.5,10.22,8.62,GHW,SO4,338,3.0,1.5,222.0,2020.0,RMM,55.0,NESW,410.0,R,28.0,0.0,26.23633879781421,13.641530054644809,2.1353551912568305,506.9,3173.0,861.6010928961749,-4482.0,RMM_RMMCS20338SOSW,2033,,-2.2799999999999994,0.00229153572176828,0.0,,11.0,-2.380000000000001,0.0,0.0
2025,RMM,CS,RMMCS20338SOSW,13.76,2,0.0,12.0,8.26,10.22,GHW,SO4,338,3.0,1.5,222.0,2020.0,RMM,55.0,NESW,410.0,R,0.0,0.0,27.848219178082193,13.033698630136987,2.5629315068493153,198.2,3184.0,848.0931506849315,-4430.0,RMM_RMMCS20338SOSW,2033,,-3.74,0.0,0.0,,12.5,-2.2799999999999994,0.0,0.0
2021,RMM,CS,RMMCS21338S,16.3,0,0.0,0.0,0.0,,GHW,SO4,338,3.0,1.5,222.0,2021.0,RMM,57.0,NESW,415.0,R,0.0,0.0,26.361159420289855,13.347246376811595,2.2861159420289856,398.3,3586.0,873.7797101449275,-4057.0,RMM_RMMCS21338S,2133,,0.0,0.0,0.0,,,,,
2022,RMM,CS,RMMCS21338S,16.3,0,0.0,0.0,0.0,0.0,GHW,SO4,338,3.0,1.5,222.0,2021.0,RMM,57.0,NESW,415.0,R,0.0,0.0,25.703835616438354,12.902191780821918,2.1288493150684933,441.4,3005.0,868.5068493150685,-3980.0,RMM_RMMCS21338S,2133,,0.0,0.0,0.0,,0.0,0.0,0.0,0.0
2023,RMM,CS,RMMCS21338S,16.3,0,0.0,0.0,0.0,0.0,GHW,SO4,338,3.0,1.5,222.0,2021.0,RMM,57.0,NESW,415.0,R,0.0,0.0,26.641917808219176,13.72082191780822,2.2706027397260273,623.6,3113.0,872.1178082191781,-4560.0,RMM_RMMCS21338S,2133,,0.0,0.0,0.0,,0.0,0.0,0.0,0.0
2024,RMM,CS,RMMCS21338S,16.3,1,0.0,14.5,15.74,0.0,GHW,SO4,338,3.0,1.5,222.0,2021.0,RMM,57.0,NESW,415.0,R,0.0,0.0,26.23633879781421,13.641530054644809,2.1353551912568305,506.9,3173.0,861.6010928961749,-4482.0,RMM_RMMCS21338S,2133,,1.2400000000000002,0.0,0.0,,0.0,0.0,0.0,0.0
2025,RMM,CS,RMMCS21338S,16.3,2,0.0,18.0,11.98,15.74,GHW,SO4,338,3.0,1.5,222.0,2021.0,RMM,57.0,NESW,415.0,R,0.0,0.0,27.848219178082193,13.033698630136987,2.5629315068493153,198.2,3184.0,848.0931506849315,-4430.0,RMM_RMMCS21338S,2133,,-6.02,0.0,0.0,,14.5,1.2400000000000002,0.0,0.0
2024,RMM,CS,RMMCS21GREEN,0.0,0,0.0,0.0,0.0,,GHW,SO4,338,3.0,1.5,222.0,2021.0,RMM,56.0,NESW,415.0,R,,,26.23633879781421,13.641530054644809,2.1353551912568305,506.9,3173.0,861.6010928961749,-4482.0,RMM_RMMCS21GREEN,21,,0.0,,,,,,,
2025,RMM,CS,RMMCS21GREEN,0.0,0,0.0,0.0,0.0,0.0,GHW,SO4,338,3.0,1.5,222.0,2021.0,RMM,56.0,NESW,415.0,R,,,27.848219178082193,13.033698630136987,2.5629315068493153,198.2,3184.0,848.0931506849315,-4430.0,RMM_RMMCS21GREEN,21,,0.0,,,,0.0,0.0,,
2024,RMM,CS,RMMCS21YELLOW,0.0,0,0.0,0.0,0.0,,GHW,SO4,338,3.0,1.5,222.0,2021.0,RMM,56.0,NESW,415.0,R,,,26.23633879781421,13.641530054644809,2.1353551912568305,506.9,3173.0,861.6010928961749,-4482.0,RMM_RMMCS21YELLOW,21,,0.0,,,,,,,
2025,RMM,CS,RMMCS21YELLOW,0.0,0,0.0,0.0,0.0,0.0,GHW,SO4,338,3.0,1.5,222.0,2021.0,RMM,56.0,NESW,415.0,R,,,27.848219178082193,13.033698630136987,2.5629315068493153,198.2,3184.0,848.0931506849315,-4430.0,RMM_RMMCS21YELLOW,21,,0.0,,,,0.0,0.0,,
2020,RMM,CS,TLFCS05M,19.0,3,0.31,20.0,12.68,,GHW,PAUL1103,22,3.0,1.5,222.0,2005.0,YNT,150.0,NS,780.0,R,33.0,116.0,24.572638436482084,12.866449511400651,2.2133224755700325,600.8,2728.0,933.472312703583,-2849.0,RMM_TLFCS05M,05,,-7.32,0.0019559032716927453,116.0,1.686123510079953e-05,,,,
2021,RMM,CS,TLFCS05M,19.0,0,0.0,11.23,14.67,12.68,GHW,PAUL1103,22,3.0,1.5,222.0,2005.0,YNT,150.0,NS,780.0,R,23.0,0.0,23.774202898550726,12.006956521739129,2.089246376811594,531.6,2929.0,856.5159420289855,-2773.0,RMM_TLFCS05M,05,,3.4399999999999995,0.0013632053105737316,0.0,,20.0,-7.32,116.0,-116.0
2022,RMM,CS,TLFCS05M,19.0,2,0.0,10.0,15.54,14.67,GHW,PAUL1103,22,3.0,1.5,222.0,2005.0,YNT,150.0,NS,780.0,R,20.0,92.0,22.993972602739724,11.737260273972604,1.931945205479452,565.6,2547.0,853.5013698630137,-2638.0,RMM_TLFCS05M,05,,5.539999999999999,0.0011853959222380276,92.0,1.2884738285195952e-05,11.23,3.4399999999999995,0.0,92.0
2023,RMM,CS,TLFCS05M,19.0,2,0.0,14.3,12.72,15.54,GHW,PAUL1103,22,3.0,1.5,222.0,2005.0,YNT,150.0,NS,780.0,R,17.0,0.0,23.792876712328766,12.633150684931508,2.0255068493150685,702.4,2625.0,840.6630136986302,-3216.0,RMM_TLFCS05M,05,,-1.58,0.0010075865339023234,0.0,,10.0,5.539999999999999,92.0,-92.0
2024,RMM,CS,TLFCS05M,19.0,2,0.0,14.0,9.9,12.72,GHW,PAUL1103,22,3.0,1.5,222.0,2005.0,YNT,150.0,NS,780.0,R,13.0,0.0,23.59535519125683,12.800819672131148,1.9520218579234971,662.6,2680.0,826.1639344262295,-3168.0,RMM_TLFCS05M,05,,-4.1,0.0007705073494547179,0.0,,14.3,-1.58,0.0,0.0
2025,RMM,CS,TLFCS05M,19.0,4,0.0,17.0,8.04,9.9,GHW,PAUL1103,22,3.0,1.5,222.0,2005.0,YNT,150.0,NS,780.0,R,0.0,0.0,24.061643835616437,12.527397260273972,2.161808219178082,233.6,2670.0,798.613698630137,-3325.0,RMM_TLFCS05M,05,,-8.96,0.0,0.0,,14.0,-4.1,0.0,0.0
2020,RMM,CS,TLFCS05N,12.9,3,0.27,14.0,8.97,,GHW,PAUL1103,22,3.0,1.5,222.0,2005.0,YNT,150.0,NS,780.0,R,36.0,100.0,24.572638436482084,12.866449511400651,2.2133224755700325,600.8,2728.0,933.472312703583,-2849.0,RMM_TLFCS05N,05,,-5.029999999999999,0.003142677561282212,100.0,3.1426775612822124e-05,,,,
2021,RMM,CS,TLFCS05N,12.9,0,0.0,9.03,9.64,8.97,GHW,PAUL1103,22,3.0,1.5,222.0,2005.0,YNT,150.0,NS,780.0,R,21.0,0.0,23.774202898550726,12.006956521739129,2.089246376811594,531.6,2929.0,856.5159420289855,-2773.0,RMM_TLFCS05N,05,,0.6100000000000012,0.0018332285774146238,0.0,,14.0,-5.029999999999999,100.0,-100.0
2022,RMM,CS,TLFCS05N,12.9,2,0.0,5.0,10.54,9.64,GHW,PAUL1103,22,3.0,1.5,222.0,2005.0,YNT,150.0,NS,780.0,R,16.0,96.0,22.993972602739724,11.737260273972604,1.931945205479452,565.6,2547.0,853.5013698630137,-2638.0,RMM_TLFCS05N,05,,5.539999999999999,0.0013967455827920943,96.0,1.4549433154084316e-05,9.03,0.6100000000000012,0.0,96.0
2023,RMM,CS,TLFCS05N,12.9,2,0.0,9.9,8.66,10.54,GHW,PAUL1103,22,3.0,1.5,222.0,2005.0,YNT,150.0,NS,780.0,R,18.0,0.0,23.792876712328766,12.633150684931508,2.0255068493150685,702.4,2625.0,840.6630136986302,-3216.0,RMM_TLFCS05N,05,,-1.2400000000000002,0.001571338780641106,0.0,,5.0,5.539999999999999,96.0,-96.0
2024,RMM,CS,TLFCS05N,12.9,2,0.0,9.0,6.66,8.66,GHW,PAUL1103,22,3.0,1.5,222.0,2005.0,YNT,150.0,NS,780.0,R,14.0,0.0,23.59535519125683,12.800819672131148,1.9520218579234971,662.6,2680.0,826.1639344262295,-3168.0,RMM_TLFCS05N,05,,-2.34,0.0012221523849430826,0.0,,9.9,-1.2400000000000002,0.0,0.0
2025,RMM,CS,TLFCS05N,12.9,4,0.0,12.0,5.6,6.66,GHW,PAUL1103,22,3.0,1.5,222.0,2005.0,YNT,150.0,NS,780.0,R,0.0,0.0,24.061643835616437,12.527397260273972,2.161808219178082,233.6,2670.0,798.613698630137,-3325.0,RMM_TLFCS05N,05,,-6.4,0.0,0.0,,9.0,-2.34,0.0,0.0
2020,RMM,CS,TLFCS05S,15.9,3,0.28,17.0,8.75,,GHW,PAUL1103,22,3.0,1.5,222.0,2005.0,YNT,150.0,NS,780.0,R,34.0,115.0,24.572638436482084,12.866449511400651,2.2133224755700325,600.8,2728.0,933.472312703583,-2849.0,RMM_TLFCS05S,05,,-8.25,0.0024080684458042947,115.0,2.093972561568952e-05,,,,
2021,RMM,CS,TLFCS05S,15.9,0,0.0,7.95,9.03,8.75,GHW,PAUL1103,22,3.0,1.5,222.0,2005.0,YNT,150.0,NS,780.0,R,22.0,97.0,23.774202898550726,12.006956521739129,2.089246376811594,531.6,2929.0,856.5159420289855,-2773.0,RMM_TLFCS05S,05,,1.0799999999999992,0.001558161935520426,97.0,1.6063525108458e-05,17.0,-8.25,115.0,-18.0
2022,RMM,CS,TLFCS05S,15.9,2,0.0,6.0,9.78,9.03,GHW,PAUL1103,22,3.0,1.5,222.0,2005.0,YNT,150.0,NS,780.0,R,18.0,101.0,22.993972602739724,11.737260273972604,1.931945205479452,565.6,2547.0,853.5013698630137,-2638.0,RMM_TLFCS05S,05,,3.7799999999999994,0.0012748597654258032,101.0,1.2622373915106962e-05,7.95,1.0799999999999992,97.0,4.0
2023,RMM,CS,TLFCS05S,15.9,2,0.0,10.5,8.92,9.78,GHW,PAUL1103,22,3.0,1.5,222.0,2005.0,YNT,150.0,NS,780.0,R,16.0,0.0,23.792876712328766,12.633150684931508,2.0255068493150685,702.4,2625.0,840.6630136986302,-3216.0,RMM_TLFCS05S,05,,-1.58,0.0011332086803784917,0.0,,6.0,3.7799999999999994,101.0,-101.0
2024,RMM,CS,TLFCS05S,15.9,2,0.0,9.0,7.32,8.92,GHW,PAUL1103,22,3.0,1.5,222.0,2005.0,YNT,150.0,NS,780.0,R,14.0,0.0,23.59535519125683,12.800819672131148,1.9520218579234971,662.6,2680.0,826.1639344262295,-3168.0,RMM_TLFCS05S,05,,-1.6799999999999997,0.00099155759533118,0.0,,10.5,-1.58,0.0,0.0
2025,RMM,CS,TLFCS05S,15.9,4,0.0,14.0,6.6,7.32,GHW,PAUL1103,22,3.0,1.5,222.0,2005.0,YNT,150.0,NS,780.0,R,0.0,0.0,24.061643835616437,12.527397260273972,2.161808219178082,233.6,2670.0,798.613698630137,-3325.0,RMM_TLFCS05S,05,,-7.4,0.0,0.0,,9.0,-1.6799999999999997,0.0,0.0
2020,RMM,CS,TLFCS06NN,15.9,3,0.32,15.0,12.72,,GHW,PAUL1103,GOLAN,3.0,1.5,222.0,2006.0,YNT,130.0,NS,790.0,R,33.0,112.0,24.572638436482084,12.866449511400651,2.2133224755700325,600.8,2728.0,933.472312703583,-2849.0,RMM_TLFCS06NN,06,,-2.2799999999999994,0.002337242903280639,112.0,2.0868240207862848e-05,,,,
2021,RMM,CS,TLFCS06NN,15.9,0,0.0,14.31,13.91,12.72,GHW,PAUL1103,GOLAN,3.0,1.5,222.0,2006.0,YNT,130.0,NS,790.0,R,23.0,0.0,23.774202898550726,12.006956521739129,2.089246376811594,531.6,2929.0,856.5159420289855,-2773.0,RMM_TLFCS06NN,06,,-0.40000000000000036,0.0016289874780440817,0.0,,15.0,-2.2799999999999994,112.0,-112.0
2022,RMM,CS,TLFCS06NN,15.9,2,0.0,10.0,15.78,13.91,GHW,PAUL1103,GOLAN,3.0,1.5,222.0,2006.0,YNT,130.0,NS,790.0,R,20.0,112.0,22.993972602739724,11.737260273972604,1.931945205479452,565.6,2547.0,853.5013698630137,-2638.0,RMM_TLFCS06NN,06,,5.779999999999999,0.0014165108504731146,112.0,1.2647418307795667e-05,14.31,-0.40000000000000036,0.0,112.0
2023,RMM,CS,TLFCS06NN,15.9,2,0.0,14.4,12.66,15.78,GHW,PAUL1103,GOLAN,3.0,1.5,222.0,2006.0,YNT,130.0,NS,790.0,R,19.0,0.0,23.792876712328766,12.633150684931508,2.0255068493150685,702.4,2625.0,840.6630136986302,-3216.0,RMM_TLFCS06NN,06,,-1.7400000000000002,0.0013456853079494588,0.0,,10.0,5.779999999999999,112.0,-112.0
2024,RMM,CS,TLFCS06NN,15.9,1,0.0,14.0,11.54,12.66,GHW,PAUL1103,GOLAN,3.0,1.5,222.0,2006.0,YNT,130.0,NS,790.0,R,14.0,0.0,23.59535519125683,12.800819672131148,1.9520218579234971,662.6,2680.0,826.1639344262295,-3168.0,RMM_TLFCS06NN,06,,-2.460000000000001,0.00099155759533118,0.0,,14.4,-1.7400000000000002,0.0,0.0
2025,RMM,CS,TLFCS06NN,15.9,4,0.0,16.0,5.3,11.54,GHW,PAUL1103,GOLAN,3.0,1.5,222.0,2006.0,YNT,130.0,NS,790.0,R,0.0,0.0,24.061643835616437,12.527397260273972,2.161808219178082,233.6,2670.0,798.613698630137,-3325.0,RMM_TLFCS06NN,06,,-10.7,0.0,0.0,,14.0,-2.460000000000001,0.0,0.0
2020,RMM,CS,TLFCS06NS,12.6,3,0.31,11.0,9.54,,GHW,PAUL1103,GOLAN,3.0,1.5,222.0,2006.0,YNT,130.0,NS,790.0,R,32.0,117.0,24.572638436482084,12.866449511400651,2.2133224755700325,600.8,2728.0,933.472312703583,-2849.0,RMM_TLFCS06NS,06,,-1.4600000000000009,0.00286000286000286,117.0,2.4444468888913335e-05,,,,
2021,RMM,CS,TLFCS06NS,12.6,0,0.0,8.82,11.13,9.54,GHW,PAUL1103,GOLAN,3.0,1.5,222.0,2006.0,YNT,130.0,NS,790.0,R,27.0,0.0,23.774202898550726,12.006956521739129,2.089246376811594,531.6,2929.0,856.5159420289855,-2773.0,RMM_TLFCS06NS,06,,2.3100000000000005,0.002413127413127413,0.0,,11.0,-1.4600000000000009,117.0,-117.0
2022,RMM,CS,TLFCS06NS,12.6,2,0.0,6.0,12.72,11.13,GHW,PAUL1103,GOLAN,3.0,1.5,222.0,2006.0,YNT,130.0,NS,790.0,R,18.0,115.0,22.993972602739724,11.737260273972604,1.931945205479452,565.6,2547.0,853.5013698630137,-2638.0,RMM_TLFCS06NS,06,,6.720000000000001,0.0016087516087516089,115.0,1.3989144423927034e-05,8.82,2.3100000000000005,0.0,115.0
2023,RMM,CS,TLFCS06NS,12.6,2,0.0,10.4,11.22,12.72,GHW,PAUL1103,GOLAN,3.0,1.5,222.0,2006.0,YNT,130.0,NS,790.0,R,19.0,0.0,23.792876712328766,12.633150684931508,2.0255068493150685,702.4,2625.0,840.6630136986302,-3216.0,RMM_TLFCS06NS,06,,0.8200000000000003,0.0016981266981266983,0.0,,6.0,6.720000000000001,115.0,-115.0
2024,RMM,CS,TLFCS06NS,12.6,1,0.0,11.0,9.42,11.22,GHW,PAUL1103,GOLAN,3.0,1.5,222.0,2006.0,YNT,130.0,NS,790.0,R,15.0,0.0,23.59535519125683,12.800819672131148,1.9520218579234971,662.6,2680.0,826.1639344262295,-3168.0,RMM_TLFCS06NS,06,,-1.58,0.0013406263406263406,0.0,,10.4,0.8200000000000003,0.0,0.0
2025,RMM,CS,TLFCS06NS,12.6,4,0.0,9.0,4.62,9.42,GHW,PAUL1103,GOLAN,3.0,1.5,222.0,2006.0,YNT,130.0,NS,790.0,R,0.0,0.0,24.061643835616437,12.527397260273972,2.161808219178082,233.6,2670.0,798.613698630137,-3325.0,RMM_TLFCS06NS,06,,-4.38,0.0,0.0,,11.0,-1.58,0.0,0.0
2020,RMM,CS,TLFCS09169P,7.2,3,0.24,5.0,5.39,,GHW,PAUL1103,169,3.0,1.5,222.0,2009.0,YNT,41.0,EW,760.0,R,29.0,128.0,24.572638436482084,12.866449511400651,2.2133224755700325,600.8,2728.0,933.472312703583,-2849.0,RMM_TLFCS09169P,0916,,0.3899999999999997,0.004535785785785786,128.0,3.543582645145145e-05,,,,
2021,RMM,CS,TLFCS09169P,7.2,0,0.0,5.04,5.81,5.39,GHW,PAUL1103,169,3.0,1.5,222.0,2009.0,YNT,41.0,EW,760.0,R,22.0,0.0,23.774202898550726,12.006956521739129,2.089246376811594,531.6,2929.0,856.5159420289855,-2773.0,RMM_TLFCS09169P,0916,,0.7699999999999996,0.0034409409409409406,0.0,,5.0,0.3899999999999997,128.0,-128.0
2022,RMM,CS,TLFCS09169P,7.2,4,0.0,6.0,6.6,5.81,GHW,PAUL1103,169,3.0,1.5,222.0,2009.0,YNT,41.0,EW,760.0,R,28.0,109.0,22.993972602739724,11.737260273972604,1.931945205479452,565.6,2547.0,853.5013698630137,-2638.0,RMM_TLFCS09169P,0916,,0.5999999999999996,0.0043793793793793796,109.0,4.017779247137045e-05,5.04,0.7699999999999996,0.0,109.0
2023,RMM,CS,TLFCS09169P,7.2,3,0.0,5.9,5.92,6.6,GHW,PAUL1103,169,3.0,1.5,222.0,2009.0,YNT,41.0,EW,760.0,R,25.0,0.0,23.792876712328766,12.633150684931508,2.0255068493150685,702.4,2625.0,840.6630136986302,-3216.0,RMM_TLFCS09169P,0916,,0.019999999999999574,0.00391016016016016,0.0,,6.0,0.5999999999999996,109.0,-109.0
2024,RMM,CS,TLFCS09169P,7.2,4,0.0,6.0,3.88,5.92,GHW,PAUL1103,169,3.0,1.5,222.0,2009.0,YNT,41.0,EW,760.0,R,20.0,0.0,23.59535519125683,12.800819672131148,1.9520218579234971,662.6,2680.0,826.1639344262295,-3168.0,RMM_TLFCS09169P,0916,,-2.12,0.003128128128128128,0.0,,5.9,0.019999999999999574,0.0,0.0
2025,RMM,CS,TLFCS09169P,7.2,4,0.0,5.0,2.98,3.88,GHW,PAUL1103,169,3.0,1.5,222.0,2009.0,YNT,41.0,EW,760.0,R,0.0,0.0,24.061643835616437,12.527397260273972,2.161808219178082,233.6,2670.0,798.613698630137,-3325.0,RMM_TLFCS09169P,0916,,-2.02,0.0,0.0,,6.0,-2.12,0.0,0.0
2020,RMM,CS,TLFCS09169RE,6.0,3,0.26,4.0,5.2,,GHW,R110,169,3.0,1.5,222.0,2009.0,YNT,41.0,EW,760.0,R,31.0,103.0,24.572638436482084,12.866449511400651,2.2133224755700325,600.8,2728.0,933.472312703583,-2849.0,RMM_TLFCS09169RE,0916,,1.2000000000000002,0.005818318318318318,103.0,5.648852736231377e-05,,,,
2021,RMM,CS,TLFCS09169RE,6.0,0,0.0,4.8,4.77,5.2,GHW,R110,169,3.0,1.5,222.0,2009.0,YNT,41.0,EW,760.0,R,23.0,0.0,23.774202898550726,12.006956521739129,2.089246376811594,531.6,2929.0,856.5159420289855,-2773.0,RMM_TLFCS09169RE,0916,,-0.03000000000000025,0.004316816816816817,0.0,,4.0,1.2000000000000002,103.0,-103.0
2022,RMM,CS,TLFCS09169RE,6.0,4,0.0,5.0,4.76,4.77,GHW,R110,169,3.0,1.5,222.0,2009.0,YNT,41.0,EW,760.0,R,28.0,96.0,22.993972602739724,11.737260273972604,1.931945205479452,565.6,2547.0,853.5013698630137,-2638.0,RMM_TLFCS09169RE,0916,,-0.2400000000000002,0.005255255255255256,96.0,5.474224224224225e-05,4.8,-0.03000000000000025,0.0,96.0
2023,RMM,CS,TLFCS09169RE,6.0,3,0.0,5.0,5.26,4.76,GHW,R110,169,3.0,1.5,222.0,2009.0,YNT,41.0,EW,760.0,R,23.0,0.0,23.792876712328766,12.633150684931508,2.0255068493150685,702.4,2625.0,840.6630136986302,-3216.0,RMM_TLFCS09169RE,0916,,0.2599999999999998,0.004316816816816817,0.0,,5.0,-0.2400000000000002,96.0,-96.0
2024,RMM,CS,TLFCS09169RE,6.0,4,0.0,5.0,3.5,5.26,GHW,R110,169,3.0,1.5,222.0,2009.0,YNT,41.0,EW,760.0,R,17.0,0.0,23.59535519125683,12.800819672131148,1.9520218579234971,662.6,2680.0,826.1639344262295,-3168.0,RMM_TLFCS09169RE,0916,,-1.5,0.0031906906906906908,0.0,,5.0,0.2599999999999998,0.0,0.0
2025,RMM,CS,TLFCS09169RE,6.0,4,0.0,4.0,2.22,3.5,GHW,R110,169,3.0,1.5,222.0,2009.0,YNT,41.0,EW,760.0,R,0.0,0.0,24.061643835616437,12.527397260273972,2.161808219178082,233.6,2670.0,798.613698630137,-3325.0,RMM_TLFCS09169RE,0916,,-1.7799999999999998,0.0,0.0,,5.0,-1.5,0.0,0.0
2020,RMM,CS,TLFCS09169RWZ,8.1,4,0.27,7.0,6.85,,GHW,R110,169,3.0,1.5,222.0,2009.0,YNT,41.0,EW,760.0,R,33.0,101.0,24.572638436482084,12.866449511400651,2.2133224755700325,600.8,2728.0,933.472312703583,-2849.0,RMM_TLFCS09169RWZ,0916,,-0.15000000000000036,0.004587921254587922,101.0,4.5424962916712096e-05,,,,
2021,RMM,CS,TLFCS09169RWZ,8.1,0,0.0,6.48,6.96,6.85,GHW,R110,169,3.0,1.5,222.0,2009.0,YNT,41.0,EW,760.0,R,22.0,0.0,23.774202898550726,12.006956521739129,2.089246376811594,531.6,2929.0,856.5159420289855,-2773.0,RMM_TLFCS09169RWZ,0916,,0.47999999999999954,0.003058614169725281,0.0,,7.0,-0.15000000000000036,101.0,-101.0
2022,RMM,CS,TLFCS09169RWZ,8.1,4,0.0,9.0,6.34,6.96,GHW,R110,169,3.0,1.5,222.0,2009.0,YNT,41.0,EW,760.0,R,37.0,108.0,22.993972602739724,11.737260273972604,1.931945205479452,565.6,2547.0,853.5013698630137,-2638.0,RMM_TLFCS09169RWZ,0916,,-2.66,0.0051440329218107005,108.0,4.762993446121019e-05,6.48,0.47999999999999954,0.0,108.0
2023,RMM,CS,TLFCS09169RWZ,8.1,3,0.0,7.0,7.04,6.34,GHW,R110,169,3.0,1.5,222.0,2009.0,YNT,41.0,EW,760.0,R,20.0,0.0,23.792876712328766,12.633150684931508,2.0255068493150685,702.4,2625.0,840.6630136986302,-3216.0,RMM_TLFCS09169RWZ,0916,,0.040000000000000036,0.0027805583361138917,0.0,,9.0,-2.66,108.0,-108.0
2024,RMM,CS,TLFCS09169RWZ,8.1,4,0.0,7.0,4.98,7.04,GHW,R110,169,3.0,1.5,222.0,2009.0,YNT,41.0,EW,760.0,R,20.0,0.0,23.59535519125683,12.800819672131148,1.9520218579234971,662.6,2680.0,826.1639344262295,-3168.0,RMM_TLFCS09169RWZ,0916,,-2.0199999999999996,0.0027805583361138917,0.0,,7.0,0.040000000000000036,0.0,0.0
2025,RMM,CS,TLFCS09169RWZ,8.1,4,0.0,6.0,3.62,4.98,GHW,R110,169,3.0,1.5,222.0,2009.0,YNT,41.0,EW,760.0,R,0.0,0.0,24.061643835616437,12.527397260273972,2.161808219178082,233.6,2670.0,798.613698630137,-3325.0,RMM_TLFCS09169RWZ,0916,,-2.38,0.0,0.0,,7.0,-2.0199999999999996,0.0,0.0
2020,RMM,CS,TLFCS09338PN,3.2,3,0.28,3.0,2.92,,GHW,PAUL1103,338,3.0,1.5,222.0,2009.0,YNT,41.0,EW,760.0,R,33.0,142.0,24.572638436482084,12.866449511400651,2.2133224755700325,600.8,2728.0,933.472312703583,-2849.0,RMM_TLFCS09338PN,0933,,-0.08000000000000007,0.011613175675675675,142.0,8.178292729349068e-05,,,,
2021,RMM,CS,TLFCS09338PN,3.2,0,0.0,2.88,3.16,2.92,GHW,PAUL1103,338,3.0,1.5,222.0,2009.0,YNT,41.0,EW,760.0,R,21.0,0.0,23.774202898550726,12.006956521739129,2.089246376811594,531.6,2929.0,856.5159420289855,-2773.0,RMM_TLFCS09338PN,0933,,0.28000000000000025,0.007390202702702702,0.0,,3.0,-0.08000000000000007,142.0,-142.0
2022,RMM,CS,TLFCS09338PN,3.2,4,0.0,3.0,2.32,3.16,GHW,PAUL1103,338,3.0,1.5,222.0,2009.0,YNT,41.0,EW,760.0,R,30.0,114.0,22.993972602739724,11.737260273972604,1.931945205479452,565.6,2547.0,853.5013698630137,-2638.0,RMM_TLFCS09338PN,0933,,-0.6800000000000002,0.01055743243243243,114.0,9.260905642484588e-05,2.88,0.28000000000000025,0.0,114.0
2023,RMM,CS,TLFCS09338PN,3.2,4,0.0,2.9,2.02,2.32,GHW,PAUL1103,338,3.0,1.5,222.0,2009.0,YNT,41.0,EW,760.0,R,22.0,0.0,23.792876712328766,12.633150684931508,2.0255068493150685,702.4,2625.0,840.6630136986302,-3216.0,RMM_TLFCS09338PN,0933,,-0.8799999999999999,0.007742117117117116,0.0,,3.0,-0.6800000000000002,114.0,-114.0
2024,RMM,CS,TLFCS09338PN,3.2,4,0.0,3.0,1.82,2.02,GHW,PAUL1103,338,3.0,1.5,222.0,2009.0,YNT,41.0,EW,760.0,R,18.0,0.0,23.59535519125683,12.800819672131148,1.9520218579234971,662.6,2680.0,826.1639344262295,-3168.0,RMM_TLFCS09338PN,0933,,-1.18,0.006334459459459459,0.0,,2.9,-0.8799999999999999,0.0,0.0
2025,RMM,CS,TLFCS09338PN,3.2,4,0.0,3.0,1.58,1.82,GHW,PAUL1103,338,3.0,1.5,222.0,2009.0,YNT,41.0,EW,760.0,R,0.0,0.0,24.061643835616437,12.527397260273972,2.161808219178082,233.6,2670.0,798.613698630137,-3325.0,RMM_TLFCS09338PN,0933,,-1.42,0.0,0.0,,3.0,-1.18,0.0,0.0
2020,RMM,CS,TLFCS09338PS,11.3,3,0.29,9.0,9.2,,GHW,PAUL1103,338,3.0,1.5,222.0,2009.0,YNT,41.0,EW,760.0,R,34.0,102.0,24.572638436482084,12.866449511400651,2.2133224755700325,600.8,2728.0,933.472312703583,-2849.0,RMM_TLFCS09338PS,0933,,0.1999999999999993,0.0033883440963086977,102.0,3.321905976773233e-05,,,,
2021,RMM,CS,TLFCS09338PS,11.3,0,0.0,9.04,10.22,9.2,GHW,PAUL1103,338,3.0,1.5,222.0,2009.0,YNT,41.0,EW,760.0,R,25.0,0.0,23.774202898550726,12.006956521739129,2.089246376811594,531.6,2929.0,856.5159420289855,-2773.0,RMM_TLFCS09338PS,0933,,1.1800000000000015,0.0024914294825799247,0.0,,9.0,0.1999999999999993,102.0,-102.0
2022,RMM,CS,TLFCS09338PS,11.3,4,0.0,10.0,9.54,10.22,GHW,PAUL1103,338,3.0,1.5,222.0,2009.0,YNT,41.0,EW,760.0,R,33.0,47.0,22.993972602739724,11.737260273972604,1.931945205479452,565.6,2547.0,853.5013698630137,-2638.0,RMM_TLFCS09338PS,0933,,-0.46000000000000085,0.0032886869170055005,47.0,6.997206206394682e-05,9.04,1.1800000000000015,0.0,47.0
2023,RMM,CS,TLFCS09338PS,11.3,4,0.0,9.6,7.94,9.54,GHW,PAUL1103,338,3.0,1.5,222.0,2009.0,YNT,41.0,EW,760.0,R,24.0,0.0,23.792876712328766,12.633150684931508,2.0255068493150685,702.4,2625.0,840.6630136986302,-3216.0,RMM_TLFCS09338PS,0933,,-1.6599999999999993,0.002391772303276728,0.0,,10.0,-0.46000000000000085,47.0,-47.0
2024,RMM,CS,TLFCS09338PS,11.3,4,0.0,9.0,6.44,7.94,GHW,PAUL1103,338,3.0,1.5,222.0,2009.0,YNT,41.0,EW,760.0,R,19.0,0.0,23.59535519125683,12.800819672131148,1.9520218579234971,662.6,2680.0,826.1639344262295,-3168.0,RMM_TLFCS09338PS,0933,,-2.5599999999999996,0.0018934864067607427,0.0,,9.6,-1.6599999999999993,0.0,0.0
2025,RMM,CS,TLFCS09338PS,11.3,4,0.0,9.0,5.2,6.44,GHW,PAUL1103,338,3.0,1.5,222.0,2009.0,YNT,41.0,EW,760.0,R,0.0,0.0,24.061643835616437,12.527397260273972,2.161808219178082,233.6,2670.0,798.613698630137,-3325.0,RMM_TLFCS09338PS,0933,,-3.8,0.0,0.0,,9.0,-2.5599999999999996,0.0,0.0
2020,RMM,CS,TLFCS09338PW,8.2,3,0.28,6.0,6.3,,GHW,PAUL1103,338,3.0,1.5,222.0,2009.0,YNT,41.0,EW,760.0,R,32.0,121.0,24.572638436482084,12.866449511400651,2.2133224755700325,600.8,2728.0,933.472312703583,-2849.0,RMM_TLFCS09338PW,0933,,0.2999999999999998,0.004394638540980005,121.0,3.631932678495872e-05,,,,
2021,RMM,CS,TLFCS09338PW,8.2,0,0.0,5.74,6.39,6.3,GHW,PAUL1103,338,3.0,1.5,222.0,2009.0,YNT,41.0,EW,760.0,R,24.0,0.0,23.774202898550726,12.006956521739129,2.089246376811594,531.6,2929.0,856.5159420289855,-2773.0,RMM_TLFCS09338PW,0933,,0.6499999999999995,0.0032959789057350037,0.0,,6.0,0.2999999999999998,121.0,-121.0
2022,RMM,CS,TLFCS09338PW,8.2,3,0.0,7.0,6.6,6.39,GHW,PAUL1103,338,3.0,1.5,222.0,2009.0,YNT,41.0,EW,760.0,R,31.0,121.0,22.993972602739724,11.737260273972604,1.931945205479452,565.6,2547.0,853.5013698630137,-2638.0,RMM_TLFCS09338PW,0933,,-0.40000000000000036,0.004257306086574379,121.0,3.518434782292876e-05,5.74,0.6499999999999995,0.0,121.0
2023,RMM,CS,TLFCS09338PW,8.2,4,0.0,6.5,6.58,6.6,GHW,PAUL1103,338,3.0,1.5,222.0,2009.0,YNT,41.0,EW,760.0,R,16.0,0.0,23.792876712328766,12.633150684931508,2.0255068493150685,702.4,2625.0,840.6630136986302,-3216.0,RMM_TLFCS09338PW,0933,,0.08000000000000007,0.0021973192704900025,0.0,,7.0,-0.40000000000000036,121.0,-121.0
2024,RMM,CS,TLFCS09338PW,8.2,4,0.0,6.0,4.44,6.58,GHW,PAUL1103,338,3.0,1.5,222.0,2009.0,YNT,41.0,EW,760.0,R,21.0,0.0,23.59535519125683,12.800819672131148,1.9520218579234971,662.6,2680.0,826.1639344262295,-3168.0,RMM_TLFCS09338PW,0933,,-1.5599999999999996,0.002883981542518128,0.0,,6.5,0.08000000000000007,0.0,0.0
2025,RMM,CS,TLFCS09338PW,8.2,4,0.0,6.0,3.5,4.44,GHW,PAUL1103,338,3.0,1.5,222.0,2009.0,YNT,41.0,EW,760.0,R,0.0,0.0,24.061643835616437,12.527397260273972,2.161808219178082,233.6,2670.0,798.613698630137,-3325.0,RMM_TLFCS09338PW,0933,,-2.5,0.0,0.0,,6.0,-1.5599999999999996,0.0,0.0
2020,RMM,CS,TLFCS09338RE,9.1,3,0.29,9.0,9.18,,GHW,R110,338,3.0,1.5,222.0,2009.0,YNT,41.0,EW,760.0,R,35.0,145.0,24.572638436482084,12.866449511400651,2.2133224755700325,600.8,2728.0,933.472312703583,-2849.0,RMM_TLFCS09338RE,0933,,0.17999999999999972,0.004331254331254332,145.0,2.9870719525891942e-05,,,,
2021,RMM,CS,TLFCS09338RE,9.1,0,0.0,8.19,8.62,9.18,GHW,R110,338,3.0,1.5,222.0,2009.0,YNT,41.0,EW,760.0,R,24.0,0.0,23.774202898550726,12.006956521739129,2.089246376811594,531.6,2929.0,856.5159420289855,-2773.0,RMM_TLFCS09338RE,0933,,0.4299999999999997,0.00297000297000297,0.0,,9.0,0.17999999999999972,145.0,-145.0
2022,RMM,CS,TLFCS09338RE,9.1,3,0.0,9.0,8.7,8.62,GHW,R110,338,3.0,1.5,222.0,2009.0,YNT,41.0,EW,760.0,R,33.0,101.0,22.993972602739724,11.737260273972604,1.931945205479452,565.6,2547.0,853.5013698630137,-2638.0,RMM_TLFCS09338RE,0933,,-0.3000000000000007,0.004083754083754084,101.0,4.043320875004043e-05,8.19,0.4299999999999997,0.0,101.0
2023,RMM,CS,TLFCS09338RE,9.1,3,0.0,8.9,9.96,8.7,GHW,R110,338,3.0,1.5,222.0,2009.0,YNT,41.0,EW,760.0,R,30.0,0.0,23.792876712328766,12.633150684931508,2.0255068493150685,702.4,2625.0,840.6630136986302,-3216.0,RMM_TLFCS09338RE,0933,,1.0600000000000005,0.003712503712503713,0.0,,9.0,-0.3000000000000007,101.0,-101.0
2024,RMM,CS,TLFCS09338RE,9.1,4,0.0,9.0,7.42,9.96,GHW,R110,338,3.0,1.5,222.0,2009.0,YNT,41.0,EW,760.0,R,21.0,0.0,23.59535519125683,12.800819672131148,1.9520218579234971,662.6,2680.0,826.1639344262295,-3168.0,RMM_TLFCS09338RE,0933,,-1.58,0.002598752598752599,0.0,,8.9,1.0600000000000005,0.0,0.0
2025,RMM,CS,TLFCS09338RE,9.1,4,0.0,6.0,4.58,7.42,GHW,R110,338,3.0,1.5,222.0,2009.0,YNT,41.0,EW,760.0,R,0.0,0.0,24.061643835616437,12.527397260273972,2.161808219178082,233.6,2670.0,798.613698630137,-3325.0,RMM_TLFCS09338RE,0933,,-1.42,0.0,0.0,,9.0,-1.58,0.0,0.0
2020,RMM,CS,TLFCS09338RWZ,12.0,4,0.25,13.0,13.36,,GHW,R110,338,3.0,1.5,222.0,2009.0,YNT,41.0,EW,760.0,R,36.0,112.0,24.572638436482084,12.866449511400651,2.2133224755700325,600.8,2728.0,933.472312703583,-2849.0,RMM_TLFCS09338RWZ,0933,,0.35999999999999943,0.0033783783783783786,112.0,3.0164092664092665e-05,,,,
2021,RMM,CS,TLFCS09338RWZ,12.0,0,0.0,13.2,11.39,13.36,GHW,R110,338,3.0,1.5,222.0,2009.0,YNT,41.0,EW,760.0,R,23.0,0.0,23.774202898550726,12.006956521739129,2.089246376811594,531.6,2929.0,856.5159420289855,-2773.0,RMM_TLFCS09338RWZ,0933,,-1.8099999999999987,0.0021584084084084083,0.0,,13.0,0.35999999999999943,112.0,-112.0
2022,RMM,CS,TLFCS09338RWZ,12.0,4,0.0,12.0,10.1,11.39,GHW,R110,338,3.0,1.5,222.0,2009.0,YNT,41.0,EW,760.0,R,31.0,97.0,22.993972602739724,11.737260273972604,1.931945205479452,565.6,2547.0,853.5013698630137,-2638.0,RMM_TLFCS09338RWZ,0933,,-1.9000000000000004,0.002909159159159159,97.0,2.9991331537723288e-05,13.2,-1.8099999999999987,0.0,97.0
2023,RMM,CS,TLFCS09338RWZ,12.0,3,0.0,12.1,11.5,10.1,GHW,R110,338,3.0,1.5,222.0,2009.0,YNT,41.0,EW,760.0,R,31.0,0.0,23.792876712328766,12.633150684931508,2.0255068493150685,702.4,2625.0,840.6630136986302,-3216.0,RMM_TLFCS09338RWZ,0933,,-0.5999999999999996,0.002909159159159159,0.0,,12.0,-1.9000000000000004,97.0,-97.0
2024,RMM,CS,TLFCS09338RWZ,12.0,4,0.0,12.0,8.66,11.5,GHW,R110,338,3.0,1.5,222.0,2009.0,YNT,41.0,EW,760.0,R,22.0,0.0,23.59535519125683,12.800819672131148,1.9520218579234971,662.6,2680.0,826.1639344262295,-3168.0,RMM_TLFCS09338RWZ,0933,,-3.34,0.0020645645645645644,0.0,,12.1,-0.5999999999999996,0.0,0.0
2025,RMM,CS,TLFCS09338RWZ,12.0,4,0.0,8.0,5.58,8.66,GHW,R110,338,3.0,1.5,222.0,2009.0,YNT,41.0,EW,760.0,R,0.0,0.0,24.061643835616437,12.527397260273972,2.161808219178082,233.6,2670.0,798.613698630137,-3325.0,RMM_TLFCS09338RWZ,0933,,-2.42,0.0,0.0,,12.0,-3.34,0.0,0.0
2020,RMM,CS,TLFCS09GOE,20.7,0,0.0,0.0,0.0,,,,,,,,,,,,,,0.0,0.0,,,,,,,,RMM_TLFCS09GOE,09,,0.0,,0.0,,,,,
2020,RMM,CS,TLFCS09GOW,24.9,0,0.0,0.0,0.0,,,,,,,,,,,,,,0.0,0.0,,,,,,,,RMM_TLFCS09GOW,09,,0.0,,0.0,,,,,
2020,RMM,CS,TLFCS10338R,18.6,3,0.28,23.0,23.06,,GHW,R110,338,3.0,1.5,222.0,2010.0,YNT,90.0,EW,740.0,R,34.0,142.0,24.572638436482084,12.866449511400651,2.2133224755700325,600.8,2728.0,933.472312703583,-2849.0,RMM_TLFCS10338R,1033,,0.05999999999999872,0.002058510123026252,142.0,1.4496550162156703e-05,,,,
2021,RMM,CS,TLFCS10338R,18.6,0,0.0,22.32,25.54,23.06,GHW,R110,338,3.0,1.5,222.0,2010.0,YNT,90.0,EW,740.0,R,23.0,0.0,23.774202898550726,12.006956521739129,2.089246376811594,531.6,2929.0,856.5159420289855,-2773.0,RMM_TLFCS10338R,1033,,3.219999999999999,0.0013925215538118762,0.0,,23.0,0.05999999999999872,142.0,-142.0
2022,RMM,CS,TLFCS10338R,18.6,3,0.0,23.0,26.36,25.54,GHW,R110,338,3.0,1.5,222.0,2010.0,YNT,90.0,EW,740.0,R,32.0,112.0,22.993972602739724,11.737260273972604,1.931945205479452,565.6,2547.0,853.5013698630137,-2638.0,RMM_TLFCS10338R,1033,,3.3599999999999994,0.0019374212922600015,112.0,1.7298404395178584e-05,22.32,3.219999999999999,0.0,112.0
2023,RMM,CS,TLFCS10338R,18.6,3,0.0,25.4,20.26,26.36,GHW,R110,338,3.0,1.5,222.0,2010.0,YNT,90.0,EW,740.0,R,19.0,0.0,23.792876712328766,12.633150684931508,2.0255068493150685,702.4,2625.0,840.6630136986302,-3216.0,RMM_TLFCS10338R,1033,,-5.139999999999997,0.0011503438922793759,0.0,,23.0,3.3599999999999994,112.0,-112.0
2024,RMM,CS,TLFCS10338R,18.6,3,0.0,24.0,12.88,20.26,GHW,R110,338,3.0,1.5,222.0,2010.0,YNT,90.0,EW,740.0,R,20.0,0.0,23.59535519125683,12.800819672131148,1.9520218579234971,662.6,2680.0,826.1639344262295,-3168.0,RMM_TLFCS10338R,1033,,-11.12,0.001210888307662501,0.0,,25.4,-5.139999999999997,0.0,0.0
2025,RMM,CS,TLFCS10338R,18.6,4,0.0,21.0,15.62,12.88,GHW,R110,338,3.0,1.5,222.0,2010.0,YNT,90.0,EW,740.0,R,0.0,0.0,24.061643835616437,12.527397260273972,2.161808219178082,233.6,2670.0,798.613698630137,-3325.0,RMM_TLFCS10338R,1033,,-5.380000000000001,0.0,0.0,,24.0,-11.12,0.0,0.0
2020,RMM,CS,TLFCS1116914E,12.4,4,0.25,10.0,10.73,,GHW,101-759,169,3.0,1.5,222.0,2011.0,YNT,50.0,EW,754.0,R,32.0,126.0,24.572638436482084,12.866449511400651,2.2133224755700325,600.8,2728.0,933.472312703583,-2849.0,RMM_TLFCS1116914E,1116,,0.7300000000000004,0.0029061319383900026,126.0,2.306453919357145e-05,,,,
2021,RMM,CS,TLFCS1116914E,12.4,0,0.0,9.92,9.29,10.73,GHW,101-759,169,3.0,1.5,222.0,2011.0,YNT,50.0,EW,754.0,R,20.0,0.0,23.774202898550726,12.006956521739129,2.089246376811594,531.6,2929.0,856.5159420289855,-2773.0,RMM_TLFCS1116914E,1116,,-0.6300000000000008,0.0018163324614937518,0.0,,10.0,0.7300000000000004,126.0,-126.0
2022,RMM,CS,TLFCS1116914E,12.4,3,0.0,11.0,8.68,9.29,GHW,101-759,169,3.0,1.5,222.0,2011.0,YNT,50.0,EW,754.0,R,26.0,113.0,22.993972602739724,11.737260273972604,1.931945205479452,565.6,2547.0,853.5013698630137,-2638.0,RMM_TLFCS1116914E,1116,,-2.3200000000000003,0.0023612321999418773,113.0,2.089586017647679e-05,9.92,-0.6300000000000008,0.0,113.0
2023,RMM,CS,TLFCS1116914E,12.4,3,0.0,9.8,7.84,8.68,GHW,101-759,169,3.0,1.5,222.0,2011.0,YNT,50.0,EW,754.0,R,24.0,0.0,23.792876712328766,12.633150684931508,2.0255068493150685,702.4,2625.0,840.6630136986302,-3216.0,RMM_TLFCS1116914E,1116,,-1.9600000000000009,0.002179598953792502,0.0,,11.0,-2.3200000000000003,113.0,-113.0
2024,RMM,CS,TLFCS1116914E,12.4,4,0.0,9.0,7.52,7.84,GHW,101-759,169,3.0,1.5,222.0,2011.0,YNT,50.0,EW,754.0,R,17.0,0.0,23.59535519125683,12.800819672131148,1.9520218579234971,662.6,2680.0,826.1639344262295,-3168.0,RMM_TLFCS1116914E,1116,,-1.4800000000000004,0.001543882592269689,0.0,,9.8,-1.9600000000000009,0.0,0.0
2025,RMM,CS,TLFCS1116914E,12.4,4,0.0,6.0,6.52,7.52,GHW,101-759,169,3.0,1.5,222.0,2011.0,YNT,50.0,EW,754.0,R,0.0,0.0,24.061643835616437,12.527397260273972,2.161808219178082,233.6,2670.0,798.613698630137,-3325.0,RMM_TLFCS1116914E,1116,,0.5199999999999996,0.0,0.0,,9.0,-1.4800000000000004,0.0,0.0
2020,RMM,CS,TLFCS1116914W,6.9,4,0.27,6.0,5.21,,GHW,101-759,169,3.0,1.5,222.0,2011.0,YNT,50.0,EW,743.0,R,29.0,146.0,24.572638436482084,12.866449511400651,2.2133224755700325,600.8,2728.0,933.472312703583,-2849.0,RMM_TLFCS1116914W,1116,,-0.79,0.004732993863428646,146.0,3.2417766187867436e-05,,,,
2021,RMM,CS,TLFCS1116914W,6.9,0,0.0,4.32,4.57,5.21,GHW,101-759,169,3.0,1.5,222.0,2011.0,YNT,50.0,EW,743.0,R,22.0,0.0,23.774202898550726,12.006956521739129,2.089246376811594,531.6,2929.0,856.5159420289855,-2773.0,RMM_TLFCS1116914W,1116,,0.25,0.003590547068807938,0.0,,6.0,-0.79,146.0,-146.0
2022,RMM,CS,TLFCS1116914W,6.9,4,0.0,5.0,4.08,4.57,GHW,101-759,169,3.0,1.5,222.0,2011.0,YNT,50.0,EW,743.0,R,25.0,116.0,22.993972602739724,11.737260273972604,1.931945205479452,565.6,2547.0,853.5013698630137,-2638.0,RMM_TLFCS1116914W,1116,,-0.9199999999999999,0.004080167123645384,116.0,3.5173854514184344e-05,4.32,0.25,0.0,116.0
2023,RMM,CS,TLFCS1116914W,6.9,3,0.0,4.8,4.0,4.08,GHW,101-759,169,3.0,1.5,222.0,2011.0,YNT,50.0,EW,743.0,R,24.0,0.0,23.792876712328766,12.633150684931508,2.0255068493150685,702.4,2625.0,840.6630136986302,-3216.0,RMM_TLFCS1116914W,1116,,-0.7999999999999998,0.003916960438699569,0.0,,5.0,-0.9199999999999999,116.0,-116.0
2024,RMM,CS,TLFCS1116914W,6.9,4,0.0,4.0,3.82,4.0,GHW,101-759,169,3.0,1.5,222.0,2011.0,YNT,50.0,EW,743.0,R,21.0,0.0,23.59535519125683,12.800819672131148,1.9520218579234971,662.6,2680.0,826.1639344262295,-3168.0,RMM_TLFCS1116914W,1116,,-0.18000000000000016,0.0034273403838621227,0.0,,4.8,-0.7999999999999998,0.0,0.0
2025,RMM,CS,TLFCS1116914W,6.9,4,0.0,4.0,3.34,3.82,GHW,101-759,169,3.0,1.5,222.0,2011.0,YNT,50.0,EW,743.0,R,0.0,0.0,24.061643835616437,12.527397260273972,2.161808219178082,233.6,2670.0,798.613698630137,-3325.0,RMM_TLFCS1116914W,1116,,-0.6600000000000001,0.0,0.0,,4.0,-0.18000000000000016,0.0,0.0
2020,RMM,CS,TLFCS11338SO,16.1,3,0.26,21.0,21.0,,GHW,SO4,338,3.0,1.5,222.0,2011.0,YNT,50.0,EW,754.0,R,33.0,174.0,24.572638436482084,12.866449511400651,2.2133224755700325,600.8,2728.0,933.472312703583,-2849.0,RMM_TLFCS11338SO,1133,,0.0,0.00230820882994796,174.0,1.3265567988206667e-05,,,,
2021,RMM,CS,TLFCS11338SO,16.1,0,0.0,20.13,22.06,21.0,GHW,SO4,338,3.0,1.5,222.0,2011.0,YNT,50.0,EW,754.0,R,27.0,0.0,23.774202898550726,12.006956521739129,2.089246376811594,531.6,2929.0,856.5159420289855,-2773.0,RMM_TLFCS11338SO,1133,,1.9299999999999997,0.0018885344972301493,0.0,,21.0,0.0,174.0,-174.0
2022,RMM,CS,TLFCS11338SO,16.1,3,0.0,23.0,19.9,22.06,GHW,SO4,338,3.0,1.5,222.0,2011.0,YNT,50.0,EW,754.0,R,30.0,159.0,22.993972602739724,11.737260273972604,1.931945205479452,565.6,2547.0,853.5013698630137,-2638.0,RMM_TLFCS11338SO,1133,,-3.1000000000000014,0.0020983716635890547,159.0,1.319730606030852e-05,20.13,1.9299999999999997,0.0,159.0
2023,RMM,CS,TLFCS11338SO,16.1,3,0.0,21.9,18.12,19.9,GHW,SO4,338,3.0,1.5,222.0,2011.0,YNT,50.0,EW,754.0,R,25.0,0.0,23.792876712328766,12.633150684931508,2.0255068493150685,702.4,2625.0,840.6630136986302,-3216.0,RMM_TLFCS11338SO,1133,,-3.7799999999999976,0.0017486430529908789,0.0,,23.0,-3.1000000000000014,159.0,-159.0
2024,RMM,CS,TLFCS11338SO,16.1,3,0.0,20.0,11.56,18.12,GHW,SO4,338,3.0,1.5,222.0,2011.0,YNT,50.0,EW,754.0,R,19.0,0.0,23.59535519125683,12.800819672131148,1.9520218579234971,662.6,2680.0,826.1639344262295,-3168.0,RMM_TLFCS11338SO,1133,,-8.44,0.001328968720273068,0.0,,21.9,-3.7799999999999976,0.0,0.0
2025,RMM,CS,TLFCS11338SO,16.1,4,0.0,18.0,14.58,11.56,GHW,SO4,338,3.0,1.5,222.0,2011.0,YNT,50.0,EW,754.0,R,0.0,0.0,24.061643835616437,12.527397260273972,2.161808219178082,233.6,2670.0,798.613698630137,-3325.0,RMM_TLFCS11338SO,1133,,-3.42,0.0,0.0,,20.0,-8.44,0.0,0.0
2020,RMM,CS,TLFCS1416914N,12.4,3,0.24,6.0,10.32,,GHW,101/14,169,3.0,1.5,222.0,2014.0,YNT,75.0,EW,770.0,R,28.0,144.0,24.572638436482084,12.866449511400651,2.2133224755700325,600.8,2728.0,933.472312703583,-2849.0,RMM_TLFCS1416914N,1416,,4.32,0.0025428654460912525,144.0,1.7658787820078142e-05,,,,
2021,RMM,CS,TLFCS1416914N,12.4,0,0.0,8.68,9.41,10.32,GHW,101/14,169,3.0,1.5,222.0,2014.0,YNT,75.0,EW,770.0,R,25.0,188.0,23.774202898550726,12.006956521739129,2.089246376811594,531.6,2929.0,856.5159420289855,-2773.0,RMM_TLFCS1416914N,1416,,0.7300000000000004,0.0022704155768671895,188.0,1.207667860035739e-05,6.0,4.32,144.0,44.0
2022,RMM,CS,TLFCS1416914N,12.4,3,0.0,11.0,9.6,9.41,GHW,101/14,169,3.0,1.5,222.0,2014.0,YNT,75.0,EW,770.0,R,30.0,151.0,22.993972602739724,11.737260273972604,1.931945205479452,565.6,2547.0,853.5013698630137,-2638.0,RMM_TLFCS1416914N,1416,,-1.4000000000000004,0.0027244986922406273,151.0,1.8043037696957795e-05,8.68,0.7300000000000004,188.0,-37.0
2023,RMM,CS,TLFCS1416914N,12.4,4,0.0,9.6,6.74,9.6,GHW,101/14,169,3.0,1.5,222.0,2014.0,YNT,75.0,EW,770.0,R,24.0,0.0,23.792876712328766,12.633150684931508,2.0255068493150685,702.4,2625.0,840.6630136986302,-3216.0,RMM_TLFCS1416914N,1416,,-2.8599999999999994,0.002179598953792502,0.0,,11.0,-1.4000000000000004,151.0,-151.0
2024,RMM,CS,TLFCS1416914N,12.4,3,0.0,10.0,4.42,6.74,GHW,101/14,169,3.0,1.5,222.0,2014.0,YNT,75.0,EW,770.0,R,17.0,0.0,23.59535519125683,12.800819672131148,1.9520218579234971,662.6,2680.0,826.1639344262295,-3168.0,RMM_TLFCS1416914N,1416,,-5.58,0.001543882592269689,0.0,,9.6,-2.8599999999999994,0.0,0.0
2025,RMM,CS,TLFCS1416914N,12.4,4,0.0,13.0,9.8,4.42,GHW,101/14,169,3.0,1.5,222.0,2014.0,YNT,75.0,EW,770.0,R,0.0,0.0,24.061643835616437,12.527397260273972,2.161808219178082,233.6,2670.0,798.613698630137,-3325.0,RMM_TLFCS1416914N,1416,,-3.1999999999999993,0.0,0.0,,10.0,-5.58,0.0,0.0
2020,RMM,CS,TLFCS1416914S,12.2,4,0.27,7.0,9.43,,GHW,101/14,169,2.5,1.5,267.0,2014.0,YNT,75.0,EW,770.0,R,24.0,124.0,24.572638436482084,12.866449511400651,2.2133224755700325,600.8,2728.0,933.472312703583,-2849.0,RMM_TLFCS1416914S,1416,,2.4299999999999997,0.0018419598452753731,124.0,1.4854514881253009e-05,,,,
2021,RMM,CS,TLFCS1416914S,12.2,0,0.0,7.57,8.2,9.43,GHW,101/14,169,2.5,1.5,267.0,2014.0,YNT,75.0,EW,770.0,R,20.0,0.0,23.774202898550726,12.006956521739129,2.089246376811594,531.6,2929.0,856.5159420289855,-2773.0,RMM_TLFCS1416914S,1416,,0.629999999999999,0.0015349665377294777,0.0,,7.0,2.4299999999999997,124.0,-124.0
2022,RMM,CS,TLFCS1416914S,12.2,4,0.0,11.0,9.79,8.2,GHW,101/14,169,2.5,1.5,267.0,2014.0,YNT,75.0,EW,770.0,R,28.0,120.0,22.993972602739724,11.737260273972604,1.931945205479452,565.6,2547.0,853.5013698630137,-2638.0,RMM_TLFCS1416914S,1416,,-1.2100000000000009,0.0021489531528212685,120.0,1.7907942940177237e-05,7.57,0.629999999999999,0.0,120.0
2023,RMM,CS,TLFCS1416914S,12.2,4,0.0,9.0,3.24,9.79,GHW,101/14,169,2.5,1.5,267.0,2014.0,YNT,75.0,EW,770.0,R,20.0,0.0,23.792876712328766,12.633150684931508,2.0255068493150685,702.4,2625.0,840.6630136986302,-3216.0,RMM_TLFCS1416914S,1416,,-5.76,0.0015349665377294777,0.0,,11.0,-1.2100000000000009,120.0,-120.0
2024,RMM,CS,TLFCS1416914S,12.2,3,0.0,9.0,4.02,3.24,GHW,101/14,169,2.5,1.5,267.0,2014.0,YNT,75.0,EW,770.0,R,16.0,0.0,23.59535519125683,12.800819672131148,1.9520218579234971,662.6,2680.0,826.1639344262295,-3168.0,RMM_TLFCS1416914S,1416,,-4.98,0.001227973230183582,0.0,,9.0,-5.76,0.0,0.0
2025,RMM,CS,TLFCS1416914S,12.2,4,0.0,11.0,7.18,4.02,GHW,101/14,169,2.5,1.5,267.0,2014.0,YNT,75.0,EW,770.0,R,0.0,0.0,24.061643835616437,12.527397260273972,2.161808219178082,233.6,2670.0,798.613698630137,-3325.0,RMM_TLFCS1416914S,1416,,-3.8200000000000003,0.0,0.0,,9.0,-4.98,0.0,0.0
2020,RMM,CS,TLFCS1441214,10.4,4,0.25,7.0,8.47,,GHW,101/14,412,2.5,1.5,267.0,2014.0,YNT,75.0,EW,765.0,R,28.0,100.0,24.572638436482084,12.866449511400651,2.2133224755700325,600.8,2728.0,933.472312703583,-2849.0,RMM_TLFCS1441214,1441,,1.4700000000000006,0.0025208873523480265,100.0,2.5208873523480264e-05,,,,
2021,RMM,CS,TLFCS1441214,10.4,0,0.0,8.32,7.77,8.47,GHW,101/14,412,2.5,1.5,267.0,2014.0,YNT,75.0,EW,765.0,R,24.0,0.0,23.774202898550726,12.006956521739129,2.089246376811594,531.6,2929.0,856.5159420289855,-2773.0,RMM_TLFCS1441214,1441,,-0.5500000000000007,0.0021607605877268796,0.0,,7.0,1.4700000000000006,100.0,-100.0
2022,RMM,CS,TLFCS1441214,10.4,4,0.0,8.0,9.94,7.77,GHW,101/14,412,2.5,1.5,267.0,2014.0,YNT,75.0,EW,765.0,R,29.0,101.0,22.993972602739724,11.737260273972604,1.931945205479452,565.6,2547.0,853.5013698630137,-2638.0,RMM_TLFCS1441214,1441,,1.9399999999999995,0.002610919043503313,101.0,2.5850683599042703e-05,8.32,-0.5500000000000007,0.0,101.0
2023,RMM,CS,TLFCS1441214,10.4,4,0.0,9.1,6.42,9.94,GHW,101/14,412,2.5,1.5,267.0,2014.0,YNT,75.0,EW,765.0,R,24.0,0.0,23.792876712328766,12.633150684931508,2.0255068493150685,702.4,2625.0,840.6630136986302,-3216.0,RMM_TLFCS1441214,1441,,-2.6799999999999997,0.0021607605877268796,0.0,,8.0,1.9399999999999995,101.0,-101.0
2024,RMM,CS,TLFCS1441214,10.4,3,0.0,9.0,3.84,6.42,GHW,101/14,412,2.5,1.5,267.0,2014.0,YNT,75.0,EW,765.0,R,15.0,0.0,23.59535519125683,12.800819672131148,1.9520218579234971,662.6,2680.0,826.1639344262295,-3168.0,RMM_TLFCS1441214,1441,,-5.16,0.0013504753673292999,0.0,,9.1,-2.6799999999999997,0.0,0.0
2025,RMM,CS,TLFCS1441214,10.4,4,0.0,9.0,6.6,3.84,GHW,101/14,412,2.5,1.5,267.0,2014.0,YNT,75.0,EW,765.0,R,0.0,0.0,24.061643835616437,12.527397260273972,2.161808219178082,233.6,2670.0,798.613698630137,-3325.0,RMM_TLFCS1441214,1441,,-2.4000000000000004,0.0,0.0,,9.0,-5.16,0.0,0.0
2020,RMM,CS,TLFCS19338S,5.0,0,0.0,0.0,0.0,,GHW,SO4,338,2.5,1.5,267.0,2019.0,YNT,47.0,NE,735.0,R,0.0,0.0,24.572638436482084,12.866449511400651,2.2133224755700325,600.8,2728.0,933.472312703583,-2849.0,RMM_TLFCS19338S,1933,,0.0,0.0,0.0,,,,,
2021,RMM,CS,TLFCS19338S,5.0,0,0.0,0.0,0.0,0.0,GHW,SO4,338,2.5,1.5,267.0,2019.0,YNT,47.0,NE,735.0,R,0.0,0.0,23.774202898550726,12.006956521739129,2.089246376811594,531.6,2929.0,856.5159420289855,-2773.0,RMM_TLFCS19338S,1933,,0.0,0.0,0.0,,0.0,0.0,0.0,0.0
2022,RMM,CS,TLFCS19338S,5.0,0,0.0,3.0,1.26,0.0,GHW,SO4,338,2.5,1.5,267.0,2019.0,YNT,47.0,NE,735.0,R,12.0,0.0,22.993972602739724,11.737260273972604,1.931945205479452,565.6,2547.0,853.5013698630137,-2638.0,RMM_TLFCS19338S,1933,,-1.74,0.0022471910112359553,0.0,,0.0,0.0,0.0,0.0
2023,RMM,CS,TLFCS19338S,5.0,3,0.0,3.5,3.92,1.26,GHW,SO4,338,2.5,1.5,267.0,2019.0,YNT,47.0,NE,735.0,R,0.0,0.0,23.792876712328766,12.633150684931508,2.0255068493150685,702.4,2625.0,840.6630136986302,-3216.0,RMM_TLFCS19338S,1933,,0.41999999999999993,0.0,0.0,,3.0,-1.74,0.0,0.0
2024,RMM,CS,TLFCS19338S,5.0,4,0.0,4.0,2.04,3.92,GHW,SO4,338,2.5,1.5,267.0,2019.0,YNT,47.0,NE,735.0,R,17.0,0.0,23.59535519125683,12.800819672131148,1.9520218579234971,662.6,2680.0,826.1639344262295,-3168.0,RMM_TLFCS19338S,1933,,-1.96,0.003183520599250936,0.0,,3.5,0.41999999999999993,0.0,0.0
2025,RMM,CS,TLFCS19338S,5.0,4,0.0,4.0,2.84,2.04,GHW,SO4,338,2.5,1.5,267.0,2019.0,YNT,47.0,NE,735.0,R,0.0,0.0,24.061643835616437,12.527397260273972,2.161808219178082,233.6,2670.0,798.613698630137,-3325.0,RMM_TLFCS19338S,1933,,-1.1600000000000001,0.0,0.0,,4.0,-1.96,0.0,0.0
2020,RMM,CS,TLFCS19338SE,5.69,0,0.0,0.0,0.0,,GHW,SO4,338,3.0,1.5,222.0,2019.0,YNT,77.0,NE,740.0,R,0.0,0.0,24.572638436482084,12.866449511400651,2.2133224755700325,600.8,2728.0,933.472312703583,-2849.0,RMM_TLFCS19338SE,1933,,0.0,0.0,0.0,,,,,
2021,RMM,CS,TLFCS19338SE,5.69,0,0.0,0.0,0.0,0.0,GHW,SO4,338,3.0,1.5,222.0,2019.0,YNT,77.0,NE,740.0,R,0.0,0.0,23.774202898550726,12.006956521739129,2.089246376811594,531.6,2929.0,856.5159420289855,-2773.0,RMM_TLFCS19338SE,1933,,0.0,0.0,0.0,,0.0,0.0,0.0,0.0
2022,RMM,CS,TLFCS19338SE,5.69,0,0.0,3.0,1.74,0.0,GHW,SO4,338,3.0,1.5,222.0,2019.0,YNT,77.0,NE,740.0,R,11.0,184.0,22.993972602739724,11.737260273972604,1.931945205479452,565.6,2547.0,853.5013698630137,-2638.0,RMM_TLFCS19338SE,1933,,-1.26,0.00217704523504172,184.0,1.1831767581748478e-05,0.0,0.0,0.0,184.0
2023,RMM,CS,TLFCS19338SE,5.69,3,0.0,4.0,4.26,1.74,GHW,SO4,338,3.0,1.5,222.0,2019.0,YNT,77.0,NE,740.0,R,0.0,0.0,23.792876712328766,12.633150684931508,2.0255068493150685,702.4,2625.0,840.6630136986302,-3216.0,RMM_TLFCS19338SE,1933,,0.2599999999999998,0.0,0.0,,3.0,-1.26,184.0,-184.0
2024,RMM,CS,TLFCS19338SE,5.69,4,0.0,4.0,3.08,4.26,GHW,SO4,338,3.0,1.5,222.0,2019.0,YNT,77.0,NE,740.0,R,18.0,0.0,23.59535519125683,12.800819672131148,1.9520218579234971,662.6,2680.0,826.1639344262295,-3168.0,RMM_TLFCS19338SE,1933,,-0.9199999999999999,0.003562437657340996,0.0,,4.0,0.2599999999999998,0.0,0.0
2025,RMM,CS,TLFCS19338SE,5.69,4,0.0,5.0,4.92,3.08,GHW,SO4,338,3.0,1.5,222.0,2019.0,YNT,77.0,NE,740.0,R,0.0,0.0,24.061643835616437,12.527397260273972,2.161808219178082,233.6,2670.0,798.613698630137,-3325.0,RMM_TLFCS19338SE,1933,,-0.08000000000000007,0.0,0.0,,4.0,-0.9199999999999999,0.0,0.0
2020,RMM,CS,TLFCS19338SN,1.75,0,0.0,0.0,0.0,,,,,,,,,,,,,,0.0,0.0,,,,,,,,RMM_TLFCS19338SN,1933,,0.0,,0.0,,,,,
2021,RMM,CS,TLFCS19338SN,1.75,0,0.0,0.0,0.0,0.0,,,,,,,,,,,,,0.0,0.0,,,,,,,,RMM_TLFCS19338SN,1933,,0.0,,0.0,,0.0,0.0,0.0,0.0
2022,RMM,CS,TLFCS19338SN,1.75,0,0.0,1.0,0.0,0.0,,,,,,,,,,,,,10.0,0.0,,,,,,,,RMM_TLFCS19338SN,1933,,-1.0,,0.0,,0.0,0.0,0.0,0.0
2020,RMM,CS,TLFCS19338SS,4.55,0,0.0,0.0,0.0,,GHW,SO4,338,2.5,1.2,333.0,2019.0,YNT,47.0,NE,740.0,R,0.0,0.0,24.572638436482084,12.866449511400651,2.2133224755700325,600.8,2728.0,933.472312703583,-2849.0,RMM_TLFCS19338SS,1933,,0.0,0.0,0.0,,,,,
2021,RMM,CS,TLFCS19338SS,4.55,0,0.0,0.0,0.0,0.0,GHW,SO4,338,2.5,1.2,333.0,2019.0,YNT,47.0,NE,740.0,R,0.0,0.0,23.774202898550726,12.006956521739129,2.089246376811594,531.6,2929.0,856.5159420289855,-2773.0,RMM_TLFCS19338SS,1933,,0.0,0.0,0.0,,0.0,0.0,0.0,0.0
2022,RMM,CS,TLFCS19338SS,4.55,0,0.0,1.0,1.36,0.0,GHW,SO4,338,2.5,1.2,333.0,2019.0,YNT,47.0,NE,740.0,R,9.0,189.0,22.993972602739724,11.737260273972604,1.931945205479452,565.6,2547.0,853.5013698630137,-2638.0,RMM_TLFCS19338SS,1933,,0.3600000000000001,0.001485001485001485,189.0,7.857150714293572e-06,0.0,0.0,0.0,189.0
2023,RMM,CS,TLFCS19338SS,4.55,3,0.0,3.2,4.26,1.36,GHW,SO4,338,2.5,1.2,333.0,2019.0,YNT,47.0,NE,740.0,R,0.0,0.0,23.792876712328766,12.633150684931508,2.0255068493150685,702.4,2625.0,840.6630136986302,-3216.0,RMM_TLFCS19338SS,1933,,1.0599999999999996,0.0,0.0,,1.0,0.3600000000000001,189.0,-189.0
2024,RMM,CS,TLFCS19338SS,4.55,4,0.0,4.0,2.66,4.26,GHW,SO4,338,2.5,1.2,333.0,2019.0,YNT,47.0,NE,740.0,R,16.0,0.0,23.59535519125683,12.800819672131148,1.9520218579234971,662.6,2680.0,826.1639344262295,-3168.0,RMM_TLFCS19338SS,1933,,-1.3399999999999999,0.00264000264000264,0.0,,3.2,1.0599999999999996,0.0,0.0
2025,RMM,CS,TLFCS19338SS,4.55,4,0.0,3.0,3.86,2.66,GHW,SO4,338,2.5,1.2,333.0,2019.0,YNT,47.0,NE,740.0,R,0.0,0.0,24.061643835616437,12.527397260273972,2.161808219178082,233.6,2670.0,798.613698630137,-3325.0,RMM_TLFCS19338SS,1933,,0.8599999999999999,0.0,0.0,,4.0,-1.3399999999999999,0.0,0.0
2020,RMM,CS,TLFCS19338SW,6.41,0,0.0,0.0,0.0,,GHW,SO4,338,2.5,1.5,267.0,2019.0,YNT,47.0,NE,735.0,R,0.0,0.0,24.572638436482084,12.866449511400651,2.2133224755700325,600.8,2728.0,933.472312703583,-2849.0,RMM_TLFCS19338SW,1933,,0.0,0.0,0.0,,,,,
2021,RMM,CS,TLFCS19338SW,6.41,0,0.0,0.0,0.0,0.0,GHW,SO4,338,2.5,1.5,267.0,2019.0,YNT,47.0,NE,735.0,R,0.0,0.0,23.774202898550726,12.006956521739129,2.089246376811594,531.6,2929.0,856.5159420289855,-2773.0,RMM_TLFCS19338SW,1933,,0.0,0.0,0.0,,0.0,0.0,0.0,0.0
2022,RMM,CS,TLFCS19338SW,6.41,0,0.0,3.0,2.28,0.0,GHW,SO4,338,2.5,1.5,267.0,2019.0,YNT,47.0,NE,735.0,R,14.0,136.0,22.993972602739724,11.737260273972604,1.931945205479452,565.6,2547.0,853.5013698630137,-2638.0,RMM_TLFCS19338SW,1933,,-0.7200000000000002,0.002045025621249569,136.0,1.50369530974233e-05,0.0,0.0,0.0,136.0
2023,RMM,CS,TLFCS19338SW,6.41,3,0.0,4.5,6.5,2.28,GHW,SO4,338,2.5,1.5,267.0,2019.0,YNT,47.0,NE,735.0,R,0.0,0.0,23.792876712328766,12.633150684931508,2.0255068493150685,702.4,2625.0,840.6630136986302,-3216.0,RMM_TLFCS19338SW,1933,,2.0,0.0,0.0,,3.0,-0.7200000000000002,136.0,-136.0
2024,RMM,CS,TLFCS19338SW,6.41,4,0.0,7.0,3.3,6.5,GHW,SO4,338,2.5,1.5,267.0,2019.0,YNT,47.0,NE,735.0,R,16.0,0.0,23.59535519125683,12.800819672131148,1.9520218579234971,662.6,2680.0,826.1639344262295,-3168.0,RMM_TLFCS19338SW,1933,,-3.7,0.002337172138570936,0.0,,4.5,2.0,0.0,0.0
2025,RMM,CS,TLFCS19338SW,6.41,4,0.0,5.0,5.46,3.3,GHW,SO4,338,2.5,1.5,267.0,2019.0,YNT,47.0,NE,735.0,R,0.0,0.0,24.061643835616437,12.527397260273972,2.161808219178082,233.6,2670.0,798.613698630137,-3325.0,RMM_TLFCS19338SW,1933,,0.45999999999999996,0.0,0.0,,7.0,-3.7,0.0,0.0
2023,RMM,CS,TLFCS23338SNE,10.36,0,0.0,0.0,0.0,,GHW,SO4,338,3.0,1.5,222.0,2023.0,YNT,50.0,EW,710.0,R,0.0,0.0,23.792876712328766,12.633150684931508,2.0255068493150685,702.4,2625.0,840.6630136986302,-3216.0,RMM_TLFCS23338SNE,2333,,0.0,0.0,0.0,,,,,
2024,RMM,CS,TLFCS23338SNE,10.36,0,0.0,0.0,0.0,0.0,GHW,SO4,338,3.0,1.5,222.0,2023.0,YNT,50.0,EW,710.0,R,0.0,0.0,23.59535519125683,12.800819672131148,1.9520218579234971,662.6,2680.0,826.1639344262295,-3168.0,RMM_TLFCS23338SNE,2333,,0.0,0.0,0.0,,0.0,0.0,0.0,0.0
2025,RMM,CS,TLFCS23338SNE,10.36,0,0.0,7.0,0.0,0.0,GHW,SO4,338,3.0,1.5,222.0,2023.0,YNT,50.0,EW,710.0,R,0.0,0.0,24.061643835616437,12.527397260273972,2.161808219178082,233.6,2670.0,798.613698630137,-3325.0,RMM_TLFCS23338SNE,2333,,-7.0,0.0,0.0,,0.0,0.0,0.0,0.0
2023,RMM,CS,TLFCS23338SNW,14.4,0,0.0,0.0,0.0,,GHW,SO4,338,3.0,1.5,222.0,2023.0,YNT,50.0,EW,710.0,R,0.0,0.0,23.792876712328766,12.633150684931508,2.0255068493150685,702.4,2625.0,840.6630136986302,-3216.0,RMM_TLFCS23338SNW,2333,,0.0,0.0,0.0,,,,,
2024,RMM,CS,TLFCS23338SNW,14.4,0,0.0,0.0,0.0,0.0,GHW,SO4,338,3.0,1.5,222.0,2023.0,YNT,50.0,EW,710.0,R,0.0,0.0,23.59535519125683,12.800819672131148,1.9520218579234971,662.6,2680.0,826.1639344262295,-3168.0,RMM_TLFCS23338SNW,2333,,0.0,0.0,0.0,,0.0,0.0,0.0,0.0
2025,RMM,CS,TLFCS23338SNW,14.4,0,0.0,9.0,0.0,0.0,GHW,SO4,338,3.0,1.5,222.0,2023.0,YNT,50.0,EW,710.0,R,0.0,0.0,24.061643835616437,12.527397260273972,2.161808219178082,233.6,2670.0,798.613698630137,-3325.0,RMM_TLFCS23338SNW,2333,,-9.0,0.0,0.0,,0.0,0.0,0.0,0.0
2023,RMM,CS,TLFCS23338SSE,10.62,0,0.0,0.0,0.0,,GHW,SO4,338,3.0,1.5,222.0,2023.0,YNT,50.0,EW,705.0,R,0.0,0.0,23.792876712328766,12.633150684931508,2.0255068493150685,702.4,2625.0,840.6630136986302,-3216.0,RMM_TLFCS23338SSE,2333,,0.0,0.0,0.0,,,,,
2024,RMM,CS,TLFCS23338SSE,10.62,0,0.0,0.0,0.0,0.0,GHW,SO4,338,3.0,1.5,222.0,2023.0,YNT,50.0,EW,705.0,R,0.0,0.0,23.59535519125683,12.800819672131148,1.9520218579234971,662.6,2680.0,826.1639344262295,-3168.0,RMM_TLFCS23338SSE,2333,,0.0,0.0,0.0,,0.0,0.0,0.0,0.0
2025,RMM,CS,TLFCS23338SSE,10.62,0,0.0,7.0,0.0,0.0,GHW,SO4,338,3.0,1.5,222.0,2023.0,YNT,50.0,EW,705.0,R,0.0,0.0,24.061643835616437,12.527397260273972,2.161808219178082,233.6,2670.0,798.613698630137,-3325.0,RMM_TLFCS23338SSE,2333,,-7.0,0.0,0.0,,0.0,0.0,0.0,0.0
2023,RMM,CS,TLFCS23338SSW,12.31,0,0.0,0.0,0.0,,GHW,SO4,338,3.0,1.5,222.0,2023.0,YNT,50.0,EW,705.0,R,0.0,0.0,23.792876712328766,12.633150684931508,2.0255068493150685,702.4,2625.0,840.6630136986302,-3216.0,RMM_TLFCS23338SSW,2333,,0.0,0.0,0.0,,,,,
2024,RMM,CS,TLFCS23338SSW,12.31,0,0.0,0.0,0.0,0.0,GHW,SO4,338,3.0,1.5,222.0,2023.0,YNT,50.0,EW,705.0,R,0.0,0.0,23.59535519125683,12.800819672131148,1.9520218579234971,662.6,2680.0,826.1639344262295,-3168.0,RMM_TLFCS23338SSW,2333,,0.0,0.0,0.0,,0.0,0.0,0.0,0.0
2025,RMM,CS,TLFCS23338SSW,12.31,0,0.0,8.0,0.0,0.0,GHW,SO4,338,3.0,1.5,222.0,2023.0,YNT,50.0,EW,705.0,R,0.0,0.0,24.061643835616437,12.527397260273972,2.161808219178082,233.6,2670.0,798.613698630137,-3325.0,RMM_TLFCS23338SSW,2333,,-8.0,0.0,0.0,,0.0,0.0,0.0,0.0
2025,RMM,CS,TLFCS24338SE,9.0,0,0.0,0.0,0.0,,GHW,SO4,338,3.0,1.5,222.0,2024.0,YNT,50.0,EW,705.0,R,,,24.061643835616437,12.527397260273972,2.161808219178082,233.6,2670.0,798.613698630137,-3325.0,RMM_TLFCS24338SE,2433,,0.0,,,,,,,
2025,RMM,CS,TLFCS24338SW,9.0,0,0.0,0.0,0.0,,GHW,SO4,338,3.0,1.5,222.0,2024.0,YNT,50.0,EW,705.0,R,,,24.061643835616437,12.527397260273972,2.161808219178082,233.6,2670.0,798.613698630137,-3325.0,RMM_TLFCS24338SW,2433,,0.0,,,,,,,
2020,RNF,CS,RNFCS03,32.1,2,0.0,12.0,6.56,,,,,,,,,,,,,,0.0,0.0,,,,,,,,RNF_RNFCS03,03,,-5.44,,0.0,,,,,
2021,RNF,CS,RNFCS03,32.1,0,0.0,0.0,0.0,6.56,,,,,,,,,,,,,0.0,0.0,,,,,,,,RNF_RNFCS03,03,,0.0,,0.0,,12.0,-5.44,0.0,0.0
2020,RNF,CS,RNFCS03E,8.7,0,0.3,2.0,0.0,,,,,,,,,,,,,,13.0,150.0,,,,,,,,RNF_RNFCS03E,03,,-2.0,,150.0,,,,,
2020,RNF,CS,RNFCS03N,8.3,0,0.29,4.0,0.0,,,,,,,,,,,,,,18.0,104.0,,,,,,,,RNF_RNFCS03N,03,,-4.0,,104.0,,,,,
2020,RNF,CS,RNFCS03RG,6.0,0,0.24,2.0,0.0,,,,,,,,,,,,,,15.0,158.0,,,,,,,,RNF_RNFCS03RG,03,,-2.0,,158.0,,,,,
2020,RNF,CS,RNFCS03W,9.1,0,0.27,4.0,0.0,,,,,,,,,,,,,,18.0,151.0,,,,,,,,RNF_RNFCS03W,03,,-4.0,,151.0,,,,,
2020,RNF,CS,RNFCS170614,51.9,0,0.47,31.0,0.0,,,,,,,,,,,,,,0.0,0.0,,,,,,,,RNF_RNFCS170614,1706,,-31.0,,0.0,,,,,
2023,RNF,CS,RNFCS170614,51.9,4,0.0,17.0,5.48,0.0,,,,,,,,,,,,,0.0,0.0,,,,,,,,RNF_RNFCS170614,1706,,-11.52,,0.0,,31.0,-31.0,0.0,0.0
2024,RNF,CS,RNFCS170614,51.9,4,0.0,21.0,4.72,5.48,,,,,,,,,,,,,0.0,0.0,,,,,,,,RNF_RNFCS170614,1706,,-16.28,,0.0,,17.0,-11.52,0.0,0.0
2025,RNF,CS,RNFCS170614,51.9,3,0.0,31.0,3.3,4.72,,,,,,,,,,,,,0.0,0.0,,,,,,,,RNF_RNFCS170614,1706,,-27.7,,0.0,,21.0,-16.28,0.0,0.0
2020,RNF,CS,RNFCS170614E,11.51,4,0.0,7.0,1.59,,GHW,101/14,06,2.7,1.5,247.0,2017.0,RNF,0.0,EW,420.0,R,,,,,,,,,,RNF_RNFCS170614E,1706,,-5.41,,,,,,,
2021,RNF,CS,RNFCS170614E,11.51,0,0.0,5.76,1.82,1.59,GHW,101/14,06,2.7,1.5,247.0,2017.0,RNF,0.0,EW,420.0,R,,,,,,,,,,RNF_RNFCS170614E,1706,,-3.9399999999999995,,,,7.0,-5.41,,
2022,RNF,CS,RNFCS170614E,11.51,4,0.0,10.0,3.73,1.82,GHW,101/14,06,2.7,1.5,247.0,2017.0,RNF,0.0,EW,420.0,R,,,,,,,,,,RNF_RNFCS170614E,1706,,-6.27,,,,5.76,-3.9399999999999995,,
2023,RNF,CS,RNFCS170614E,11.51,0,0.0,4.0,0.0,3.73,GHW,101/14,06,2.7,1.5,247.0,2017.0,RNF,0.0,EW,420.0,R,,,,,,,,,,RNF_RNFCS170614E,1706,,-4.0,,,,10.0,-6.27,,
2024,RNF,CS,RNFCS170614E,11.51,0,0.0,5.0,0.0,0.0,GHW,101/14,06,2.7,1.5,247.0,2017.0,RNF,0.0,EW,420.0,R,,,,,,,,,,RNF_RNFCS170614E,1706,,-5.0,,,,4.0,-4.0,,
2025,RNF,CS,RNFCS170614E,11.51,0,0.0,2.0,0.0,0.0,GHW,101/14,06,2.7,1.5,247.0,2017.0,RNF,0.0,EW,420.0,R,,,,,,,,,,RNF_RNFCS170614E,1706,,-2.0,,,,5.0,-5.0,,
2020,RNF,CS,RNFCS170614N,9.51,4,-0.03,4.75,1.45,,GHW,SO4,412,2.7,1.5,247.0,2017.0,RNF,0.0,EW,420.0,R,,,,,,,,,,RNF_RNFCS170614N,1706,,-3.3,,,,,,,
2021,RNF,CS,RNFCS170614N,9.51,0,0.0,4.76,1.83,1.45,GHW,SO4,412,2.7,1.5,247.0,2017.0,RNF,0.0,EW,420.0,R,,,,,,,,,,RNF_RNFCS170614N,1706,,-2.9299999999999997,,,,4.75,-3.3,,
2022,RNF,CS,RNFCS170614N,9.51,4,0.0,8.0,3.99,1.83,GHW,SO4,412,2.7,1.5,247.0,2017.0,RNF,0.0,EW,420.0,R,,,,,,,,,,RNF_RNFCS170614N,1706,,-4.01,,,,4.76,-2.9299999999999997,,
2023,RNF,CS,RNFCS170614N,9.51,0,0.0,2.4,0.0,3.99,GHW,SO4,412,2.7,1.5,247.0,2017.0,RNF,0.0,EW,420.0,R,,,,,,,,,,RNF_RNFCS170614N,1706,,-2.4,,,,8.0,-4.01,,
2024,RNF,CS,RNFCS170614N,9.51,0,0.0,3.0,0.0,0.0,GHW,SO4,412,2.7,1.5,247.0,2017.0,RNF,0.0,EW,420.0,R,,,,,,,,,,RNF_RNFCS170614N,1706,,-3.0,,,,2.4,-2.4,,
2025,RNF,CS,RNFCS170614N,9.51,0,0.0,1.0,0.0,0.0,GHW,SO4,412,2.7,1.5,247.0,2017.0,RNF,0.0,EW,420.0,R,,,,,,,,,,RNF_RNFCS170614N,1706,,-1.0,,,,3.0,-3.0,,
2020,RNF,CS,RNFCS170614S,15.35,4,-0.04,9.2,2.5,,GHW,101/14,06,2.7,1.5,247.0,2017.0,RNF,0.0,EW,420.0,R,,,,,,,,,,RNF_RNFCS170614S,1706,,-6.699999999999999,,,,,,,
2021,RNF,CS,RNFCS170614S,15.35,0,0.0,7.68,2.91,2.5,GHW,101/14,06,2.7,1.5,247.0,2017.0,RNF,0.0,EW,420.0,R,,,,,,,,,,RNF_RNFCS170614S,1706,,-4.77,,,,9.2,-6.699999999999999,,
2022,RNF,CS,RNFCS170614S,15.35,4,0.0,12.0,6.03,2.91,GHW,101/14,06,2.7,1.5,247.0,2017.0,RNF,0.0,EW,420.0,R,,,,,,,,,,RNF_RNFCS170614S,1706,,-5.97,,,,7.68,-4.77,,
2023,RNF,CS,RNFCS170614S,15.35,0,0.0,6.1,0.0,6.03,GHW,101/14,06,2.7,1.5,247.0,2017.0,RNF,0.0,EW,420.0,R,,,,,,,,,,RNF_RNFCS170614S,1706,,-6.1,,,,12.0,-5.97,,
2024,RNF,CS,RNFCS170614S,15.35,0,0.0,7.0,0.0,0.0,GHW,101/14,06,2.7,1.5,247.0,2017.0,RNF,0.0,EW,420.0,R,,,,,,,,,,RNF_RNFCS170614S,1706,,-7.0,,,,6.1,-6.1,,
2025,RNF,CS,RNFCS170614S,15.35,0,0.0,5.0,0.0,0.0,GHW,101/14,06,2.7,1.5,247.0,2017.0,RNF,0.0,EW,420.0,R,,,,,,,,,,RNF_RNFCS170614S,1706,,-5.0,,,,7.0,-7.0,,
2020,RNF,CS,RNFCS170614W,16.0,4,0.08,9.6,2.94,,GHW,101/14,06,2.7,1.5,247.0,2017.0,RNF,0.0,EW,420.0,R,,,,,,,,,,RNF_RNFCS170614W,1706,,-6.66,,,,,,,
2021,RNF,CS,RNFCS170614W,16.0,0,0.0,9.6,4.07,2.94,GHW,101/14,06,2.7,1.5,247.0,2017.0,RNF,0.0,EW,420.0,R,,,,,,,,,,RNF_RNFCS170614W,1706,,-5.529999999999999,,,,9.6,-6.66,,
2022,RNF,CS,RNFCS170614W,16.0,4,0.0,12.0,7.47,4.07,GHW,101/14,06,2.7,1.5,247.0,2017.0,RNF,0.0,EW,420.0,R,,,,,,,,,,RNF_RNFCS170614W,1706,,-4.53,,,,9.6,-5.529999999999999,,
2023,RNF,CS,RNFCS170614W,16.0,0,0.0,4.8,0.0,7.47,GHW,101/14,06,2.7,1.5,247.0,2017.0,RNF,0.0,EW,420.0,R,,,,,,,,,,RNF_RNFCS170614W,1706,,-4.8,,,,12.0,-4.53,,
2024,RNF,CS,RNFCS170614W,16.0,0,0.0,6.0,0.0,0.0,GHW,101/14,06,2.7,1.5,247.0,2017.0,RNF,0.0,EW,420.0,R,,,,,,,,,,RNF_RNFCS170614W,1706,,-6.0,,,,4.8,-4.8,,
2025,RNF,CS,RNFCS170614W,16.0,0,0.0,2.0,0.0,0.0,GHW,101/14,06,2.7,1.5,247.0,2017.0,RNF,0.0,EW,420.0,R,,,,,,,,,,RNF_RNFCS170614W,1706,,-2.0,,,,6.0,-6.0,,
2020,RNF,CS,RNFCS1733814,44.9,0,0.63,27.0,0.0,,,,,,,,,,,,,,0.0,0.0,,,,,,,,RNF_RNFCS1733814,1733,,-27.0,,0.0,,,,,
2023,RNF,CS,RNFCS1733814,44.9,4,0.0,9.0,5.69,0.0,,,,,,,,,,,,,0.0,0.0,,,,,,,,RNF_RNFCS1733814,1733,,-3.3099999999999996,,0.0,,27.0,-27.0,0.0,0.0
2024,RNF,CS,RNFCS1733814,44.9,4,0.0,13.0,4.88,5.69,,,,,,,,,,,,,0.0,0.0,,,,,,,,RNF_RNFCS1733814,1733,,-8.120000000000001,,0.0,,9.0,-3.3099999999999996,0.0,0.0
2025,RNF,CS,RNFCS1733814,44.9,3,0.0,22.0,3.04,4.88,,,,,,,,,,,,,0.0,0.0,,,,,,,,RNF_RNFCS1733814,1733,,-18.96,,0.0,,13.0,-8.120000000000001,0.0,0.0
2020,RNF,CS,RNFCS1733814E,25.37,4,0.12,11.4,5.02,,,,,,,,,,,,,,0.0,182.0,,,,,,,,RNF_RNFCS1733814E,1733,,-6.380000000000001,,182.0,,,,,
2021,RNF,CS,RNFCS1733814E,25.37,0,0.0,15.22,0.0,5.02,,,,,,,,,,,,,21.0,0.0,,,,,,,,RNF_RNFCS1733814E,1733,,-15.22,,0.0,,11.4,-6.380000000000001,182.0,-182.0
2021,RNF,CS,RNFCS1733814EN,19.0,0,0.0,12.0,7.44,,GHW,101/14,338,2.7,1.5,247.0,2017.0,RNF,0.0,EW,420.0,R,,,,,,,,,,RNF_RNFCS1733814EN,1733,,-4.56,,,,,,,
2022,RNF,CS,RNFCS1733814EN,19.0,4,0.0,14.0,15.24,7.44,GHW,101/14,338,2.7,1.5,247.0,2017.0,RNF,0.0,EW,420.0,R,,,,,,,,,,RNF_RNFCS1733814EN,1733,,1.2400000000000002,,,,12.0,-4.56,,
2023,RNF,CS,RNFCS1733814EN,19.0,0,0.0,2.9,0.0,15.24,GHW,101/14,338,2.7,1.5,247.0,2017.0,RNF,0.0,EW,420.0,R,,,,,,,,,,RNF_RNFCS1733814EN,1733,,-2.9,,,,14.0,1.2400000000000002,,
2024,RNF,CS,RNFCS1733814EN,19.0,0,0.0,6.0,0.0,0.0,GHW,101/14,338,2.7,1.5,247.0,2017.0,RNF,0.0,EW,420.0,R,,,,,,,,,,RNF_RNFCS1733814EN,1733,,-6.0,,,,2.9,-2.9,,
2025,RNF,CS,RNFCS1733814EN,19.0,0,0.0,3.0,0.0,0.0,GHW,101/14,338,2.7,1.5,247.0,2017.0,RNF,0.0,EW,420.0,R,,,,,,,,,,RNF_RNFCS1733814EN,1733,,-3.0,,,,6.0,-6.0,,
2021,RNF,CS,RNFCS1733814ES,6.4,0,0.0,4.0,2.17,,GHW,101/14,338,2.7,1.5,247.0,2017.0,RNF,0.0,EW,420.0,R,,,,,,,,,,RNF_RNFCS1733814ES,1733,,-1.83,,,,,,,
2022,RNF,CS,RNFCS1733814ES,6.4,4,0.0,6.0,3.93,2.17,GHW,101/14,338,2.7,1.5,247.0,2017.0,RNF,0.0,EW,420.0,R,,,,,,,,,,RNF_RNFCS1733814ES,1733,,-2.07,,,,4.0,-1.83,,
2023,RNF,CS,RNFCS1733814ES,6.4,0,0.0,2.6,0.0,3.93,GHW,101/14,338,2.7,1.5,247.0,2017.0,RNF,0.0,EW,420.0,R,,,,,,,,,,RNF_RNFCS1733814ES,1733,,-2.6,,,,6.0,-2.07,,
2024,RNF,CS,RNFCS1733814ES,6.4,0,0.0,2.0,0.0,0.0,GHW,101/14,338,2.7,1.5,247.0,2017.0,RNF,0.0,EW,420.0,R,,,,,,,,,,RNF_RNFCS1733814ES,1733,,-2.0,,,,2.6,-2.6,,
2025,RNF,CS,RNFCS1733814ES,6.4,0,0.0,2.0,0.0,0.0,GHW,101/14,338,2.7,1.5,247.0,2017.0,RNF,0.0,EW,420.0,R,,,,,,,,,,RNF_RNFCS1733814ES,1733,,-2.0,,,,2.0,-2.0,,
2020,RNF,CS,RNFCS1733814M,11.46,4,0.05,5.0,2.65,,GHW,101/14,338,2.7,1.5,247.0,2017.0,RNF,0.0,EW,420.0,R,,,,,,,,,,RNF_RNFCS1733814M,1733,,-2.35,,,,,,,
2021,RNF,CS,RNFCS1733814M,11.46,0,0.0,6.88,4.82,2.65,GHW,101/14,338,2.7,1.5,247.0,2017.0,RNF,0.0,EW,420.0,R,,,,,,,,,,RNF_RNFCS1733814M,1733,,-2.0599999999999996,,,,5.0,-2.35,,
2022,RNF,CS,RNFCS1733814M,11.46,4,0.0,10.0,7.3,4.82,GHW,101/14,338,2.7,1.5,247.0,2017.0,RNF,0.0,EW,420.0,R,,,,,,,,,,RNF_RNFCS1733814M,1733,,-2.7,,,,6.88,-2.0599999999999996,,
2023,RNF,CS,RNFCS1733814M,11.46,0,0.0,1.7,0.0,7.3,GHW,101/14,338,2.7,1.5,247.0,2017.0,RNF,0.0,EW,420.0,R,,,,,,,,,,RNF_RNFCS1733814M,1733,,-1.7,,,,10.0,-2.7,,
2024,RNF,CS,RNFCS1733814M,11.46,0,0.0,3.0,0.0,0.0,GHW,101/14,338,2.7,1.5,247.0,2017.0,RNF,0.0,EW,420.0,R,,,,,,,,,,RNF_RNFCS1733814M,1733,,-3.0,,,,1.7,-1.7,,
2025,RNF,CS,RNFCS1733814M,11.46,0,0.0,2.0,0.0,0.0,GHW,101/14,338,2.7,1.5,247.0,2017.0,RNF,0.0,EW,420.0,R,,,,,,,,,,RNF_RNFCS1733814M,1733,,-2.0,,,,3.0,-3.0,,
2020,RNF,CS,RNFCS1733814W,7.86,4,0.04,3.5,1.27,,GHW,101/14,338,2.7,1.5,247.0,2017.0,RNF,0.0,EW,420.0,R,,,,,,,,,,RNF_RNFCS1733814W,1733,,-2.23,,,,,,,
2021,RNF,CS,RNFCS1733814W,7.86,0,0.0,4.72,3.48,1.27,GHW,101/14,338,2.7,1.5,247.0,2017.0,RNF,0.0,EW,420.0,R,,,,,,,,,,RNF_RNFCS1733814W,1733,,-1.2399999999999998,,,,3.5,-2.23,,
2022,RNF,CS,RNFCS1733814W,7.86,4,0.0,6.0,4.16,3.48,GHW,101/14,338,2.7,1.5,247.0,2017.0,RNF,0.0,EW,420.0,R,,,,,,,,,,RNF_RNFCS1733814W,1733,,-1.8399999999999999,,,,4.72,-1.2399999999999998,,
2023,RNF,CS,RNFCS1733814W,7.86,0,0.0,1.2,0.0,4.16,GHW,101/14,338,2.7,1.5,247.0,2017.0,RNF,0.0,EW,420.0,R,,,,,,,,,,RNF_RNFCS1733814W,1733,,-1.2,,,,6.0,-1.8399999999999999,,
2024,RNF,CS,RNFCS1733814W,7.86,0,0.0,2.0,0.0,0.0,GHW,101/14,338,2.7,1.5,247.0,2017.0,RNF,0.0,EW,420.0,R,,,,,,,,,,RNF_RNFCS1733814W,1733,,-2.0,,,,1.2,-1.2,,
2025,RNF,CS,RNFCS1733814W,7.86,0,0.0,1.0,0.0,0.0,GHW,101/14,338,2.7,1.5,247.0,2017.0,RNF,0.0,EW,420.0,R,,,,,,,,,,RNF_RNFCS1733814W,1733,,-1.0,,,,2.0,-2.0,,
2020,RNF,CS,RNFCS17412S,12.2,4,0.41,7.0,5.78,,GHW,SO4,412,2.7,1.5,247.0,2017.0,RNF,90.0,EW,420.0,R,,,,,,,,,,RNF_RNFCS17412S,1741,,-1.2199999999999998,,,,,,,
2021,RNF,CS,RNFCS17412S,12.2,0,0.0,7.32,6.67,5.78,GHW,SO4,412,2.7,1.5,247.0,2017.0,RNF,90.0,EW,420.0,R,,,,,,,,,,RNF_RNFCS17412S,1741,,-0.6500000000000004,,,,7.0,-1.2199999999999998,,
2022,RNF,CS,RNFCS17412S,12.2,4,0.0,9.0,7.84,6.67,GHW,SO4,412,2.7,1.5,247.0,2017.0,RNF,90.0,EW,420.0,R,,,,,,,,,,RNF_RNFCS17412S,1741,,-1.1600000000000001,,,,7.32,-0.6500000000000004,,
2023,RNF,CS,RNFCS17412S,12.2,4,0.0,1.8,1.67,7.84,GHW,SO4,412,2.7,1.5,247.0,2017.0,RNF,90.0,EW,420.0,R,,,,,,,,,,RNF_RNFCS17412S,1741,,-0.13000000000000012,,,,9.0,-1.1600000000000001,,
2024,RNF,CS,RNFCS17412S,12.2,4,0.0,4.0,1.88,1.67,GHW,SO4,412,2.7,1.5,247.0,2017.0,RNF,90.0,EW,420.0,R,,,,,,,,,,RNF_RNFCS17412S,1741,,-2.12,,,,1.8,-0.13000000000000012,,
2025,RNF,CS,RNFCS17412S,12.2,3,0.0,1.0,0.46,1.88,GHW,SO4,412,2.7,1.5,247.0,2017.0,RNF,90.0,EW,420.0,R,,,,,,,,,,RNF_RNFCS17412S,1741,,-0.54,,,,4.0,-2.12,,
2020,RNF,CS,RNFCS17412SW,11.93,0,-0.03,6.0,0.0,,,,,,,,,,,,,,0.0,202.0,,,,,,,,RNF_RNFCS17412SW,1741,,-6.0,,202.0,,,,,
2022,RNS,CS,RNSCS04,30.0,0,0.0,0.0,0.0,,,,,,,,,,,,,,0.0,0.0,,,,,,,,RNS_RNSCS04,04,,0.0,,0.0,,,,,
2022,SAS,CS,SASCS,30.0,0,0.0,26.0,30.1,,,,,,,,,,,,,,0.0,0.0,,,,,,,,SAS_SASCS,,,4.100000000000001,,0.0,,,,,
2023,SAS,CS,SASCS,30.0,0,0.0,0.0,0.0,30.1,,,,,,,,,,,,,0.0,0.0,,,,,,,,SAS_SASCS,,,0.0,,0.0,,26.0,4.100000000000001,0.0,0.0
2023,SHA,CS,SHACS21338S,8.5,0,0.0,0.0,0.0,,GHW,SO4,338,2.5,1.5,267.0,2021.0,ORT,128.0,NWSE,865.0,R,0.0,0.0,,,,,,,,SHA_SHACS21338S,2133,,0.0,0.0,0.0,,,,,
2024,SHA,CS,SHACS21338S,8.5,2,0.0,5.0,1.94,0.0,GHW,SO4,338,2.5,1.5,267.0,2021.0,ORT,128.0,NWSE,865.0,R,0.0,0.0,,,,,,,,SHA_SHACS21338S,2133,,-3.06,0.0,0.0,,0.0,0.0,0.0,0.0
2025,SHA,CS,SHACS21338S,8.5,3,0.0,3.0,4.96,1.94,GHW,SO4,338,2.5,1.5,267.0,2021.0,ORT,128.0,NWSE,865.0,R,0.0,0.0,,,,,,,,SHA_SHACS21338S,2133,,1.96,0.0,0.0,,5.0,-3.06,0.0,0.0
2021,YEK,CS,GMWCSPV17,2.5,0,0.0,0.0,0.34,,GALIL,,,0.0,0.0,0.0,2017.0,,0.0,,0.0,R,0.0,0.0,,,,,,,,YEK_GMWCSPV17,17,,0.34,,0.0,,,,,
2022,YEK,CS,GMWCSPV17,2.5,0,0.0,0.0,1.34,0.34,GALIL,,,0.0,0.0,0.0,2017.0,,0.0,,0.0,R,0.0,190.0,,,,,,,,YEK_GMWCSPV17,17,,1.34,,190.0,,0.0,0.34,0.0,190.0
2023,YEK,CS,GMWCSPV17,2.5,0,0.0,0.0,0.0,1.34,GALIL,,,0.0,0.0,0.0,2017.0,,0.0,,0.0,R,0.0,0.0,,,,,,,,YEK_GMWCSPV17,17,,0.0,,0.0,,0.0,1.34,190.0,-190.0
2024,YEK,CS,GMWCSPV17,2.5,0,0.0,0.0,1.14,0.0,GALIL,,,0.0,0.0,0.0,2017.0,,0.0,,0.0,R,0.0,0.0,,,,,,,,YEK_GMWCSPV17,17,,1.14,,0.0,,0.0,0.0,0.0,0.0
2025,YEK,CS,GMWCSPV17,2.5,0,0.0,0.0,0.54,1.14,GALIL,,,0.0,0.0,0.0,2017.0,,0.0,,0.0,R,0.0,0.0,,,,,,,,YEK_GMWCSPV17,17,,0.54,,0.0,,0.0,1.14,0.0,0.0
2020,YFT,CS,YFTCS05N,13.48,0,0.0,0.0,12.52,,,,,,,,,,,,,,0.0,0.0,,,,,,,,YFT_YFTCS05N,05,,12.52,,0.0,,,,,
2021,YFT,CS,YFTCS05N,13.48,0,0.0,0.0,10.42,12.52,,,,,,,,,,,,,0.0,0.0,,,,,,,,YFT_YFTCS05N,05,,10.42,,0.0,,0.0,12.52,0.0,0.0
2022,YFT,CS,YFTCS05N,13.48,0,0.0,0.0,0.0,10.42,,,,,,,,,,,,,0.0,0.0,,,,,,,,YFT_YFTCS05N,05,,0.0,,0.0,,0.0,10.42,0.0,0.0
2020,YFT,CS,YFTCS05N18,15.6,0,0.0,0.0,0.0,,,,,,,,,,,,,,0.0,0.0,,,,,,,,YFT_YFTCS05N18,05,,0.0,,0.0,,,,,
2020,YFT,CS,YFTCS05S,15.12,0,0.0,0.0,12.7,,,,,,,,,,,,,,0.0,0.0,,,,,,,,YFT_YFTCS05S,05,,12.7,,0.0,,,,,
2021,YFT,CS,YFTCS05S,15.12,0,0.0,0.0,12.52,12.7,,,,,,,,,,,,,0.0,0.0,,,,,,,,YFT_YFTCS05S,05,,12.52,,0.0,,0.0,12.7,0.0,0.0
2022,YFT,CS,YFTCS05S,15.12,0,0.0,0.0,0.0,12.52,,,,,,,,,,,,,0.0,0.0,,,,,,,,YFT_YFTCS05S,05,,0.0,,0.0,,0.0,12.52,0.0,0.0
2020,YFT,CS,YFTCS05W,6.78,0,0.0,0.0,5.68,,,,,,,,,,,,,,0.0,0.0,,,,,,,,YFT_YFTCS05W,05,,5.68,,0.0,,,,,
2021,YFT,CS,YFTCS05W,6.78,0,0.0,0.0,4.74,5.68,,,,,,,,,,,,,0.0,0.0,,,,,,,,YFT_YFTCS05W,05,,4.74,,0.0,,0.0,5.68,0.0,0.0
2022,YFT,CS,YFTCS05W,6.78,0,0.0,0.0,0.0,4.74,,,,,,,,,,,,,0.0,0.0,,,,,,,,YFT_YFTCS05W,05,,0.0,,0.0,,0.0,4.74,0.0,0.0
2020,YFT,CS,YFTCS05W18,4.5,0,0.0,0.0,0.0,,,,,,,,,,,,,,0.0,0.0,,,,,,,,YFT_YFTCS05W18,05,,0.0,,0.0,,,,,
2020,YFT,CS,YFTCS07NE,8.63,0,0.0,0.0,8.38,,GALIL,R110,GOLAN,3.0,1.5,222.0,2007.0,RNF,0.0,N,420.0,R,0.0,146.0,,,,,,,,YFT_YFTCS07NE,07,,8.38,0.0,146.0,0.0,,,,
2021,YFT,CS,YFTCS07NE,8.63,0,0.0,0.0,4.86,8.38,GALIL,R110,GOLAN,3.0,1.5,222.0,2007.0,RNF,0.0,N,420.0,R,0.0,0.0,,,,,,,,YFT_YFTCS07NE,07,,4.86,0.0,0.0,,0.0,8.38,146.0,-146.0
2022,YFT,CS,YFTCS07NE,8.63,0,0.0,0.0,11.44,4.86,GALIL,R110,GOLAN,3.0,1.5,222.0,2007.0,RNF,0.0,N,420.0,R,0.0,134.33,,,,,,,,YFT_YFTCS07NE,07,,11.44,0.0,134.33,0.0,0.0,4.86,0.0,134.33
2023,YFT,CS,YFTCS07NE,8.63,0,0.0,0.0,2.48,11.44,GALIL,R110,GOLAN,3.0,1.5,222.0,2007.0,RNF,0.0,N,420.0,R,0.0,0.0,,,,,,,,YFT_YFTCS07NE,07,,2.48,0.0,0.0,,0.0,11.44,134.33,-134.33
2024,YFT,CS,YFTCS07NE,8.63,0,0.0,0.0,0.0,2.48,GALIL,R110,GOLAN,3.0,1.5,222.0,2007.0,RNF,0.0,N,420.0,R,0.0,0.0,,,,,,,,YFT_YFTCS07NE,07,,0.0,0.0,0.0,,0.0,2.48,0.0,0.0
2025,YFT,CS,YFTCS07NE,8.63,0,0.0,0.0,0.0,0.0,GALIL,R110,GOLAN,3.0,1.5,222.0,2007.0,RNF,0.0,N,420.0,R,0.0,0.0,,,,,,,,YFT_YFTCS07NE,07,,0.0,0.0,0.0,,0.0,0.0,0.0,0.0
2020,YFT,CS,YFTCS07NW,8.16,0,0.0,0.0,7.64,,GALIL,R110,GOLAN,3.0,1.5,222.0,2007.0,RNF,0.0,N,420.0,R,0.0,128.0,,,,,,,,YFT_YFTCS07NW,07,,7.64,0.0,128.0,0.0,,,,
2021,YFT,CS,YFTCS07NW,8.16,0,0.0,0.0,5.18,7.64,GALIL,R110,GOLAN,3.0,1.5,222.0,2007.0,RNF,0.0,N,420.0,R,0.0,0.0,,,,,,,,YFT_YFTCS07NW,07,,5.18,0.0,0.0,,0.0,7.64,128.0,-128.0
2022,YFT,CS,YFTCS07NW,8.16,0,0.0,0.0,9.58,5.18,GALIL,R110,GOLAN,3.0,1.5,222.0,2007.0,RNF,0.0,N,420.0,R,0.0,136.33,,,,,,,,YFT_YFTCS07NW,07,,9.58,0.0,136.33,0.0,0.0,5.18,0.0,136.33
2023,YFT,CS,YFTCS07NW,8.16,0,0.0,0.0,2.08,9.58,GALIL,R110,GOLAN,3.0,1.5,222.0,2007.0,RNF,0.0,N,420.0,R,0.0,0.0,,,,,,,,YFT_YFTCS07NW,07,,2.08,0.0,0.0,,0.0,9.58,136.33,-136.33
2024,YFT,CS,YFTCS07NW,8.16,0,0.0,0.0,0.0,2.08,GALIL,R110,GOLAN,3.0,1.5,222.0,2007.0,RNF,0.0,N,420.0,R,0.0,0.0,,,,,,,,YFT_YFTCS07NW,07,,0.0,0.0,0.0,,0.0,2.08,0.0,0.0
2025,YFT,CS,YFTCS07NW,8.16,0,0.0,0.0,0.0,0.0,GALIL,R110,GOLAN,3.0,1.5,222.0,2007.0,RNF,0.0,N,420.0,R,0.0,0.0,,,,,,,,YFT_YFTCS07NW,07,,0.0,0.0,0.0,,0.0,0.0,0.0,0.0
2020,YFT,CS,YFTCS07SE,8.96,0,0.0,0.0,8.7,,GALIL,R110,GOLAN,3.0,1.5,222.0,2007.0,RNF,0.0,N,420.0,R,0.0,119.0,,,,,,,,YFT_YFTCS07SE,07,,8.7,0.0,119.0,0.0,,,,
2021,YFT,CS,YFTCS07SE,8.96,0,0.0,0.0,5.9,8.7,GALIL,R110,GOLAN,3.0,1.5,222.0,2007.0,RNF,0.0,N,420.0,R,0.0,0.0,,,,,,,,YFT_YFTCS07SE,07,,5.9,0.0,0.0,,0.0,8.7,119.0,-119.0
2022,YFT,CS,YFTCS07SE,8.96,0,0.0,0.0,12.6,5.9,GALIL,R110,GOLAN,3.0,1.5,222.0,2007.0,RNF,0.0,N,420.0,R,0.0,140.0,,,,,,,,YFT_YFTCS07SE,07,,12.6,0.0,140.0,0.0,0.0,5.9,0.0,140.0
2023,YFT,CS,YFTCS07SE,8.96,0,0.0,0.0,3.66,12.6,GALIL,R110,GOLAN,3.0,1.5,222.0,2007.0,RNF,0.0,N,420.0,R,0.0,0.0,,,,,,,,YFT_YFTCS07SE,07,,3.66,0.0,0.0,,0.0,12.6,140.0,-140.0
2024,YFT,CS,YFTCS07SE,8.96,0,0.0,0.0,0.0,3.66,GALIL,R110,GOLAN,3.0,1.5,222.0,2007.0,RNF,0.0,N,420.0,R,0.0,0.0,,,,,,,,YFT_YFTCS07SE,07,,0.0,0.0,0.0,,0.0,3.66,0.0,0.0
2025,YFT,CS,YFTCS07SE,8.96,0,0.0,0.0,0.0,0.0,GALIL,R110,GOLAN,3.0,1.5,222.0,2007.0,RNF,0.0,N,420.0,R,0.0,0.0,,,,,,,,YFT_YFTCS07SE,07,,0.0,0.0,0.0,,0.0,0.0,0.0,0.0
2020,YFT,CS,YFTCS07SW,8.92,0,0.0,0.0,10.76,,GALIL,R110,GOLAN,3.0,1.5,222.0,2007.0,RNF,0.0,N,420.0,R,0.0,161.0,,,,,,,,YFT_YFTCS07SW,07,,10.76,0.0,161.0,0.0,,,,
2021,YFT,CS,YFTCS07SW,8.92,0,0.0,0.0,6.78,10.76,GALIL,R110,GOLAN,3.0,1.5,222.0,2007.0,RNF,0.0,N,420.0,R,0.0,0.0,,,,,,,,YFT_YFTCS07SW,07,,6.78,0.0,0.0,,0.0,10.76,161.0,-161.0
2022,YFT,CS,YFTCS07SW,8.92,0,0.0,0.0,12.9,6.78,GALIL,R110,GOLAN,3.0,1.5,222.0,2007.0,RNF,0.0,N,420.0,R,0.0,142.0,,,,,,,,YFT_YFTCS07SW,07,,12.9,0.0,142.0,0.0,0.0,6.78,0.0,142.0
2023,YFT,CS,YFTCS07SW,8.92,0,0.0,0.0,2.84,12.9,GALIL,R110,GOLAN,3.0,1.5,222.0,2007.0,RNF,0.0,N,420.0,R,0.0,0.0,,,,,,,,YFT_YFTCS07SW,07,,2.84,0.0,0.0,,0.0,12.9,142.0,-142.0
2024,YFT,CS,YFTCS07SW,8.92,0,0.0,0.0,0.0,2.84,GALIL,R110,GOLAN,3.0,1.5,222.0,2007.0,RNF,0.0,N,420.0,R,0.0,0.0,,,,,,,,YFT_YFTCS07SW,07,,0.0,0.0,0.0,,0.0,2.84,0.0,0.0
2025,YFT,CS,YFTCS07SW,8.92,0,0.0,0.0,0.0,0.0,GALIL,R110,GOLAN,3.0,1.5,222.0,2007.0,RNF,0.0,N,420.0,R,0.0,0.0,,,,,,,,YFT_YFTCS07SW,07,,0.0,0.0,0.0,,0.0,0.0,0.0,0.0
2020,YFT,CS,YFTCS09338RE,6.42,0,0.0,0.0,10.74,,GALIL,R110,338,3.0,1.5,222.0,2009.0,RNF,0.0,E,420.0,R,0.0,217.0,,,,,,,,YFT_YFTCS09338RE,0933,,10.74,0.0,217.0,0.0,,,,
2021,YFT,CS,YFTCS09338RE,6.42,0,0.0,0.0,6.22,10.74,GALIL,R110,338,3.0,1.5,222.0,2009.0,RNF,0.0,E,420.0,R,0.0,0.0,,,,,,,,YFT_YFTCS09338RE,0933,,6.22,0.0,0.0,,0.0,10.74,217.0,-217.0
2022,YFT,CS,YFTCS09338RE,6.42,0,0.0,0.0,11.72,6.22,GALIL,R110,338,3.0,1.5,222.0,2009.0,RNF,0.0,E,420.0,R,0.0,173.0,,,,,,,,YFT_YFTCS09338RE,0933,,11.72,0.0,173.0,0.0,0.0,6.22,0.0,173.0
2023,YFT,CS,YFTCS09338RE,6.42,0,0.0,0.0,3.06,11.72,GALIL,R110,338,3.0,1.5,222.0,2009.0,RNF,0.0,E,420.0,R,0.0,0.0,,,,,,,,YFT_YFTCS09338RE,0933,,3.06,0.0,0.0,,0.0,11.72,173.0,-173.0
2024,YFT,CS,YFTCS09338RE,6.42,0,0.0,0.0,0.0,3.06,GALIL,R110,338,3.0,1.5,222.0,2009.0,RNF,0.0,E,420.0,R,0.0,0.0,,,,,,,,YFT_YFTCS09338RE,0933,,0.0,0.0,0.0,,0.0,3.06,0.0,0.0
2025,YFT,CS,YFTCS09338RE,6.42,0,0.0,0.0,0.0,0.0,GALIL,R110,338,3.0,1.5,222.0,2009.0,RNF,0.0,E,420.0,R,0.0,0.0,,,,,,,,YFT_YFTCS09338RE,0933,,0.0,0.0,0.0,,0.0,0.0,0.0,0.0
2020,YFT,CS,YFTCS09338RW,11.1,0,0.0,0.0,18.78,,GALIL,R110,338,3.0,1.5,222.0,2009.0,RNF,0.0,E,420.0,R,0.0,247.0,,,,,,,,YFT_YFTCS09338RW,0933,,18.78,0.0,247.0,0.0,,,,
2021,YFT,CS,YFTCS09338RW,11.1,0,0.0,0.0,11.02,18.78,GALIL,R110,338,3.0,1.5,222.0,2009.0,RNF,0.0,E,420.0,R,0.0,0.0,,,,,,,,YFT_YFTCS09338RW,0933,,11.02,0.0,0.0,,0.0,18.78,247.0,-247.0
2022,YFT,CS,YFTCS09338RW,11.1,0,0.0,0.0,19.06,11.02,GALIL,R110,338,3.0,1.5,222.0,2009.0,RNF,0.0,E,420.0,R,0.0,184.0,,,,,,,,YFT_YFTCS09338RW,0933,,19.06,0.0,184.0,0.0,0.0,11.02,0.0,184.0
2023,YFT,CS,YFTCS09338RW,11.1,0,0.0,0.0,4.8,19.06,GALIL,R110,338,3.0,1.5,222.0,2009.0,RNF,0.0,E,420.0,R,0.0,0.0,,,,,,,,YFT_YFTCS09338RW,0933,,4.8,0.0,0.0,,0.0,19.06,184.0,-184.0
2024,YFT,CS,YFTCS09338RW,11.1,0,0.0,0.0,0.0,4.8,GALIL,R110,338,3.0,1.5,222.0,2009.0,RNF,0.0,E,420.0,R,0.0,0.0,,,,,,,,YFT_YFTCS09338RW,0933,,0.0,0.0,0.0,,0.0,4.8,0.0,0.0
2025,YFT,CS,YFTCS09338RW,11.1,0,0.0,0.0,0.0,0.0,GALIL,R110,338,3.0,1.5,222.0,2009.0,RNF,0.0,E,420.0,R,0.0,0.0,,,,,,,,YFT_YFTCS09338RW,0933,,0.0,0.0,0.0,,0.0,0.0,0.0,0.0
2023,YFT,CS,YFTCS2315SO4,20.0,0,0.0,0.0,0.0,,GALIL,SO4,15,3.0,1.5,0.0,2023.0,RNF,0.0,,420.0,R,0.0,0.0,,,,,,,,YFT_YFTCS2315SO4,2315,,0.0,,0.0,,,,,
2024,YFT,CS,YFTCS2315SO4,20.0,0,0.0,0.0,0.0,0.0,GALIL,SO4,15,3.0,1.5,0.0,2023.0,RNF,0.0,,420.0,R,0.0,0.0,,,,,,,,YFT_YFTCS2315SO4,2315,,0.0,,0.0,,0.0,0.0,0.0,0.0
2025,YFT,CS,YFTCS2315SO4,20.0,0,0.0,0.0,0.0,0.0,GALIL,SO4,15,3.0,1.5,0.0,2023.0,RNF,0.0,,420.0,R,0.0,0.0,,,,,,,,YFT_YFTCS2315SO4,2315,,0.0,,0.0,,0.0,0.0,0.0,0.0
2020,YOG,CS,YONCS09169P,12.1,0,0.0,10.0,0.0,,,,,,,,,,,,,,26.0,0.0,,,,,,,,YOG_YONCS09169P,0916,,-10.0,,0.0,,,,,
2020,YOG,CS,YONCS09169PF,4.39,3,0.3,0.0,5.8,,GHW,PAUL1103,169,2.5,1.5,267.0,2009.0,YNT,90.0,EW,700.0,R,0.0,0.0,24.572638436482084,12.866449511400651,2.2133224755700325,600.8,2728.0,933.472312703583,-2849.0,YOG_YONCS09169PF,0916,,5.8,0.0,0.0,,,,,
2021,YOG,CS,YONCS09169PF,4.39,0,0.0,5.27,4.34,5.8,GHW,PAUL1103,169,2.5,1.5,267.0,2009.0,YNT,90.0,EW,700.0,R,22.0,0.0,23.774202898550726,12.006956521739129,2.089246376811594,531.6,2929.0,856.5159420289855,-2773.0,YOG_YONCS09169PF,0916,,-0.9299999999999997,0.004692312286179861,0.0,,0.0,5.8,0.0,0.0
2022,YOG,CS,YONCS09169PF,4.39,3,0.0,5.0,6.34,4.34,GHW,PAUL1103,169,2.5,1.5,267.0,2009.0,YNT,90.0,EW,700.0,R,30.0,167.0,22.993972602739724,11.737260273972604,1.931945205479452,565.6,2547.0,853.5013698630137,-2638.0,YOG_YONCS09169PF,0916,,1.3399999999999999,0.006398607662972538,167.0,3.831501594594334e-05,5.27,-0.9299999999999997,0.0,167.0
2023,YOG,CS,YONCS09169PF,4.39,4,0.0,5.3,5.12,6.34,GHW,PAUL1103,169,2.5,1.5,267.0,2009.0,YNT,90.0,EW,700.0,R,22.0,0.0,23.792876712328766,12.633150684931508,2.0255068493150685,702.4,2625.0,840.6630136986302,-3216.0,YOG_YONCS09169PF,0916,,-0.17999999999999972,0.004692312286179861,0.0,,5.0,1.3399999999999999,167.0,-167.0
2024,YOG,CS,YONCS09169PF,4.39,3,0.0,4.0,2.3,5.12,GHW,PAUL1103,169,2.5,1.5,267.0,2009.0,YNT,90.0,EW,700.0,R,16.0,0.0,23.59535519125683,12.800819672131148,1.9520218579234971,662.6,2680.0,826.1639344262295,-3168.0,YOG_YONCS09169PF,0916,,-1.7000000000000002,0.0034125907535853535,0.0,,5.3,-0.17999999999999972,0.0,0.0
2025,YOG,CS,YONCS09169PF,4.39,4,0.0,3.0,2.16,2.3,GHW,PAUL1103,169,2.5,1.5,267.0,2009.0,YNT,90.0,EW,700.0,R,0.0,0.0,24.061643835616437,12.527397260273972,2.161808219178082,233.6,2670.0,798.613698630137,-3325.0,YOG_YONCS09169PF,0916,,-0.8399999999999999,0.0,0.0,,4.0,-1.7000000000000002,0.0,0.0
2024,YOG,CS,YONCS09169PFB,0.0,0,0.0,0.0,0.0,,,,,,,,,,,,,,0.0,0.0,,,,,,,,YOG_YONCS09169PFB,0916,,0.0,,0.0,,,,,
2025,YOG,CS,YONCS09169PFB,0.0,0,0.0,0.0,0.0,0.0,,,,,,,,,,,,,0.0,0.0,,,,,,,,YOG_YONCS09169PFB,0916,,0.0,,0.0,,0.0,0.0,0.0,0.0
2020,YOG,CS,YONCS09169PI,7.71,3,0.24,0.0,5.88,,GHW,PAUL1103,169,2.5,1.5,267.0,2009.0,YNT,90.0,EW,700.0,R,0.0,72.0,24.572638436482084,12.866449511400651,2.2133224755700325,600.8,2728.0,933.472312703583,-2849.0,YOG_YONCS09169PI,0916,,5.88,0.0,72.0,0.0,,,,
2021,YOG,CS,YONCS09169PI,7.71,0,0.0,8.48,5.86,5.88,GHW,PAUL1103,169,2.5,1.5,267.0,2009.0,YNT,90.0,EW,700.0,R,25.0,129.0,23.774202898550726,12.006956521739129,2.089246376811594,531.6,2929.0,856.5159420289855,-2773.0,YOG_YONCS09169PI,0916,,-2.62,0.0030360881582846343,129.0,2.3535567118485535e-05,0.0,5.88,72.0,57.0
2022,YOG,CS,YONCS09169PI,7.71,4,0.0,7.0,8.09,5.86,GHW,PAUL1103,169,2.5,1.5,267.0,2009.0,YNT,90.0,EW,700.0,R,28.0,113.0,22.993972602739724,11.737260273972604,1.931945205479452,565.6,2547.0,853.5013698630137,-2638.0,YOG_YONCS09169PI,0916,,1.0899999999999999,0.00340041873727879,113.0,3.009220121485655e-05,8.48,-2.62,129.0,-16.0
2023,YOG,CS,YONCS09169PI,7.71,3,0.0,6.6,6.3,8.09,GHW,PAUL1103,169,2.5,1.5,267.0,2009.0,YNT,90.0,EW,700.0,R,22.0,0.0,23.792876712328766,12.633150684931508,2.0255068493150685,702.4,2625.0,840.6630136986302,-3216.0,YOG_YONCS09169PI,0916,,-0.2999999999999998,0.0026717575792904783,0.0,,7.0,1.0899999999999999,113.0,-113.0
2024,YOG,CS,YONCS09169PI,7.71,3,0.0,6.0,4.18,6.3,GHW,PAUL1103,169,2.5,1.5,267.0,2009.0,YNT,90.0,EW,700.0,R,16.0,0.0,23.59535519125683,12.800819672131148,1.9520218579234971,662.6,2680.0,826.1639344262295,-3168.0,YOG_YONCS09169PI,0916,,-1.8200000000000003,0.001943096421302166,0.0,,6.6,-0.2999999999999998,0.0,0.0
2025,YOG,CS,YONCS09169PI,7.71,4,0.0,6.0,5.18,4.18,GHW,PAUL1103,169,2.5,1.5,267.0,2009.0,YNT,90.0,EW,700.0,R,0.0,0.0,24.061643835616437,12.527397260273972,2.161808219178082,233.6,2670.0,798.613698630137,-3325.0,YOG_YONCS09169PI,0916,,-0.8200000000000003,0.0,0.0,,6.0,-1.8200000000000003,0.0,0.0
2020,YOG,CS,YONCS09338PE,15.4,3,0.0,16.0,11.84,,GHW,PAUL1103,338,2.5,1.5,267.0,2009.0,YNT,90.0,EW,700.0,R,26.0,0.0,24.572638436482084,12.866449511400651,2.2133224755700325,600.8,2728.0,933.472312703583,-2849.0,YOG_YONCS09338PE,0933,,-4.16,0.0015808161875577604,0.0,,,,,
2021,YOG,CS,YONCS09338PE,15.4,0,0.0,16.04,14.6,11.84,GHW,PAUL1103,338,2.5,1.5,267.0,2009.0,YNT,90.0,EW,700.0,R,27.0,0.0,23.774202898550726,12.006956521739129,2.089246376811594,531.6,2929.0,856.5159420289855,-2773.0,YOG_YONCS09338PE,0933,,-1.4399999999999995,0.001641616810156136,0.0,,16.0,-4.16,0.0,0.0
2022,YOG,CS,YONCS09338PE,15.4,4,0.0,15.0,15.23,14.6,GHW,PAUL1103,338,2.5,1.5,267.0,2009.0,YNT,90.0,EW,700.0,R,25.0,0.0,22.993972602739724,11.737260273972604,1.931945205479452,565.6,2547.0,853.5013698630137,-2638.0,YOG_YONCS09338PE,0933,,0.23000000000000043,0.001520015564959385,0.0,,16.04,-1.4399999999999995,0.0,0.0
2023,YOG,CS,YONCS09338PE,15.4,4,0.0,15.3,13.39,15.23,GHW,PAUL1103,338,2.5,1.5,267.0,2009.0,YNT,90.0,EW,700.0,R,22.0,0.0,23.792876712328766,12.633150684931508,2.0255068493150685,702.4,2625.0,840.6630136986302,-3216.0,YOG_YONCS09338PE,0933,,-1.9100000000000001,0.001337613697164259,0.0,,15.0,0.23000000000000043,0.0,0.0
2024,YOG,CS,YONCS09338PE,15.4,3,0.0,14.0,10.34,13.39,GHW,PAUL1103,338,2.5,1.5,267.0,2009.0,YNT,90.0,EW,700.0,R,0.0,0.0,23.59535519125683,12.800819672131148,1.9520218579234971,662.6,2680.0,826.1639344262295,-3168.0,YOG_YONCS09338PE,0933,,-3.66,0.0,0.0,,15.3,-1.9100000000000001,0.0,0.0
2025,YOG,CS,YONCS09338PE,15.4,4,0.0,9.0,8.26,10.34,GHW,PAUL1103,338,2.5,1.5,267.0,2009.0,YNT,90.0,EW,700.0,R,0.0,0.0,24.061643835616437,12.527397260273972,2.161808219178082,233.6,2670.0,798.613698630137,-3325.0,YOG_YONCS09338PE,0933,,-0.7400000000000002,0.0,0.0,,14.0,-3.66,0.0,0.0
2020,YOG,CS,YONCS09338PEF,0.0,0,0.34,0.0,0.0,,GHW,PAUL1103,338,2.5,1.5,267.0,2009.0,YNT,90.0,EW,700.0,R,0.0,0.0,24.572638436482084,12.866449511400651,2.2133224755700325,600.8,2728.0,933.472312703583,-2849.0,YOG_YONCS09338PEF,0933,,0.0,,0.0,,,,,
2021,YOG,CS,YONCS09338PEF,0.0,0,0.0,0.0,0.0,0.0,GHW,PAUL1103,338,2.5,1.5,267.0,2009.0,YNT,90.0,EW,700.0,R,0.0,0.0,23.774202898550726,12.006956521739129,2.089246376811594,531.6,2929.0,856.5159420289855,-2773.0,YOG_YONCS09338PEF,0933,,0.0,,0.0,,0.0,0.0,0.0,0.0
2022,YOG,CS,YONCS09338PEF,0.0,0,0.0,0.0,0.0,0.0,GHW,PAUL1103,338,2.5,1.5,267.0,2009.0,YNT,90.0,EW,700.0,R,0.0,0.0,22.993972602739724,11.737260273972604,1.931945205479452,565.6,2547.0,853.5013698630137,-2638.0,YOG_YONCS09338PEF,0933,,0.0,,0.0,,0.0,0.0,0.0,0.0
2023,YOG,CS,YONCS09338PEF,0.0,0,0.0,0.0,0.0,0.0,GHW,PAUL1103,338,2.5,1.5,267.0,2009.0,YNT,90.0,EW,700.0,R,0.0,0.0,23.792876712328766,12.633150684931508,2.0255068493150685,702.4,2625.0,840.6630136986302,-3216.0,YOG_YONCS09338PEF,0933,,0.0,,0.0,,0.0,0.0,0.0,0.0
2024,YOG,CS,YONCS09338PEF,0.0,0,0.0,0.0,0.0,0.0,GHW,PAUL1103,338,2.5,1.5,267.0,2009.0,YNT,90.0,EW,700.0,R,0.0,0.0,23.59535519125683,12.800819672131148,1.9520218579234971,662.6,2680.0,826.1639344262295,-3168.0,YOG_YONCS09338PEF,0933,,0.0,,0.0,,0.0,0.0,0.0,0.0
2025,YOG,CS,YONCS09338PEF,0.0,0,0.0,0.0,0.0,0.0,GHW,PAUL1103,338,2.5,1.5,267.0,2009.0,YNT,90.0,EW,700.0,R,0.0,0.0,24.061643835616437,12.527397260273972,2.161808219178082,233.6,2670.0,798.613698630137,-3325.0,YOG_YONCS09338PEF,0933,,0.0,,0.0,,0.0,0.0,0.0,0.0
2020,YOG,CS,YONCS09338PEI,0.0,0,0.33,0.0,0.0,,GHW,PAUL1103,338,2.5,1.5,267.0,2009.0,YNT,90.0,EW,700.0,R,0.0,102.0,24.572638436482084,12.866449511400651,2.2133224755700325,600.8,2728.0,933.472312703583,-2849.0,YOG_YONCS09338PEI,0933,,0.0,,102.0,,,,,
2021,YOG,CS,YONCS09338PEI,0.0,0,0.0,0.0,0.0,0.0,GHW,PAUL1103,338,2.5,1.5,267.0,2009.0,YNT,90.0,EW,700.0,R,0.0,0.0,23.774202898550726,12.006956521739129,2.089246376811594,531.6,2929.0,856.5159420289855,-2773.0,YOG_YONCS09338PEI,0933,,0.0,,0.0,,0.0,0.0,102.0,-102.0
2022,YOG,CS,YONCS09338PEI,0.0,0,0.0,0.0,0.0,0.0,GHW,PAUL1103,338,2.5,1.5,267.0,2009.0,YNT,90.0,EW,700.0,R,0.0,137.0,22.993972602739724,11.737260273972604,1.931945205479452,565.6,2547.0,853.5013698630137,-2638.0,YOG_YONCS09338PEI,0933,,0.0,,137.0,,0.0,0.0,0.0,137.0
2023,YOG,CS,YONCS09338PEI,0.0,0,0.0,0.0,0.0,0.0,GHW,PAUL1103,338,2.5,1.5,267.0,2009.0,YNT,90.0,EW,700.0,R,0.0,0.0,23.792876712328766,12.633150684931508,2.0255068493150685,702.4,2625.0,840.6630136986302,-3216.0,YOG_YONCS09338PEI,0933,,0.0,,0.0,,0.0,0.0,137.0,-137.0
2024,YOG,CS,YONCS09338PEI,0.0,0,0.0,0.0,0.0,0.0,GHW,PAUL1103,338,2.5,1.5,267.0,2009.0,YNT,90.0,EW,700.0,R,0.0,0.0,23.59535519125683,12.800819672131148,1.9520218579234971,662.6,2680.0,826.1639344262295,-3168.0,YOG_YONCS09338PEI,0933,,0.0,,0.0,,0.0,0.0,0.0,0.0
2025,YOG,CS,YONCS09338PEI,0.0,0,0.0,0.0,0.0,0.0,GHW,PAUL1103,338,2.5,1.5,267.0,2009.0,YNT,90.0,EW,700.0,R,0.0,0.0,24.061643835616437,12.527397260273972,2.161808219178082,233.6,2670.0,798.613698630137,-3325.0,YOG_YONCS09338PEI,0933,,0.0,,0.0,,0.0,0.0,0.0,0.0
2020,YOG,CS,YONCS09338PWZ,10.4,3,0.0,10.0,6.19,,GHW,PAUL1103,338,2.5,1.5,267.0,2009.0,YNT,90.0,EW,700.0,R,27.0,0.0,24.572638436482084,12.866449511400651,2.2133224755700325,600.8,2728.0,933.472312703583,-2849.0,YOG_YONCS09338PWZ,0933,,-3.8099999999999996,0.00243085566119274,0.0,,,,,
2021,YOG,CS,YONCS09338PWZ,10.4,0,0.0,8.84,8.19,6.19,GHW,PAUL1103,338,2.5,1.5,267.0,2009.0,YNT,90.0,EW,700.0,R,23.0,0.0,23.774202898550726,12.006956521739129,2.089246376811594,531.6,2929.0,856.5159420289855,-2773.0,YOG_YONCS09338PWZ,0933,,-0.6500000000000004,0.002070728896571593,0.0,,10.0,-3.8099999999999996,0.0,0.0
2022,YOG,CS,YONCS09338PWZ,10.4,4,0.0,12.0,0.0,8.19,GHW,PAUL1103,338,2.5,1.5,267.0,2009.0,YNT,90.0,EW,700.0,R,37.0,0.0,22.993972602739724,11.737260273972604,1.931945205479452,565.6,2547.0,853.5013698630137,-2638.0,YOG_YONCS09338PWZ,0933,,-12.0,0.0033311725727456064,0.0,,8.84,-0.6500000000000004,0.0,0.0
2023,YOG,CS,YONCS09338PWZ,10.4,4,0.0,10.4,7.88,0.0,GHW,PAUL1103,338,2.5,1.5,267.0,2009.0,YNT,90.0,EW,700.0,R,24.0,0.0,23.792876712328766,12.633150684931508,2.0255068493150685,702.4,2625.0,840.6630136986302,-3216.0,YOG_YONCS09338PWZ,0933,,-2.5200000000000005,0.0021607605877268796,0.0,,12.0,-12.0,0.0,0.0
2024,YOG,CS,YONCS09338PWZ,10.4,3,0.0,8.0,5.3,7.88,GHW,PAUL1103,338,2.5,1.5,267.0,2009.0,YNT,90.0,EW,700.0,R,19.0,0.0,23.59535519125683,12.800819672131148,1.9520218579234971,662.6,2680.0,826.1639344262295,-3168.0,YOG_YONCS09338PWZ,0933,,-2.7,0.0017106021319504465,0.0,,10.4,-2.5200000000000005,0.0,0.0
2025,YOG,CS,YONCS09338PWZ,10.4,4,0.0,4.0,3.2,5.3,GHW,PAUL1103,338,2.5,1.5,267.0,2009.0,YNT,90.0,EW,700.0,R,0.0,0.0,24.061643835616437,12.527397260273972,2.161808219178082,233.6,2670.0,798.613698630137,-3325.0,YOG_YONCS09338PWZ,0933,,-0.7999999999999998,0.0,0.0,,8.0,-2.7,0.0,0.0
2020,YOG,CS,YONCS09338PWZF,0.0,0,0.36,0.0,0.0,,GHW,PAUL1103,338,2.5,1.5,267.0,2009.0,YNT,90.0,EW,700.0,R,0.0,0.0,24.572638436482084,12.866449511400651,2.2133224755700325,600.8,2728.0,933.472312703583,-2849.0,YOG_YONCS09338PWZF,0933,,0.0,,0.0,,,,,
2021,YOG,CS,YONCS09338PWZF,0.0,0,0.0,0.0,0.0,0.0,GHW,PAUL1103,338,2.5,1.5,267.0,2009.0,YNT,90.0,EW,700.0,R,0.0,0.0,23.774202898550726,12.006956521739129,2.089246376811594,531.6,2929.0,856.5159420289855,-2773.0,YOG_YONCS09338PWZF,0933,,0.0,,0.0,,0.0,0.0,0.0,0.0
2022,YOG,CS,YONCS09338PWZF,0.0,0,0.0,0.0,9.04,0.0,GHW,PAUL1103,338,2.5,1.5,267.0,2009.0,YNT,90.0,EW,700.0,R,0.0,0.0,22.993972602739724,11.737260273972604,1.931945205479452,565.6,2547.0,853.5013698630137,-2638.0,YOG_YONCS09338PWZF,0933,,9.04,,0.0,,0.0,0.0,0.0,0.0
2023,YOG,CS,YONCS09338PWZF,0.0,0,0.0,0.0,0.0,9.04,GHW,PAUL1103,338,2.5,1.5,267.0,2009.0,YNT,90.0,EW,700.0,R,0.0,0.0,23.792876712328766,12.633150684931508,2.0255068493150685,702.4,2625.0,840.6630136986302,-3216.0,YOG_YONCS09338PWZF,0933,,0.0,,0.0,,0.0,9.04,0.0,0.0
2024,YOG,CS,YONCS09338PWZF,0.0,0,0.0,0.0,0.0,0.0,GHW,PAUL1103,338,2.5,1.5,267.0,2009.0,YNT,90.0,EW,700.0,R,0.0,0.0,23.59535519125683,12.800819672131148,1.9520218579234971,662.6,2680.0,826.1639344262295,-3168.0,YOG_YONCS09338PWZF,0933,,0.0,,0.0,,0.0,0.0,0.0,0.0
2025,YOG,CS,YONCS09338PWZF,0.0,0,0.0,0.0,0.0,0.0,GHW,PAUL1103,338,2.5,1.5,267.0,2009.0,YNT,90.0,EW,700.0,R,0.0,0.0,24.061643835616437,12.527397260273972,2.161808219178082,233.6,2670.0,798.613698630137,-3325.0,YOG_YONCS09338PWZF,0933,,0.0,,0.0,,0.0,0.0,0.0,0.0
2020,YOG,CS,YONCS09338PWZI,0.0,0,0.35,0.0,0.0,,GHW,PAUL1103,338,2.5,1.5,267.0,2009.0,YNT,90.0,EW,700.0,R,0.0,96.0,24.572638436482084,12.866449511400651,2.2133224755700325,600.8,2728.0,933.472312703583,-2849.0,YOG_YONCS09338PWZI,0933,,0.0,,96.0,,,,,
2021,YOG,CS,YONCS09338PWZI,0.0,0,0.0,0.0,0.0,0.0,GHW,PAUL1103,338,2.5,1.5,267.0,2009.0,YNT,90.0,EW,700.0,R,0.0,0.0,23.774202898550726,12.006956521739129,2.089246376811594,531.6,2929.0,856.5159420289855,-2773.0,YOG_YONCS09338PWZI,0933,,0.0,,0.0,,0.0,0.0,96.0,-96.0
2022,YOG,CS,YONCS09338PWZI,0.0,0,0.0,0.0,0.0,0.0,GHW,PAUL1103,338,2.5,1.5,267.0,2009.0,YNT,90.0,EW,700.0,R,0.0,121.0,22.993972602739724,11.737260273972604,1.931945205479452,565.6,2547.0,853.5013698630137,-2638.0,YOG_YONCS09338PWZI,0933,,0.0,,121.0,,0.0,0.0,0.0,121.0
2023,YOG,CS,YONCS09338PWZI,0.0,0,0.0,0.0,0.0,0.0,GHW,PAUL1103,338,2.5,1.5,267.0,2009.0,YNT,90.0,EW,700.0,R,0.0,0.0,23.792876712328766,12.633150684931508,2.0255068493150685,702.4,2625.0,840.6630136986302,-3216.0,YOG_YONCS09338PWZI,0933,,0.0,,0.0,,0.0,0.0,121.0,-121.0
2024,YOG,CS,YONCS09338PWZI,0.0,0,0.0,0.0,0.0,0.0,GHW,PAUL1103,338,2.5,1.5,267.0,2009.0,YNT,90.0,EW,700.0,R,0.0,0.0,23.59535519125683,12.800819672131148,1.9520218579234971,662.6,2680.0,826.1639344262295,-3168.0,YOG_YONCS09338PWZI,0933,,0.0,,0.0,,0.0,0.0,0.0,0.0
2025,YOG,CS,YONCS09338PWZI,0.0,0,0.0,0.0,0.0,0.0,GHW,PAUL1103,338,2.5,1.5,267.0,2009.0,YNT,90.0,EW,700.0,R,0.0,0.0,24.061643835616437,12.527397260273972,2.161808219178082,233.6,2670.0,798.613698630137,-3325.0,YOG_YONCS09338PWZI,0933,,0.0,,0.0,,0.0,0.0,0.0,0.0
2020,YOG,CS,YONCS10169PNE,6.6,3,0.28,4.0,5.78,,GHW,PAUL1103,169,2.5,1.5,267.0,2010.0,YNT,90.0,EW,700.0,R,26.0,184.0,24.572638436482084,12.866449511400651,2.2133224755700325,600.8,2728.0,933.472312703583,-2849.0,YOG_YONCS10169PNE,1016,,1.7800000000000002,0.003688571104301442,184.0,2.0046582088594794e-05,,,,
2021,YOG,CS,YONCS10169PNE,6.6,0,0.0,5.82,5.54,5.78,GHW,PAUL1103,169,2.5,1.5,267.0,2010.0,YNT,90.0,EW,700.0,R,23.0,0.0,23.774202898550726,12.006956521739129,2.089246376811594,531.6,2929.0,856.5159420289855,-2773.0,YOG_YONCS10169PNE,1016,,-0.28000000000000025,0.003262966746112814,0.0,,4.0,1.7800000000000002,184.0,-184.0
2022,YOG,CS,YONCS10169PNE,6.6,3,0.0,8.0,8.4,5.54,GHW,PAUL1103,169,2.5,1.5,267.0,2010.0,YNT,90.0,EW,700.0,R,35.0,219.33,22.993972602739724,11.737260273972604,1.931945205479452,565.6,2547.0,853.5013698630137,-2638.0,YOG_YONCS10169PNE,1016,,0.40000000000000036,0.004965384178867325,219.33,2.2638873746716478e-05,5.82,-0.28000000000000025,0.0,219.33
2023,YOG,CS,YONCS10169PNE,6.6,3,0.0,6.3,6.28,8.4,GHW,PAUL1103,169,2.5,1.5,267.0,2010.0,YNT,90.0,EW,700.0,R,18.0,0.0,23.792876712328766,12.633150684931508,2.0255068493150685,702.4,2625.0,840.6630136986302,-3216.0,YOG_YONCS10169PNE,1016,,-0.019999999999999574,0.0025536261491317675,0.0,,8.0,0.40000000000000036,219.33,-219.33
2024,YOG,CS,YONCS10169PNE,6.6,4,0.0,6.0,3.56,6.28,GHW,PAUL1103,169,2.5,1.5,267.0,2010.0,YNT,90.0,EW,700.0,R,18.0,0.0,23.59535519125683,12.800819672131148,1.9520218579234971,662.6,2680.0,826.1639344262295,-3168.0,YOG_YONCS10169PNE,1016,,-2.44,0.0025536261491317675,0.0,,6.3,-0.019999999999999574,0.0,0.0
2025,YOG,CS,YONCS10169PNE,6.6,4,0.0,5.0,4.56,3.56,GHW,PAUL1103,169,2.5,1.5,267.0,2010.0,YNT,90.0,EW,700.0,R,0.0,0.0,24.061643835616437,12.527397260273972,2.161808219178082,233.6,2670.0,798.613698630137,-3325.0,YOG_YONCS10169PNE,1016,,-0.4400000000000004,0.0,0.0,,6.0,-2.44,0.0,0.0
2020,YOG,CS,YONCS10169PNW,5.5,3,0.25,3.0,3.72,,GHW,PAUL1103,169,2.5,1.5,267.0,2010.0,YNT,90.0,EW,700.0,R,26.0,93.0,24.572638436482084,12.866449511400651,2.2133224755700325,600.8,2728.0,933.472312703583,-2849.0,YOG_YONCS10169PNW,1016,,0.7200000000000002,0.004426285325161729,93.0,4.759446586195408e-05,,,,
2021,YOG,CS,YONCS10169PNW,5.5,0,0.0,4.44,2.5,3.72,GHW,PAUL1103,169,2.5,1.5,267.0,2010.0,YNT,90.0,EW,700.0,R,23.0,0.0,23.774202898550726,12.006956521739129,2.089246376811594,531.6,2929.0,856.5159420289855,-2773.0,YOG_YONCS10169PNW,1016,,-1.9400000000000004,0.003915560095335376,0.0,,3.0,0.7200000000000002,93.0,-93.0
2022,YOG,CS,YONCS10169PNW,5.5,3,0.0,5.0,3.99,2.5,GHW,PAUL1103,169,2.5,1.5,267.0,2010.0,YNT,90.0,EW,700.0,R,35.0,113.66,22.993972602739724,11.737260273972604,1.931945205479452,565.6,2547.0,853.5013698630137,-2638.0,YOG_YONCS10169PNW,1016,,-1.0099999999999998,0.00595846101464079,113.66,5.242355282985035e-05,4.44,-1.9400000000000004,0.0,113.66
2023,YOG,CS,YONCS10169PNW,5.5,4,0.0,3.6,3.47,3.99,GHW,PAUL1103,169,2.5,1.5,267.0,2010.0,YNT,90.0,EW,700.0,R,18.0,0.0,23.792876712328766,12.633150684931508,2.0255068493150685,702.4,2625.0,840.6630136986302,-3216.0,YOG_YONCS10169PNW,1016,,-0.1299999999999999,0.0030643513789581204,0.0,,5.0,-1.0099999999999998,113.66,-113.66
2024,YOG,CS,YONCS10169PNW,5.5,4,0.0,3.5,2.0,3.47,GHW,PAUL1103,169,2.5,1.5,267.0,2010.0,YNT,90.0,EW,700.0,R,18.0,0.0,23.59535519125683,12.800819672131148,1.9520218579234971,662.6,2680.0,826.1639344262295,-3168.0,YOG_YONCS10169PNW,1016,,-1.5,0.0030643513789581204,0.0,,3.6,-0.1299999999999999,0.0,0.0
2025,YOG,CS,YONCS10169PNW,5.5,4,0.0,3.0,1.78,2.0,GHW,PAUL1103,169,2.5,1.5,267.0,2010.0,YNT,90.0,EW,700.0,R,0.0,0.0,24.061643835616437,12.527397260273972,2.161808219178082,233.6,2670.0,798.613698630137,-3325.0,YOG_YONCS10169PNW,1016,,-1.22,0.0,0.0,,3.5,-1.5,0.0,0.0
2020,YOG,CS,YONCS10169PSE,3.1,3,0.23,2.0,3.99,,GHW,PAUL1103,169,2.5,1.5,267.0,2010.0,YNT,90.0,EW,700.0,R,26.0,83.0,24.572638436482084,12.866449511400651,2.2133224755700325,600.8,2728.0,933.472312703583,-2849.0,YOG_YONCS10169PSE,1016,,1.9900000000000002,0.007853086867222423,83.0,9.461550442436654e-05,,,,
2021,YOG,CS,YONCS10169PSE,3.1,0,0.0,3.41,3.28,3.99,GHW,PAUL1103,169,2.5,1.5,267.0,2010.0,YNT,90.0,EW,700.0,R,23.0,0.0,23.774202898550726,12.006956521739129,2.089246376811594,531.6,2929.0,856.5159420289855,-2773.0,YOG_YONCS10169PSE,1016,,-0.13000000000000034,0.006946961459465989,0.0,,2.0,1.9900000000000002,83.0,-83.0
2022,YOG,CS,YONCS10169PSE,3.1,3,0.0,4.0,4.45,3.28,GHW,PAUL1103,169,2.5,1.5,267.0,2010.0,YNT,90.0,EW,700.0,R,35.0,102.0,22.993972602739724,11.737260273972604,1.931945205479452,565.6,2547.0,853.5013698630137,-2638.0,YOG_YONCS10169PSE,1016,,0.4500000000000002,0.010571463090491723,102.0,0.00010364179500482081,3.41,-0.13000000000000034,0.0,102.0
2023,YOG,CS,YONCS10169PSE,3.1,4,0.0,3.9,3.05,4.45,GHW,PAUL1103,169,2.5,1.5,267.0,2010.0,YNT,90.0,EW,700.0,R,19.0,0.0,23.792876712328766,12.633150684931508,2.0255068493150685,702.4,2625.0,840.6630136986302,-3216.0,YOG_YONCS10169PSE,1016,,-0.8500000000000001,0.005738794249124078,0.0,,4.0,0.4500000000000002,102.0,-102.0
2024,YOG,CS,YONCS10169PSE,3.1,4,0.0,2.5,1.36,3.05,GHW,PAUL1103,169,2.5,1.5,267.0,2010.0,YNT,90.0,EW,700.0,R,18.0,0.0,23.59535519125683,12.800819672131148,1.9520218579234971,662.6,2680.0,826.1639344262295,-3168.0,YOG_YONCS10169PSE,1016,,-1.14,0.005436752446538601,0.0,,3.9,-0.8500000000000001,0.0,0.0
2025,YOG,CS,YONCS10169PSE,3.1,4,0.0,2.0,0.82,1.36,GHW,PAUL1103,169,2.5,1.5,267.0,2010.0,YNT,90.0,EW,700.0,R,0.0,0.0,24.061643835616437,12.527397260273972,2.161808219178082,233.6,2670.0,798.613698630137,-3325.0,YOG_YONCS10169PSE,1016,,-1.1800000000000002,0.0,0.0,,2.5,-1.14,0.0,0.0
2020,YOG,CS,YONCS10169PSW,5.5,3,0.26,5.0,5.52,,GHW,PAUL1103,169,2.5,1.5,267.0,2010.0,YNT,90.0,EW,700.0,R,26.0,186.0,24.572638436482084,12.866449511400651,2.2133224755700325,600.8,2728.0,933.472312703583,-2849.0,YOG_YONCS10169PSW,1016,,0.5199999999999996,0.004426285325161729,186.0,2.379723293097704e-05,,,,
2021,YOG,CS,YONCS10169PSW,5.5,0,0.0,5.5,4.4,5.52,GHW,PAUL1103,169,2.5,1.5,267.0,2010.0,YNT,90.0,EW,700.0,R,23.0,0.0,23.774202898550726,12.006956521739129,2.089246376811594,531.6,2929.0,856.5159420289855,-2773.0,YOG_YONCS10169PSW,1016,,-1.0999999999999996,0.003915560095335376,0.0,,5.0,0.5199999999999996,186.0,-186.0
2022,YOG,CS,YONCS10169PSW,5.5,4,0.0,7.0,6.97,4.4,GHW,PAUL1103,169,2.5,1.5,267.0,2010.0,YNT,90.0,EW,700.0,R,35.0,179.66,22.993972602739724,11.737260273972604,1.931945205479452,565.6,2547.0,853.5013698630137,-2638.0,YOG_YONCS10169PSW,1016,,-0.03000000000000025,0.00595846101464079,179.66,3.316520658266053e-05,5.5,-1.0999999999999996,0.0,179.66
2023,YOG,CS,YONCS10169PSW,5.5,4,0.0,6.0,4.79,6.97,GHW,PAUL1103,169,2.5,1.5,267.0,2010.0,YNT,90.0,EW,700.0,R,20.0,0.0,23.792876712328766,12.633150684931508,2.0255068493150685,702.4,2625.0,840.6630136986302,-3216.0,YOG_YONCS10169PSW,1016,,-1.21,0.0034048348655090228,0.0,,7.0,-0.03000000000000025,179.66,-179.66
2024,YOG,CS,YONCS10169PSW,5.5,4,0.0,4.5,2.24,4.79,GHW,PAUL1103,169,2.5,1.5,267.0,2010.0,YNT,90.0,EW,700.0,R,18.0,0.0,23.59535519125683,12.800819672131148,1.9520218579234971,662.6,2680.0,826.1639344262295,-3168.0,YOG_YONCS10169PSW,1016,,-2.26,0.0030643513789581204,0.0,,6.0,-1.21,0.0,0.0
2025,YOG,CS,YONCS10169PSW,5.5,4,0.0,3.0,1.38,2.24,GHW,PAUL1103,169,2.5,1.5,267.0,2010.0,YNT,90.0,EW,700.0,R,0.0,0.0,24.061643835616437,12.527397260273972,2.161808219178082,233.6,2670.0,798.613698630137,-3325.0,YOG_YONCS10169PSW,1016,,-1.62,0.0,0.0,,4.5,-2.26,0.0,0.0
2020,YOG,CS,YONCS10338R,17.4,3,0.0,15.0,14.38,,GHW,R110,338,2.5,1.5,267.0,2010.0,YNT,90.0,EW,700.0,R,24.0,0.0,24.572638436482084,12.866449511400651,2.2133224755700325,600.8,2728.0,933.472312703583,-2849.0,YOG_YONCS10338R,1033,,-0.6199999999999992,0.0012914890869172157,0.0,,,,,
2021,YOG,CS,YONCS10338R,17.4,0,0.0,14.79,15.27,14.38,GHW,R110,338,2.5,1.5,267.0,2010.0,YNT,90.0,EW,700.0,R,21.0,0.0,23.774202898550726,12.006956521739129,2.089246376811594,531.6,2929.0,856.5159420289855,-2773.0,YOG_YONCS10338R,1033,,0.4800000000000004,0.0011300529510525638,0.0,,15.0,-0.6199999999999992,0.0,0.0
2022,YOG,CS,YONCS10338R,17.4,4,0.0,24.0,20.7,15.27,GHW,R110,338,2.5,1.5,267.0,2010.0,YNT,90.0,EW,700.0,R,40.0,0.0,22.993972602739724,11.737260273972604,1.931945205479452,565.6,2547.0,853.5013698630137,-2638.0,YOG_YONCS10338R,1033,,-3.3000000000000007,0.002152481811528693,0.0,,14.79,0.4800000000000004,0.0,0.0
2023,YOG,CS,YONCS10338R,17.4,4,0.0,17.2,16.53,20.7,GHW,R110,338,2.5,1.5,267.0,2010.0,YNT,90.0,EW,700.0,R,19.0,0.0,23.792876712328766,12.633150684931508,2.0255068493150685,702.4,2625.0,840.6630136986302,-3216.0,YOG_YONCS10338R,1033,,-0.6699999999999982,0.001022428860476129,0.0,,24.0,-3.3000000000000007,0.0,0.0
2024,YOG,CS,YONCS10338R,17.4,3,0.0,15.5,12.48,16.53,GHW,R110,338,2.5,1.5,267.0,2010.0,YNT,90.0,EW,700.0,R,21.0,0.0,23.59535519125683,12.800819672131148,1.9520218579234971,662.6,2680.0,826.1639344262295,-3168.0,YOG_YONCS10338R,1033,,-3.0199999999999996,0.0011300529510525638,0.0,,17.2,-0.6699999999999982,0.0,0.0
2025,YOG,CS,YONCS10338R,17.4,4,0.0,10.0,8.5,12.48,GHW,R110,338,2.5,1.5,267.0,2010.0,YNT,90.0,EW,700.0,R,0.0,0.0,24.061643835616437,12.527397260273972,2.161808219178082,233.6,2670.0,798.613698630137,-3325.0,YOG_YONCS10338R,1033,,-1.5,0.0,0.0,,15.5,-3.0199999999999996,0.0,0.0
2020,YOG,CS,YONCS10338RF,0.0,0,0.34,0.0,0.0,,GHW,R110,338,2.5,1.5,267.0,2010.0,YNT,90.0,EW,700.0,R,0.0,0.0,24.572638436482084,12.866449511400651,2.2133224755700325,600.8,2728.0,933.472312703583,-2849.0,YOG_YONCS10338RF,1033,,0.0,,0.0,,,,,
2021,YOG,CS,YONCS10338RF,0.0,0,0.0,0.0,0.0,0.0,GHW,R110,338,2.5,1.5,267.0,2010.0,YNT,90.0,EW,700.0,R,0.0,0.0,23.774202898550726,12.006956521739129,2.089246376811594,531.6,2929.0,856.5159420289855,-2773.0,YOG_YONCS10338RF,1033,,0.0,,0.0,,0.0,0.0,0.0,0.0
2022,YOG,CS,YONCS10338RF,0.0,0,0.0,0.0,0.0,0.0,GHW,R110,338,2.5,1.5,267.0,2010.0,YNT,90.0,EW,700.0,R,0.0,0.0,22.993972602739724,11.737260273972604,1.931945205479452,565.6,2547.0,853.5013698630137,-2638.0,YOG_YONCS10338RF,1033,,0.0,,0.0,,0.0,0.0,0.0,0.0
2023,YOG,CS,YONCS10338RF,0.0,0,0.0,0.0,0.0,0.0,GHW,R110,338,2.5,1.5,267.0,2010.0,YNT,90.0,EW,700.0,R,0.0,0.0,23.792876712328766,12.633150684931508,2.0255068493150685,702.4,2625.0,840.6630136986302,-3216.0,YOG_YONCS10338RF,1033,,0.0,,0.0,,0.0,0.0,0.0,0.0
2024,YOG,CS,YONCS10338RF,0.0,0,0.0,0.0,0.0,0.0,GHW,R110,338,2.5,1.5,267.0,2010.0,YNT,90.0,EW,700.0,R,0.0,0.0,23.59535519125683,12.800819672131148,1.9520218579234971,662.6,2680.0,826.1639344262295,-3168.0,YOG_YONCS10338RF,1033,,0.0,,0.0,,0.0,0.0,0.0,0.0
2025,YOG,CS,YONCS10338RF,0.0,0,0.0,0.0,0.0,0.0,GHW,R110,338,2.5,1.5,267.0,2010.0,YNT,90.0,EW,700.0,R,0.0,0.0,24.061643835616437,12.527397260273972,2.161808219178082,233.6,2670.0,798.613698630137,-3325.0,YOG_YONCS10338RF,1033,,0.0,,0.0,,0.0,0.0,0.0,0.0
2020,YOG,CS,YONCS10338RI,0.0,0,0.35,0.0,0.0,,GHW,R110,338,2.5,1.5,267.0,2010.0,YNT,90.0,EW,700.0,R,0.0,122.0,24.572638436482084,12.866449511400651,2.2133224755700325,600.8,2728.0,933.472312703583,-2849.0,YOG_YONCS10338RI,1033,,0.0,,122.0,,,,,
2021,YOG,CS,YONCS10338RI,0.0,0,0.0,0.0,0.0,0.0,GHW,R110,338,2.5,1.5,267.0,2010.0,YNT,90.0,EW,700.0,R,0.0,114.0,23.774202898550726,12.006956521739129,2.089246376811594,531.6,2929.0,856.5159420289855,-2773.0,YOG_YONCS10338RI,1033,,0.0,,114.0,,0.0,0.0,122.0,-8.0
2022,YOG,CS,YONCS10338RI,0.0,0,0.0,0.0,0.0,0.0,GHW,R110,338,2.5,1.5,267.0,2010.0,YNT,90.0,EW,700.0,R,0.0,115.0,22.993972602739724,11.737260273972604,1.931945205479452,565.6,2547.0,853.5013698630137,-2638.0,YOG_YONCS10338RI,1033,,0.0,,115.0,,0.0,0.0,114.0,1.0
2023,YOG,CS,YONCS10338RI,0.0,0,0.0,0.0,0.0,0.0,GHW,R110,338,2.5,1.5,267.0,2010.0,YNT,90.0,EW,700.0,R,0.0,0.0,23.792876712328766,12.633150684931508,2.0255068493150685,702.4,2625.0,840.6630136986302,-3216.0,YOG_YONCS10338RI,1033,,0.0,,0.0,,0.0,0.0,115.0,-115.0
2024,YOG,CS,YONCS10338RI,0.0,0,0.0,0.0,0.0,0.0,GHW,R110,338,2.5,1.5,267.0,2010.0,YNT,90.0,EW,700.0,R,0.0,0.0,23.59535519125683,12.800819672131148,1.9520218579234971,662.6,2680.0,826.1639344262295,-3168.0,YOG_YONCS10338RI,1033,,0.0,,0.0,,0.0,0.0,0.0,0.0
2025,YOG,CS,YONCS10338RI,0.0,0,0.0,0.0,0.0,0.0,GHW,R110,338,2.5,1.5,267.0,2010.0,YNT,90.0,EW,700.0,R,0.0,0.0,24.061643835616437,12.527397260273972,2.161808219178082,233.6,2670.0,798.613698630137,-3325.0,YOG_YONCS10338RI,1033,,0.0,,0.0,,0.0,0.0,0.0,0.0
2023,YOM,CS,YOMCS23169SO,35.0,0,0.0,0.0,0.0,,GHW,SO4,169,2.5,1.5,222.0,2023.0,YNT,85.0,EW,630.0,R,0.0,0.0,23.792876712328766,12.633150684931508,2.0255068493150685,702.4,2625.0,840.6630136986302,-3216.0,YOM_YOMCS23169SO,2316,,0.0,0.0,0.0,,,,,
2024,YOM,CS,YOMCS23169SO,35.0,0,0.0,0.0,0.0,0.0,GHW,SO4,169,2.5,1.5,222.0,2023.0,YNT,85.0,EW,630.0,R,0.0,0.0,23.59535519125683,12.800819672131148,1.9520218579234971,662.6,2680.0,826.1639344262295,-3168.0,YOM_YOMCS23169SO,2316,,0.0,0.0,0.0,,0.0,0.0,0.0,0.0
2025,YOM,CS,YOMCS23169SO,35.0,0,0.0,0.0,0.0,0.0,GHW,SO4,169,2.5,1.5,222.0,2023.0,YNT,85.0,EW,630.0,R,0.0,0.0,24.061643835616437,12.527397260273972,2.161808219178082,233.6,2670.0,798.613698630137,-3325.0,YOM_YOMCS23169SO,2316,,0.0,0.0,0.0,,0.0,0.0,0.0,0.0
2023,YOM,CS,YOMCS23338SE,24.3,0,0.0,0.0,0.0,,GHW,SO4,338,2.5,1.5,267.0,2023.0,YNT,51.0,EW,635.0,R,0.0,0.0,23.792876712328766,12.633150684931508,2.0255068493150685,702.4,2625.0,840.6630136986302,-3216.0,YOM_YOMCS23338SE,2333,,0.0,0.0,0.0,,,,,
2024,YOM,CS,YOMCS23338SE,24.3,0,0.0,0.0,0.0,0.0,GHW,SO4,338,2.5,1.5,267.0,2023.0,YNT,51.0,EW,635.0,R,0.0,0.0,23.59535519125683,12.800819672131148,1.9520218579234971,662.6,2680.0,826.1639344262295,-3168.0,YOM_YOMCS23338SE,2333,,0.0,0.0,0.0,,0.0,0.0,0.0,0.0
2025,YOM,CS,YOMCS23338SE,24.3,0,0.0,0.0,0.0,0.0,GHW,SO4,338,2.5,1.5,267.0,2023.0,YNT,51.0,EW,635.0,R,0.0,0.0,24.061643835616437,12.527397260273972,2.161808219178082,233.6,2670.0,798.613698630137,-3325.0,YOM_YOMCS23338SE,2333,,0.0,0.0,0.0,,0.0,0.0,0.0,0.0
2023,YOM,CS,YOMCS23338SW,35.3,0,0.0,0.0,0.0,,GHW,SO4,338,2.5,1.5,267.0,2023.0,YNT,85.0,EW,635.0,R,0.0,0.0,23.792876712328766,12.633150684931508,2.0255068493150685,702.4,2625.0,840.6630136986302,-3216.0,YOM_YOMCS23338SW,2333,,0.0,0.0,0.0,,,,,
2024,YOM,CS,YOMCS23338SW,35.3,0,0.0,0.0,0.0,0.0,GHW,SO4,338,2.5,1.5,267.0,2023.0,YNT,85.0,EW,635.0,R,0.0,0.0,23.59535519125683,12.800819672131148,1.9520218579234971,662.6,2680.0,826.1639344262295,-3168.0,YOM_YOMCS23338SW,2333,,0.0,0.0,0.0,,0.0,0.0,0.0,0.0
2025,YOM,CS,YOMCS23338SW,35.3,0,0.0,0.0,0.0,0.0,GHW,SO4,338,2.5,1.5,267.0,2023.0,YNT,85.0,EW,635.0,R,0.0,0.0,24.061643835616437,12.527397260273972,2.161808219178082,233.6,2670.0,798.613698630137,-3325.0,YOM_YOMCS23338SW,2333,,0.0,0.0,0.0,,0.0,0.0,0.0,0.0
2024,YOM,CS,YOMCS24169S,30.88,0,0.0,0.0,0.0,,GHW,SO4,169,2.5,1.5,267.0,2024.0,ALH,63.0,EW,580.0,R,,,,,,,,,,YOM_YOMCS24169S,2416,,0.0,,,,,,,
2025,YOM,CS,YOMCS24169S,30.88,0,0.0,0.0,0.0,0.0,GHW,SO4,169,2.5,1.5,267.0,2024.0,ALH,63.0,EW,580.0,R,,,,,,,,,,YOM_YOMCS24169S,2416,,0.0,,,,0.0,0.0,,
2020,YOM,CS,YONCS0422,19.34,3,0.3,12.0,10.34,,GHW,101/14,22,3.0,1.5,222.0,2004.0,YNT,116.0,EN,690.0,R,28.0,95.0,24.572638436482084,12.866449511400651,2.2133224755700325,600.8,2728.0,933.472312703583,-2849.0,YOM_YONCS0422,0422,,-1.6600000000000001,0.0016303790864287246,95.0,1.7161885120302363e-05,,,,
2021,YOM,CS,YONCS0422,19.34,0,0.0,10.1,6.02,10.34,GHW,101/14,22,3.0,1.5,222.0,2004.0,YNT,116.0,EN,690.0,R,14.0,0.0,23.774202898550726,12.006956521739129,2.089246376811594,531.6,2929.0,856.5159420289855,-2773.0,YOM_YONCS0422,0422,,-4.08,0.0008151895432143623,0.0,,12.0,-1.6600000000000001,95.0,-95.0
2022,YOM,CS,YONCS0422,19.34,4,0.0,10.0,8.68,6.02,GHW,101/14,22,3.0,1.5,222.0,2004.0,YNT,116.0,EN,690.0,R,22.0,0.0,22.993972602739724,11.737260273972604,1.931945205479452,565.6,2547.0,853.5013698630137,-2638.0,YOM_YONCS0422,0422,,-1.3200000000000003,0.001281012139336855,0.0,,10.1,-4.08,0.0,0.0
2023,YOM,CS,YONCS0422,19.34,3,0.0,8.7,9.98,8.68,GHW,101/14,22,3.0,1.5,222.0,2004.0,YNT,116.0,EN,690.0,R,19.0,0.0,23.792876712328766,12.633150684931508,2.0255068493150685,702.4,2625.0,840.6630136986302,-3216.0,YOM_YONCS0422,0422,,1.2800000000000011,0.0011063286657909204,0.0,,10.0,-1.3200000000000003,0.0,0.0
2024,YOM,CS,YONCS0422,19.34,3,0.0,9.0,11.82,9.98,GHW,101/14,22,3.0,1.5,222.0,2004.0,YNT,116.0,EN,690.0,R,23.0,0.0,23.59535519125683,12.800819672131148,1.9520218579234971,662.6,2680.0,826.1639344262295,-3168.0,YOM_YONCS0422,0422,,2.8200000000000003,0.0013392399638521666,0.0,,8.7,1.2800000000000011,0.0,0.0
2025,YOM,CS,YONCS0422,19.34,3,0.0,14.0,14.6,11.82,GHW,101/14,22,3.0,1.5,222.0,2004.0,YNT,116.0,EN,690.0,R,0.0,0.0,24.061643835616437,12.527397260273972,2.161808219178082,233.6,2670.0,798.613698630137,-3325.0,YOM_YONCS0422,0422,,0.5999999999999996,0.0,0.0,,9.0,2.8200000000000003,0.0,0.0
2020,YOM,CS,YONCS0423,23.6,3,0.3,10.0,11.28,,GHW,101/14,23,3.0,1.5,222.0,2004.0,YNT,116.0,EW,690.0,R,23.0,107.0,24.572638436482084,12.866449511400651,2.2133224755700325,600.8,2728.0,933.472312703583,-2849.0,YOM_YONCS0423,0423,,1.2799999999999994,0.0010974958008856312,107.0,1.025697010173487e-05,,,,
2021,YOM,CS,YONCS0423,23.6,0,0.0,11.21,8.28,11.28,GHW,101/14,23,3.0,1.5,222.0,2004.0,YNT,116.0,EW,690.0,R,15.0,0.0,23.774202898550726,12.006956521739129,2.089246376811594,531.6,2929.0,856.5159420289855,-2773.0,YOM_YONCS0423,0423,,-2.9300000000000015,0.0007157581310123682,0.0,,10.0,1.2799999999999994,107.0,-107.0
2022,YOM,CS,YONCS0423,23.6,4,0.0,13.0,10.5,8.28,GHW,101/14,23,3.0,1.5,222.0,2004.0,YNT,116.0,EW,690.0,R,27.0,96.0,22.993972602739724,11.737260273972604,1.931945205479452,565.6,2547.0,853.5013698630137,-2638.0,YOM_YONCS0423,0423,,-2.5,0.0012883646358222629,96.0,1.3420464956481904e-05,11.21,-2.9300000000000015,0.0,96.0
2023,YOM,CS,YONCS0423,23.6,3,0.0,10.2,11.34,10.5,GHW,101/14,23,3.0,1.5,222.0,2004.0,YNT,116.0,EW,690.0,R,18.0,0.0,23.792876712328766,12.633150684931508,2.0255068493150685,702.4,2625.0,840.6630136986302,-3216.0,YOM_YONCS0423,0423,,1.1400000000000006,0.0008589097572148419,0.0,,13.0,-2.5,96.0,-96.0
2024,YOM,CS,YONCS0423,23.6,3,0.0,10.0,14.58,11.34,GHW,101/14,23,3.0,1.5,222.0,2004.0,YNT,116.0,EW,690.0,R,21.0,0.0,23.59535519125683,12.800819672131148,1.9520218579234971,662.6,2680.0,826.1639344262295,-3168.0,YOM_YONCS0423,0423,,4.58,0.0010020613834173155,0.0,,10.2,1.1400000000000006,0.0,0.0
2025,YOM,CS,YONCS0423,23.6,3,0.0,18.0,19.64,14.58,GHW,101/14,23,3.0,1.5,222.0,2004.0,YNT,116.0,EW,690.0,R,0.0,0.0,24.061643835616437,12.527397260273972,2.161808219178082,233.6,2670.0,798.613698630137,-3325.0,YOM_YONCS0423,0423,,1.6400000000000006,0.0,0.0,,10.0,4.58,0.0,0.0
2020,YOM,CS,YONCS04GON,9.68,3,0.3,9.0,6.95,,GHW,216/3,GOLAN,3.0,1.5,222.0,2004.0,YNT,116.0,EW,690.0,R,28.0,67.0,24.572638436482084,12.866449511400651,2.2133224755700325,600.8,2728.0,933.472312703583,-2849.0,YOM_YONCS04GON,04,,-2.05,0.0032573896210259844,67.0,4.861775553770126e-05,,,,
2021,YOM,CS,YONCS04GON,9.68,0,0.0,6.4,4.86,6.95,GHW,216/3,GOLAN,3.0,1.5,222.0,2004.0,YNT,116.0,EW,690.0,R,16.0,0.0,23.774202898550726,12.006956521739129,2.089246376811594,531.6,2929.0,856.5159420289855,-2773.0,YOM_YONCS04GON,04,,-1.54,0.001861365497729134,0.0,,9.0,-2.05,67.0,-67.0
2022,YOM,CS,YONCS04GON,9.68,4,0.0,7.0,4.62,4.86,GHW,216/3,GOLAN,3.0,1.5,222.0,2004.0,YNT,116.0,EW,690.0,R,29.0,89.9,22.993972602739724,11.737260273972604,1.931945205479452,565.6,2547.0,853.5013698630137,-2638.0,YOM_YONCS04GON,04,,-2.38,0.0033737249646340556,89.9,3.75275301961519e-05,6.4,-1.54,0.0,89.9
2023,YOM,CS,YONCS04GON,9.68,3,0.0,6.0,6.06,4.62,GHW,216/3,GOLAN,3.0,1.5,222.0,2004.0,YNT,116.0,EW,690.0,R,20.0,0.0,23.792876712328766,12.633150684931508,2.0255068493150685,702.4,2625.0,840.6630136986302,-3216.0,YOM_YONCS04GON,04,,0.05999999999999961,0.0023267068721614177,0.0,,7.0,-2.38,89.9,-89.9
2024,YOM,CS,YONCS04GON,9.68,2,0.0,6.0,6.04,6.06,GHW,216/3,GOLAN,3.0,1.5,222.0,2004.0,YNT,116.0,EW,690.0,R,23.0,0.0,23.59535519125683,12.800819672131148,1.9520218579234971,662.6,2680.0,826.1639344262295,-3168.0,YOM_YONCS04GON,04,,0.040000000000000036,0.00267571290298563,0.0,,6.0,0.05999999999999961,0.0,0.0
2025,YOM,CS,YONCS04GON,9.68,3,0.0,8.0,8.58,6.04,GHW,216/3,GOLAN,3.0,1.5,222.0,2004.0,YNT,116.0,EW,690.0,R,0.0,0.0,24.061643835616437,12.527397260273972,2.161808219178082,233.6,2670.0,798.613698630137,-3325.0,YOM_YONCS04GON,04,,0.5800000000000001,0.0,0.0,,6.0,0.040000000000000036,0.0,0.0
2020,YOM,CS,YONCS04GOS,23.17,3,0.34,17.0,8.46,,GHW,101/14,GOLAN,3.0,1.5,222.0,2004.0,YNT,116.0,EW,690.0,R,25.0,72.0,24.572638436482084,12.866449511400651,2.2133224755700325,600.8,2728.0,933.472312703583,-2849.0,YOM_YONCS04GOS,04,,-8.54,0.0012150691909000064,72.0,1.687596098472231e-05,,,,
2021,YOM,CS,YONCS04GOS,23.17,0,0.0,7.41,6.79,8.46,GHW,101/14,GOLAN,3.0,1.5,222.0,2004.0,YNT,116.0,EW,690.0,R,13.0,0.0,23.774202898550726,12.006956521739129,2.089246376811594,531.6,2929.0,856.5159420289855,-2773.0,YOM_YONCS04GOS,04,,-0.6200000000000001,0.0006318359792680034,0.0,,17.0,-8.54,72.0,-72.0
2022,YOM,CS,YONCS04GOS,23.17,4,0.0,8.0,8.6,6.79,GHW,101/14,GOLAN,3.0,1.5,222.0,2004.0,YNT,116.0,EW,690.0,R,20.0,97.5,22.993972602739724,11.737260273972604,1.931945205479452,565.6,2547.0,853.5013698630137,-2638.0,YOM_YONCS04GOS,04,,0.5999999999999996,0.0009720553527200052,97.5,9.96979848943595e-06,7.41,-0.6200000000000001,0.0,97.5
2023,YOM,CS,YONCS04GOS,23.17,3,0.0,9.3,8.26,8.6,GHW,101/14,GOLAN,3.0,1.5,222.0,2004.0,YNT,116.0,EW,690.0,R,19.0,0.0,23.792876712328766,12.633150684931508,2.0255068493150685,702.4,2625.0,840.6630136986302,-3216.0,YOM_YONCS04GOS,04,,-1.040000000000001,0.0009234525850840049,0.0,,8.0,0.5999999999999996,97.5,-97.5
2024,YOM,CS,YONCS04GOS,23.17,2,0.0,8.0,11.52,8.26,GHW,101/14,GOLAN,3.0,1.5,222.0,2004.0,YNT,116.0,EW,690.0,R,19.0,0.0,23.59535519125683,12.800819672131148,1.9520218579234971,662.6,2680.0,826.1639344262295,-3168.0,YOM_YONCS04GOS,04,,3.5199999999999996,0.0009234525850840049,0.0,,9.3,-1.040000000000001,0.0,0.0
2025,YOM,CS,YONCS04GOS,23.17,3,0.0,14.0,13.06,11.52,GHW,101/14,GOLAN,3.0,1.5,222.0,2004.0,YNT,116.0,EW,690.0,R,0.0,0.0,24.061643835616437,12.527397260273972,2.161808219178082,233.6,2670.0,798.613698630137,-3325.0,YOM_YONCS04GOS,04,,-0.9399999999999995,0.0,0.0,,8.0,3.5199999999999996,0.0,0.0
2020,YOM,CS,YONCS09GORE,7.3,3,0.28,6.0,5.52,,GHW,R110,GOLAN,3.0,1.5,222.0,2009.0,YNT,116.0,EW,710.0,R,29.0,102.0,24.572638436482084,12.866449511400651,2.2133224755700325,600.8,2728.0,933.472312703583,-2849.0,YOM_YONCS09GORE,09,,-0.4800000000000004,0.004473651733925707,102.0,4.3859330724761835e-05,,,,
2021,YOM,CS,YONCS09GORE,7.3,0,0.0,5.84,3.6,5.52,GHW,R110,GOLAN,3.0,1.5,222.0,2009.0,YNT,116.0,EW,710.0,R,16.0,0.0,23.774202898550726,12.006956521739129,2.089246376811594,531.6,2929.0,856.5159420289855,-2773.0,YOM_YONCS09GORE,09,,-2.2399999999999998,0.002468221646303838,0.0,,6.0,-0.4800000000000004,102.0,-102.0
2022,YOM,CS,YONCS09GORE,7.3,4,0.0,7.0,6.04,3.6,GHW,R110,GOLAN,3.0,1.5,222.0,2009.0,YNT,116.0,EW,710.0,R,31.0,109.0,22.993972602739724,11.737260273972604,1.931945205479452,565.6,2547.0,853.5013698630137,-2638.0,YOM_YONCS09GORE,09,,-0.96,0.004782179439713687,109.0,4.38732058689329e-05,5.84,-2.2399999999999998,0.0,109.0
2023,YOM,CS,YONCS09GORE,7.3,3,0.0,5.4,5.92,6.04,GHW,R110,GOLAN,3.0,1.5,222.0,2009.0,YNT,116.0,EW,710.0,R,21.0,0.0,23.792876712328766,12.633150684931508,2.0255068493150685,702.4,2625.0,840.6630136986302,-3216.0,YOM_YONCS09GORE,09,,0.5199999999999996,0.0032395409107737875,0.0,,7.0,-0.96,109.0,-109.0
2024,YOM,CS,YONCS09GORE,7.3,3,0.0,5.0,5.28,5.92,GHW,R110,GOLAN,3.0,1.5,222.0,2009.0,YNT,116.0,EW,710.0,R,20.0,0.0,23.59535519125683,12.800819672131148,1.9520218579234971,662.6,2680.0,826.1639344262295,-3168.0,YOM_YONCS09GORE,09,,0.28000000000000025,0.0030852770578797977,0.0,,5.4,0.5199999999999996,0.0,0.0
2025,YOM,CS,YONCS09GORE,7.3,4,0.0,6.0,6.58,5.28,GHW,R110,GOLAN,3.0,1.5,222.0,2009.0,YNT,116.0,EW,710.0,R,0.0,0.0,24.061643835616437,12.527397260273972,2.161808219178082,233.6,2670.0,798.613698630137,-3325.0,YOM_YONCS09GORE,09,,0.5800000000000001,0.0,0.0,,5.0,0.28000000000000025,0.0,0.0
2020,YOM,CS,YONCS09GORW,15.7,3,0.0,14.0,10.77,,GHW,R110,GOLAN,3.0,1.5,222.0,2009.0,YNT,116.0,EW,710.0,R,31.0,0.0,24.572638436482084,12.866449511400651,2.2133224755700325,600.8,2728.0,933.472312703583,-2849.0,YOM_YONCS09GORW,09,,-3.2300000000000004,0.0022235611407585933,0.0,,,,,
2021,YOM,CS,YONCS09GORW,15.7,0,0.0,10.99,6.24,10.77,GHW,R110,GOLAN,3.0,1.5,222.0,2009.0,YNT,116.0,EW,710.0,R,18.0,0.0,23.774202898550726,12.006956521739129,2.089246376811594,531.6,2929.0,856.5159420289855,-2773.0,YOM_YONCS09GORW,09,,-4.75,0.001291100017214667,0.0,,14.0,-3.2300000000000004,0.0,0.0
2022,YOM,CS,YONCS09GORW,15.7,4,0.0,12.0,9.76,6.24,GHW,R110,GOLAN,3.0,1.5,222.0,2009.0,YNT,116.0,EW,710.0,R,29.0,0.0,22.993972602739724,11.737260273972604,1.931945205479452,565.6,2547.0,853.5013698630137,-2638.0,YOM_YONCS09GORW,09,,-2.24,0.0020801055832902968,0.0,,10.99,-4.75,0.0,0.0
2023,YOM,CS,YONCS09GORW,15.7,3,0.0,9.7,10.28,9.76,GHW,R110,GOLAN,3.0,1.5,222.0,2009.0,YNT,116.0,EW,710.0,R,21.0,0.0,23.792876712328766,12.633150684931508,2.0255068493150685,702.4,2625.0,840.6630136986302,-3216.0,YOM_YONCS09GORW,09,,0.5800000000000001,0.0015062833534171115,0.0,,12.0,-2.24,0.0,0.0
2024,YOM,CS,YONCS09GORW,15.7,3,0.0,9.0,8.92,10.28,GHW,R110,GOLAN,3.0,1.5,222.0,2009.0,YNT,116.0,EW,710.0,R,21.0,0.0,23.59535519125683,12.800819672131148,1.9520218579234971,662.6,2680.0,826.1639344262295,-3168.0,YOM_YONCS09GORW,09,,-0.08000000000000007,0.0015062833534171115,0.0,,9.7,0.5800000000000001,0.0,0.0
2025,YOM,CS,YONCS09GORW,15.7,4,0.0,13.0,13.42,8.92,GHW,R110,GOLAN,3.0,1.5,222.0,2009.0,YNT,116.0,EW,710.0,R,0.0,0.0,24.061643835616437,12.527397260273972,2.161808219178082,233.6,2670.0,798.613698630137,-3325.0,YOM_YONCS09GORW,09,,0.41999999999999993,0.0,0.0,,9.0,-0.08000000000000007,0.0,0.0
2020,YOM,CS,YONCS09GORWF,0.0,0,0.31,0.0,0.0,,,,,,,,,,,,,,0.0,0.0,,,,,,,,YOM_YONCS09GORWF,09,,0.0,,0.0,,,,,
2021,YOM,CS,YONCS09GORWF,0.0,0,0.0,0.0,0.0,0.0,,,,,,,,,,,,,0.0,0.0,,,,,,,,YOM_YONCS09GORWF,09,,0.0,,0.0,,0.0,0.0,0.0,0.0
2022,YOM,CS,YONCS09GORWF,0.0,0,0.0,0.0,0.0,0.0,,,,,,,,,,,,,0.0,0.0,,,,,,,,YOM_YONCS09GORWF,09,,0.0,,0.0,,0.0,0.0,0.0,0.0
2023,YOM,CS,YONCS09GORWF,0.0,0,0.0,0.0,0.0,0.0,,,,,,,,,,,,,0.0,0.0,,,,,,,,YOM_YONCS09GORWF,09,,0.0,,0.0,,0.0,0.0,0.0,0.0
2024,YOM,CS,YONCS09GORWF,0.0,0,0.0,0.0,0.0,0.0,,,,,,,,,,,,,0.0,0.0,,,,,,,,YOM_YONCS09GORWF,09,,0.0,,0.0,,0.0,0.0,0.0,0.0
2020,YOM,CS,YONCS09GORWI,0.0,0,0.28,0.0,0.0,,,,,,,,,,,,,,0.0,184.0,,,,,,,,YOM_YONCS09GORWI,09,,0.0,,184.0,,,,,
2021,YOM,CS,YONCS09GORWI,0.0,0,0.0,0.0,0.0,0.0,,,,,,,,,,,,,0.0,0.0,,,,,,,,YOM_YONCS09GORWI,09,,0.0,,0.0,,0.0,0.0,184.0,-184.0
2022,YOM,CS,YONCS09GORWI,0.0,0,0.0,0.0,0.0,0.0,,,,,,,,,,,,,0.0,95.0,,,,,,,,YOM_YONCS09GORWI,09,,0.0,,95.0,,0.0,0.0,0.0,95.0
2023,YOM,CS,YONCS09GORWI,0.0,0,0.0,0.0,0.0,0.0,,,,,,,,,,,,,0.0,0.0,,,,,,,,YOM_YONCS09GORWI,09,,0.0,,0.0,,0.0,0.0,95.0,-95.0
2024,YOM,CS,YONCS09GORWI,0.0,0,0.0,0.0,0.0,0.0,,,,,,,,,,,,,0.0,0.0,,,,,,,,YOM_YONCS09GORWI,09,,0.0,,0.0,,0.0,0.0,0.0,0.0
2020,YOM,CS,YONCS19338S,13.09,0,0.0,0.0,0.0,,GHW,SO4,338,2.5,1.5,267.0,2019.0,YNT,75.0,EW,640.0,R,0.0,0.0,24.572638436482084,12.866449511400651,2.2133224755700325,600.8,2728.0,933.472312703583,-2849.0,YOM_YONCS19338S,1933,,0.0,0.0,0.0,,,,,
2021,YOM,CS,YONCS19338S,13.09,0,0.0,0.0,0.0,0.0,GHW,SO4,338,2.5,1.5,267.0,2019.0,YNT,75.0,EW,640.0,R,0.0,0.0,23.774202898550726,12.006956521739129,2.089246376811594,531.6,2929.0,856.5159420289855,-2773.0,YOM_YONCS19338S,1933,,0.0,0.0,0.0,,0.0,0.0,0.0,0.0
2022,YOM,CS,YONCS19338S,4.17,0,0.0,10.0,0.23,0.0,GHW,SO4,338,2.5,1.5,267.0,2019.0,YNT,75.0,EW,640.0,R,23.0,112.0,22.993972602739724,11.737260273972604,1.931945205479452,565.6,2547.0,853.5013698630137,-2638.0,YOM_YONCS19338S,1933,,-9.77,0.005164407799603015,112.0,4.611078392502692e-05,0.0,0.0,0.0,112.0
2023,YOM,CS,YONCS19338S,4.17,3,0.0,0.2,4.69,0.23,GHW,SO4,338,2.5,1.5,267.0,2019.0,YNT,75.0,EW,640.0,R,13.0,0.0,23.792876712328766,12.633150684931508,2.0255068493150685,702.4,2625.0,840.6630136986302,-3216.0,YOM_YONCS19338S,1933,,4.49,0.002919013104123443,0.0,,10.0,-9.77,112.0,-112.0
2024,YOM,CS,YONCS19338S,4.17,3,0.0,5.0,4.72,4.69,GHW,SO4,338,2.5,1.5,267.0,2019.0,YNT,75.0,EW,640.0,R,24.0,0.0,23.59535519125683,12.800819672131148,1.9520218579234971,662.6,2680.0,826.1639344262295,-3168.0,YOM_YONCS19338S,1933,,-0.28000000000000025,0.005388947269150972,0.0,,0.2,4.49,0.0,0.0
2025,YOM,CS,YONCS19338S,10.2,3,0.0,9.0,4.8,4.72,GHW,SO4,338,2.5,1.5,267.0,2019.0,YNT,75.0,EW,640.0,R,15.0,0.0,24.061643835616437,12.527397260273972,2.161808219178082,233.6,2670.0,798.613698630137,-3325.0,YOM_YONCS19338S,1933,,-4.2,0.0013769552764926196,0.0,,5.0,-0.28000000000000025,0.0,0.0
2021,YOM,CS,YONCS21169SN,20.2,0,0.0,0.0,0.0,,GHW,SO4,169,3.0,1.5,222.0,2021.0,RMM,65.0,EW,415.0,R,0.0,0.0,26.361159420289855,13.347246376811595,2.2861159420289856,398.3,3586.0,873.7797101449275,-4057.0,YOM_YONCS21169SN,2116,,0.0,0.0,0.0,,,,,
2022,YOM,CS,YONCS21169SN,20.2,0,0.0,0.0,0.0,0.0,GHW,SO4,169,3.0,1.5,222.0,2021.0,RMM,65.0,EW,415.0,R,0.0,0.0,25.703835616438354,12.902191780821918,2.1288493150684933,441.4,3005.0,868.5068493150685,-3980.0,YOM_YONCS21169SN,2116,,0.0,0.0,0.0,,0.0,0.0,0.0,0.0
2023,YOM,CS,YONCS21169SN,20.2,0,0.0,0.0,0.0,0.0,GHW,SO4,169,3.0,1.5,222.0,2021.0,RMM,65.0,EW,415.0,R,0.0,0.0,26.641917808219176,13.72082191780822,2.2706027397260273,623.6,3113.0,872.1178082191781,-4560.0,YOM_YONCS21169SN,2116,,0.0,0.0,0.0,,0.0,0.0,0.0,0.0
2024,YOM,CS,YONCS21169SN,20.2,2,0.0,14.0,11.92,0.0,GHW,SO4,169,3.0,1.5,222.0,2021.0,RMM,65.0,EW,415.0,R,0.0,0.0,26.23633879781421,13.641530054644809,2.1353551912568305,506.9,3173.0,861.6010928961749,-4482.0,YOM_YONCS21169SN,2116,,-2.08,0.0,0.0,,0.0,0.0,0.0,0.0
2025,YOM,CS,YONCS21169SN,20.2,2,0.0,16.0,15.7,11.92,GHW,SO4,169,3.0,1.5,222.0,2021.0,RMM,65.0,EW,415.0,R,0.0,0.0,27.848219178082193,13.033698630136987,2.5629315068493153,198.2,3184.0,848.0931506849315,-4430.0,YOM_YONCS21169SN,2116,,-0.3000000000000007,0.0,0.0,,14.0,-2.08,0.0,0.0
2021,YOM,CS,YONCS21169SS,20.0,0,0.0,0.0,0.0,,GHW,SO4,169,3.0,1.5,222.0,2021.0,RMM,65.0,EW,415.0,R,0.0,0.0,26.361159420289855,13.347246376811595,2.2861159420289856,398.3,3586.0,873.7797101449275,-4057.0,YOM_YONCS21169SS,2116,,0.0,0.0,0.0,,,,,
2022,YOM,CS,YONCS21169SS,20.0,0,0.0,0.0,0.0,0.0,GHW,SO4,169,3.0,1.5,222.0,2021.0,RMM,65.0,EW,415.0,R,0.0,0.0,25.703835616438354,12.902191780821918,2.1288493150684933,441.4,3005.0,868.5068493150685,-3980.0,YOM_YONCS21169SS,2116,,0.0,0.0,0.0,,0.0,0.0,0.0,0.0
2023,YOM,CS,YONCS21169SS,20.0,0,0.0,0.0,0.0,0.0,GHW,SO4,169,3.0,1.5,222.0,2021.0,RMM,65.0,EW,415.0,R,0.0,0.0,26.641917808219176,13.72082191780822,2.2706027397260273,623.6,3113.0,872.1178082191781,-4560.0,YOM_YONCS21169SS,2116,,0.0,0.0,0.0,,0.0,0.0,0.0,0.0
2024,YOM,CS,YONCS21169SS,20.0,2,0.0,14.0,11.62,0.0,GHW,SO4,169,3.0,1.5,222.0,2021.0,RMM,65.0,EW,415.0,R,0.0,0.0,26.23633879781421,13.641530054644809,2.1353551912568305,506.9,3173.0,861.6010928961749,-4482.0,YOM_YONCS21169SS,2116,,-2.380000000000001,0.0,0.0,,0.0,0.0,0.0,0.0
2025,YOM,CS,YONCS21169SS,20.0,2,0.0,16.0,16.0,11.62,GHW,SO4,169,3.0,1.5,222.0,2021.0,RMM,65.0,EW,415.0,R,0.0,0.0,27.848219178082193,13.033698630136987,2.5629315068493153,198.2,3184.0,848.0931506849315,-4430.0,YOM_YONCS21169SS,2116,,0.0,0.0,0.0,,14.0,-2.380000000000001,0.0,0.0
2021,YOM,CS,YONCS21412RE,7.7,0,0.0,0.0,0.0,,GHW,R110,412,3.0,1.5,222.0,2021.0,RMM,65.0,EW,415.0,R,0.0,0.0,26.361159420289855,13.347246376811595,2.2861159420289856,398.3,3586.0,873.7797101449275,-4057.0,YOM_YONCS21412RE,2141,,0.0,0.0,0.0,,,,,
2022,YOM,CS,YONCS21412RE,7.7,0,0.0,0.0,0.0,0.0,GHW,R110,412,3.0,1.5,222.0,2021.0,RMM,65.0,EW,415.0,R,0.0,0.0,25.703835616438354,12.902191780821918,2.1288493150684933,441.4,3005.0,868.5068493150685,-3980.0,YOM_YONCS21412RE,2141,,0.0,0.0,0.0,,0.0,0.0,0.0,0.0
2023,YOM,CS,YONCS21412RE,7.7,0,0.0,0.0,0.0,0.0,GHW,R110,412,3.0,1.5,222.0,2021.0,RMM,65.0,EW,415.0,R,0.0,0.0,26.641917808219176,13.72082191780822,2.2706027397260273,623.6,3113.0,872.1178082191781,-4560.0,YOM_YONCS21412RE,2141,,0.0,0.0,0.0,,0.0,0.0,0.0,0.0
2024,YOM,CS,YONCS21412RE,7.7,2,0.0,5.0,2.74,0.0,GHW,R110,412,3.0,1.5,222.0,2021.0,RMM,65.0,EW,415.0,R,0.0,0.0,26.23633879781421,13.641530054644809,2.1353551912568305,506.9,3173.0,861.6010928961749,-4482.0,YOM_YONCS21412RE,2141,,-2.26,0.0,0.0,,0.0,0.0,0.0,0.0
2025,YOM,CS,YONCS21412RE,7.7,2,0.0,4.0,4.66,2.74,GHW,R110,412,3.0,1.5,222.0,2021.0,RMM,65.0,EW,415.0,R,0.0,0.0,27.848219178082193,13.033698630136987,2.5629315068493153,198.2,3184.0,848.0931506849315,-4430.0,YOM_YONCS21412RE,2141,,0.6600000000000001,0.0,0.0,,5.0,-2.26,0.0,0.0
2021,YOM,CS,YONCS21412RW,8.5,0,0.0,0.0,0.0,,GHW,R110,412,3.0,1.5,222.0,2021.0,RMM,65.0,EW,415.0,R,0.0,0.0,26.361159420289855,13.347246376811595,2.2861159420289856,398.3,3586.0,873.7797101449275,-4057.0,YOM_YONCS21412RW,2141,,0.0,0.0,0.0,,,,,
2022,YOM,CS,YONCS21412RW,8.5,0,0.0,0.0,0.0,0.0,GHW,R110,412,3.0,1.5,222.0,2021.0,RMM,65.0,EW,415.0,R,0.0,0.0,25.703835616438354,12.902191780821918,2.1288493150684933,441.4,3005.0,868.5068493150685,-3980.0,YOM_YONCS21412RW,2141,,0.0,0.0,0.0,,0.0,0.0,0.0,0.0
2023,YOM,CS,YONCS21412RW,8.5,0,0.0,0.0,0.0,0.0,GHW,R110,412,3.0,1.5,222.0,2021.0,RMM,65.0,EW,415.0,R,0.0,0.0,26.641917808219176,13.72082191780822,2.2706027397260273,623.6,3113.0,872.1178082191781,-4560.0,YOM_YONCS21412RW,2141,,0.0,0.0,0.0,,0.0,0.0,0.0,0.0
2024,YOM,CS,YONCS21412RW,8.5,2,0.0,6.0,4.54,0.0,GHW,R110,412,3.0,1.5,222.0,2021.0,RMM,65.0,EW,415.0,R,0.0,0.0,26.23633879781421,13.641530054644809,2.1353551912568305,506.9,3173.0,861.6010928961749,-4482.0,YOM_YONCS21412RW,2141,,-1.46,0.0,0.0,,0.0,0.0,0.0,0.0
2025,YOM,CS,YONCS21412RW,8.5,2,0.0,6.0,6.86,4.54,GHW,R110,412,3.0,1.5,222.0,2021.0,RMM,65.0,EW,415.0,R,0.0,0.0,27.848219178082193,13.033698630136987,2.5629315068493153,198.2,3184.0,848.0931506849315,-4430.0,YOM_YONCS21412RW,2141,,0.8600000000000003,0.0,0.0,,6.0,-1.46,0.0,0.0
2020,YON,CS,YONCS120614,17.2,4,0.35,12.0,7.71,,GHW,101/14,06,2.5,1.5,267.0,2012.0,YNT,80.0,EW,680.0,R,31.0,72.0,24.572638436482084,12.866449511400651,2.2133224755700325,600.8,2728.0,933.472312703583,-2849.0,YON_YONCS120614,1206,,-4.29,0.0016875707690967687,72.0,2.343848290412179e-05,,,,
2021,YON,CS,YONCS120614,17.2,0,0.0,8.98,10.03,7.71,GHW,101/14,06,2.5,1.5,267.0,2012.0,YNT,80.0,EW,680.0,R,30.0,0.0,23.774202898550726,12.006956521739129,2.089246376811594,531.6,2929.0,856.5159420289855,-2773.0,YON_YONCS120614,1206,,1.049999999999999,0.0016331330023517116,0.0,,12.0,-4.29,72.0,-72.0
2022,YON,CS,YONCS120614,17.2,4,0.0,7.0,7.11,10.03,GHW,101/14,06,2.5,1.5,267.0,2012.0,YNT,80.0,EW,680.0,R,24.0,93.0,22.993972602739724,11.737260273972604,1.931945205479452,565.6,2547.0,853.5013698630137,-2638.0,YON_YONCS120614,1206,,0.11000000000000032,0.0013065064018813694,93.0,1.4048455934208273e-05,8.98,1.049999999999999,0.0,93.0
2023,YON,CS,YONCS120614,17.2,4,0.0,10.3,8.06,7.11,GHW,101/14,06,2.5,1.5,267.0,2012.0,YNT,80.0,EW,680.0,R,15.0,0.0,23.792876712328766,12.633150684931508,2.0255068493150685,702.4,2625.0,840.6630136986302,-3216.0,YON_YONCS120614,1206,,-2.24,0.0008165665011758558,0.0,,7.0,0.11000000000000032,93.0,-93.0
2024,YON,CS,YONCS120614,17.2,3,0.0,10.5,5.76,8.06,GHW,101/14,06,2.5,1.5,267.0,2012.0,YNT,80.0,EW,680.0,R,22.0,0.0,23.59535519125683,12.800819672131148,1.9520218579234971,662.6,2680.0,826.1639344262295,-3168.0,YON_YONCS120614,1206,,-4.74,0.0011976308683912553,0.0,,10.3,-2.24,0.0,0.0
2025,YON,CS,YONCS120614,17.2,4,0.0,8.0,4.14,5.76,GHW,101/14,06,2.5,1.5,267.0,2012.0,YNT,80.0,EW,680.0,R,0.0,0.0,24.061643835616437,12.527397260273972,2.161808219178082,233.6,2670.0,798.613698630137,-3325.0,YON_YONCS120614,1206,,-3.8600000000000003,0.0,0.0,,10.5,-4.74,0.0,0.0
2020,YON,CS,YONCS12338R,18.2,4,0.0,21.0,16.42,,GHW,R110,338,2.5,1.5,267.0,2012.0,YNT,80.0,EW,680.0,R,32.0,0.0,24.572638436482084,12.866449511400651,2.2133224755700325,600.8,2728.0,933.472312703583,-2849.0,YON_YONCS12338R,1233,,-4.579999999999998,0.001646293781125242,0.0,,,,,
2021,YON,CS,YONCS12338R,18.2,0,0.0,14.14,16.26,16.42,GHW,R110,338,2.5,1.5,267.0,2012.0,YNT,80.0,EW,680.0,R,26.0,0.0,23.774202898550726,12.006956521739129,2.089246376811594,531.6,2929.0,856.5159420289855,-2773.0,YON_YONCS12338R,1233,,2.120000000000001,0.0013376136971642591,0.0,,21.0,-4.579999999999998,0.0,0.0
2022,YON,CS,YONCS12338R,18.2,0,0.0,13.0,12.98,16.26,GHW,R110,338,2.5,1.5,267.0,2012.0,YNT,80.0,EW,680.0,R,23.0,0.0,22.993972602739724,11.737260273972604,1.931945205479452,565.6,2547.0,853.5013698630137,-2638.0,YON_YONCS12338R,1233,,-0.019999999999999574,0.0011832736551837676,0.0,,14.14,2.120000000000001,0.0,0.0
2023,YON,CS,YONCS12338R,18.2,3,0.0,15.7,14.28,12.98,GHW,R110,338,2.5,1.5,267.0,2012.0,YNT,80.0,EW,680.0,R,18.0,0.0,23.792876712328766,12.633150684931508,2.0255068493150685,702.4,2625.0,840.6630136986302,-3216.0,YON_YONCS12338R,1233,,-1.42,0.0009260402518829486,0.0,,13.0,-0.019999999999999574,0.0,0.0
2024,YON,CS,YONCS12338R,18.2,4,0.0,15.0,14.66,14.28,GHW,R110,338,2.5,1.5,267.0,2012.0,YNT,80.0,EW,680.0,R,22.0,0.0,23.59535519125683,12.800819672131148,1.9520218579234971,662.6,2680.0,826.1639344262295,-3168.0,YON_YONCS12338R,1233,,-0.33999999999999986,0.0011318269745236038,0.0,,15.7,-1.42,0.0,0.0
2025,YON,CS,YONCS12338R,18.2,4,0.0,12.0,9.22,14.66,GHW,R110,338,2.5,1.5,267.0,2012.0,YNT,80.0,EW,680.0,R,0.0,0.0,24.061643835616437,12.527397260273972,2.161808219178082,233.6,2670.0,798.613698630137,-3325.0,YON_YONCS12338R,1233,,-2.7799999999999994,0.0,0.0,,15.0,-0.33999999999999986,0.0,0.0
2020,YON,CS,YONCS12338RF,0.0,0,0.28,0.0,0.0,,,,,,,,,,,,,,0.0,0.0,,,,,,,,YON_YONCS12338RF,1233,,0.0,,0.0,,,,,
2021,YON,CS,YONCS12338RF,0.0,0,0.0,0.0,16.26,0.0,,,,,,,,,,,,,0.0,0.0,,,,,,,,YON_YONCS12338RF,1233,,16.26,,0.0,,0.0,0.0,0.0,0.0
2022,YON,CS,YONCS12338RF,0.0,4,0.0,0.0,0.0,16.26,,,,,,,,,,,,,0.0,76.0,,,,,,,,YON_YONCS12338RF,1233,,0.0,,76.0,,0.0,16.26,0.0,76.0
2023,YON,CS,YONCS12338RF,0.0,0,0.0,0.0,0.0,0.0,,,,,,,,,,,,,0.0,0.0,,,,,,,,YON_YONCS12338RF,1233,,0.0,,0.0,,0.0,0.0,76.0,-76.0
2024,YON,CS,YONCS12338RF,0.0,0,0.0,0.0,0.0,0.0,,,,,,,,,,,,,0.0,0.0,,,,,,,,YON_YONCS12338RF,1233,,0.0,,0.0,,0.0,0.0,0.0,0.0
2025,YON,CS,YONCS12338RF,0.0,0,0.0,0.0,0.0,0.0,,,,,,,,,,,,,0.0,0.0,,,,,,,,YON_YONCS12338RF,1233,,0.0,,0.0,,0.0,0.0,0.0,0.0
2020,YON,CS,YONCS12338RI,0.0,0,0.32,0.0,0.0,,,,,,,,,,,,,,0.0,117.0,,,,,,,,YON_YONCS12338RI,1233,,0.0,,117.0,,,,,
2021,YON,CS,YONCS12338RI,0.0,0,0.0,0.0,0.0,0.0,,,,,,,,,,,,,0.0,0.0,,,,,,,,YON_YONCS12338RI,1233,,0.0,,0.0,,0.0,0.0,117.0,-117.0
2022,YON,CS,YONCS12338RI,0.0,0,0.0,0.0,0.0,0.0,,,,,,,,,,,,,0.0,136.0,,,,,,,,YON_YONCS12338RI,1233,,0.0,,136.0,,0.0,0.0,0.0,136.0
2023,YON,CS,YONCS12338RI,0.0,0,0.0,0.0,0.0,0.0,,,,,,,,,,,,,0.0,0.0,,,,,,,,YON_YONCS12338RI,1233,,0.0,,0.0,,0.0,0.0,136.0,-136.0
2024,YON,CS,YONCS12338RI,0.0,0,0.0,0.0,0.0,0.0,,,,,,,,,,,,,0.0,0.0,,,,,,,,YON_YONCS12338RI,1233,,0.0,,0.0,,0.0,0.0,0.0,0.0
2025,YON,CS,YONCS12338RI,0.0,0,0.0,0.0,0.0,0.0,,,,,,,,,,,,,0.0,0.0,,,,,,,,YON_YONCS12338RI,1233,,0.0,,0.0,,0.0,0.0,0.0,0.0
2020,YON,CS,YONCS13338RN,14.5,4,0.28,17.0,13.39,,GHW,R110,338,2.5,1.5,267.0,2013.0,YNT,80.0,EW,690.0,R,32.0,140.0,24.572638436482084,12.866449511400651,2.2133224755700325,600.8,2728.0,933.472312703583,-2849.0,YON_YONCS13338RN,1333,,-3.6099999999999994,0.002066382539067545,140.0,1.4759875279053892e-05,,,,
2021,YON,CS,YONCS13338RN,14.5,0,0.0,15.65,15.9,13.39,GHW,R110,338,2.5,1.5,267.0,2013.0,YNT,80.0,EW,690.0,R,32.0,0.0,23.774202898550726,12.006956521739129,2.089246376811594,531.6,2929.0,856.5159420289855,-2773.0,YON_YONCS13338RN,1333,,0.25,0.002066382539067545,0.0,,17.0,-3.6099999999999994,140.0,-140.0
2022,YON,CS,YONCS13338RN,14.5,4,0.0,12.0,12.28,15.9,GHW,R110,338,2.5,1.5,267.0,2013.0,YNT,80.0,EW,690.0,R,24.0,133.0,22.993972602739724,11.737260273972604,1.931945205479452,565.6,2547.0,853.5013698630137,-2638.0,YON_YONCS13338RN,1333,,0.27999999999999936,0.0015497869043006587,133.0,1.1652533115042547e-05,15.65,0.25,0.0,133.0
2023,YON,CS,YONCS13338RN,14.5,3,0.0,11.6,13.6,12.28,GHW,R110,338,2.5,1.5,267.0,2013.0,YNT,80.0,EW,690.0,R,15.0,0.0,23.792876712328766,12.633150684931508,2.0255068493150685,702.4,2625.0,840.6630136986302,-3216.0,YON_YONCS13338RN,1333,,2.0,0.0009686168151879117,0.0,,12.0,0.27999999999999936,133.0,-133.0
2024,YON,CS,YONCS13338RN,14.5,3,0.0,13.0,9.64,13.6,GHW,R110,338,2.5,1.5,267.0,2013.0,YNT,80.0,EW,690.0,R,20.0,0.0,23.59535519125683,12.800819672131148,1.9520218579234971,662.6,2680.0,826.1639344262295,-3168.0,YON_YONCS13338RN,1333,,-3.3599999999999994,0.0012914890869172154,0.0,,11.6,2.0,0.0,0.0
2025,YON,CS,YONCS13338RN,14.5,4,0.0,12.0,9.08,9.64,GHW,R110,338,2.5,1.5,267.0,2013.0,YNT,80.0,EW,690.0,R,0.0,0.0,24.061643835616437,12.527397260273972,2.161808219178082,233.6,2670.0,798.613698630137,-3325.0,YON_YONCS13338RN,1333,,-2.92,0.0,0.0,,13.0,-3.3599999999999994,0.0,0.0
2020,YON,CS,YONCS13338RS,13.8,4,0.34,17.0,14.27,,GHW,R110,338,2.5,1.5,267.0,2013.0,YNT,80.0,EW,690.0,R,33.0,138.0,24.572638436482084,12.866449511400651,2.2133224755700325,600.8,2728.0,933.472312703583,-2849.0,YON_YONCS13338RS,1333,,-2.7300000000000004,0.0022390490148184333,138.0,1.622499286100314e-05,,,,
2021,YON,CS,YONCS13338RS,13.8,0,0.0,13.08,16.38,14.27,GHW,R110,338,2.5,1.5,267.0,2013.0,YNT,80.0,EW,690.0,R,25.0,0.0,23.774202898550726,12.006956521739129,2.089246376811594,531.6,2929.0,856.5159420289855,-2773.0,YON_YONCS13338RS,1333,,3.299999999999999,0.0016962492536503283,0.0,,17.0,-2.7300000000000004,138.0,-138.0
2022,YON,CS,YONCS13338RS,13.8,4,0.0,15.0,11.87,16.38,GHW,R110,338,2.5,1.5,267.0,2013.0,YNT,80.0,EW,690.0,R,25.0,146.0,22.993972602739724,11.737260273972604,1.931945205479452,565.6,2547.0,853.5013698630137,-2638.0,YON_YONCS13338RS,1333,,-3.130000000000001,0.0016962492536503283,146.0,1.1618145572947454e-05,13.08,3.299999999999999,0.0,146.0
2023,YON,CS,YONCS13338RS,13.8,3,0.0,15.1,11.93,11.87,GHW,R110,338,2.5,1.5,267.0,2013.0,YNT,80.0,EW,690.0,R,14.0,0.0,23.792876712328766,12.633150684931508,2.0255068493150685,702.4,2625.0,840.6630136986302,-3216.0,YON_YONCS13338RS,1333,,-3.17,0.0009498995820441838,0.0,,15.0,-3.130000000000001,146.0,-146.0
2024,YON,CS,YONCS13338RS,13.8,4,0.0,11.0,11.46,11.93,GHW,R110,338,2.5,1.5,267.0,2013.0,YNT,80.0,EW,690.0,R,17.0,0.0,23.59535519125683,12.800819672131148,1.9520218579234971,662.6,2680.0,826.1639344262295,-3168.0,YON_YONCS13338RS,1333,,0.46000000000000085,0.0011534494924822232,0.0,,15.1,-3.17,0.0,0.0
2025,YON,CS,YONCS13338RS,13.8,4,0.0,9.0,9.42,11.46,GHW,R110,338,2.5,1.5,267.0,2013.0,YNT,80.0,EW,690.0,R,0.0,0.0,24.061643835616437,12.527397260273972,2.161808219178082,233.6,2670.0,798.613698630137,-3325.0,YON_YONCS13338RS,1333,,0.41999999999999993,0.0,0.0,,11.0,0.46000000000000085,0.0,0.0
2020,YON,CS,YONCS13412R,16.1,4,0.0,19.0,15.38,,GHW,R110,412,2.5,1.5,267.0,2013.0,YNT,80.0,EW,680.0,R,33.0,0.0,24.572638436482084,12.866449511400651,2.2133224755700325,600.8,2728.0,933.472312703583,-2849.0,YON_YONCS13412R,1341,,-3.619999999999999,0.0019191848698443712,0.0,,,,,
2021,YON,CS,YONCS13412R,16.1,0,0.0,15.47,16.55,15.38,GHW,R110,412,2.5,1.5,267.0,2013.0,YNT,80.0,EW,680.0,R,29.0,0.0,23.774202898550726,12.006956521739129,2.089246376811594,531.6,2929.0,856.5159420289855,-2773.0,YON_YONCS13412R,1341,,1.08,0.0016865564007723262,0.0,,19.0,-3.619999999999999,0.0,0.0
2022,YON,CS,YONCS13412R,16.1,0,0.0,13.0,10.18,16.55,GHW,R110,412,2.5,1.5,267.0,2013.0,YNT,80.0,EW,680.0,R,24.0,0.0,22.993972602739724,11.737260273972604,1.931945205479452,565.6,2547.0,853.5013698630137,-2638.0,YON_YONCS13412R,1341,,-2.8200000000000003,0.00139577081443227,0.0,,15.47,1.08,0.0,0.0
2023,YON,CS,YONCS13412R,16.1,3,0.0,14.9,12.42,10.18,GHW,R110,412,2.5,1.5,267.0,2013.0,YNT,80.0,EW,680.0,R,14.0,0.0,23.792876712328766,12.633150684931508,2.0255068493150685,702.4,2625.0,840.6630136986302,-3216.0,YON_YONCS13412R,1341,,-2.4800000000000004,0.0008141996417521575,0.0,,13.0,-2.8200000000000003,0.0,0.0
2024,YON,CS,YONCS13412R,16.1,3,0.0,14.0,15.06,12.42,GHW,R110,412,2.5,1.5,267.0,2013.0,YNT,80.0,EW,680.0,R,0.0,0.0,23.59535519125683,12.800819672131148,1.9520218579234971,662.6,2680.0,826.1639344262295,-3168.0,YON_YONCS13412R,1341,,1.0600000000000005,0.0,0.0,,14.9,-2.4800000000000004,0.0,0.0
2025,YON,CS,YONCS13412R,16.1,4,0.0,11.0,8.74,15.06,GHW,R110,412,2.5,1.5,267.0,2013.0,YNT,80.0,EW,680.0,R,0.0,0.0,24.061643835616437,12.527397260273972,2.161808219178082,233.6,2670.0,798.613698630137,-3325.0,YON_YONCS13412R,1341,,-2.26,0.0,0.0,,14.0,1.0600000000000005,0.0,0.0
2020,YON,CS,YONCS13412RF,0.0,0,0.31,0.0,0.0,,,,,,,,,,,,,,0.0,0.0,,,,,,,,YON_YONCS13412RF,1341,,0.0,,0.0,,,,,
2021,YON,CS,YONCS13412RF,0.0,0,0.0,0.0,0.0,0.0,,,,,,,,,,,,,0.0,0.0,,,,,,,,YON_YONCS13412RF,1341,,0.0,,0.0,,0.0,0.0,0.0,0.0
2022,YON,CS,YONCS13412RF,0.0,4,0.0,0.0,0.0,0.0,,,,,,,,,,,,,0.0,0.0,,,,,,,,YON_YONCS13412RF,1341,,0.0,,0.0,,0.0,0.0,0.0,0.0
2023,YON,CS,YONCS13412RF,0.0,0,0.0,0.0,0.0,0.0,,,,,,,,,,,,,0.0,0.0,,,,,,,,YON_YONCS13412RF,1341,,0.0,,0.0,,0.0,0.0,0.0,0.0
2024,YON,CS,YONCS13412RF,0.0,0,0.0,0.0,0.0,0.0,,,,,,,,,,,,,0.0,0.0,,,,,,,,YON_YONCS13412RF,1341,,0.0,,0.0,,0.0,0.0,0.0,0.0
2025,YON,CS,YONCS13412RF,0.0,0,0.0,0.0,0.0,0.0,,,,,,,,,,,,,0.0,0.0,,,,,,,,YON_YONCS13412RF,1341,,0.0,,0.0,,0.0,0.0,0.0,0.0
2020,YON,CS,YONCS13412RI,0.0,0,0.27,0.0,0.0,,,,,,,,,,,,,,0.0,117.0,,,,,,,,YON_YONCS13412RI,1341,,0.0,,117.0,,,,,
2021,YON,CS,YONCS13412RI,0.0,0,0.0,0.0,0.0,0.0,,,,,,,,,,,,,0.0,0.0,,,,,,,,YON_YONCS13412RI,1341,,0.0,,0.0,,0.0,0.0,117.0,-117.0
2022,YON,CS,YONCS13412RI,0.0,0,0.0,0.0,0.0,0.0,,,,,,,,,,,,,0.0,110.0,,,,,,,,YON_YONCS13412RI,1341,,0.0,,110.0,,0.0,0.0,0.0,110.0
2023,YON,CS,YONCS13412RI,0.0,0,0.0,0.0,0.0,0.0,,,,,,,,,,,,,0.0,0.0,,,,,,,,YON_YONCS13412RI,1341,,0.0,,0.0,,0.0,0.0,110.0,-110.0
2024,YON,CS,YONCS13412RI,0.0,0,0.0,0.0,0.0,0.0,,,,,,,,,,,,,0.0,0.0,,,,,,,,YON_YONCS13412RI,1341,,0.0,,0.0,,0.0,0.0,0.0,0.0
2025,YON,CS,YONCS13412RI,0.0,0,0.0,0.0,0.0,0.0,,,,,,,,,,,,,0.0,0.0,,,,,,,,YON_YONCS13412RI,1341,,0.0,,0.0,,0.0,0.0,0.0,0.0
2024,YRN,CS,*,0.0,0,0.0,0.0,0.0,,,,,,,,,,,,,,,,,,,,,,,YRN_*,,,0.0,,,,,,,
2025,YRN,CS,*,0.0,0,0.0,1.0,0.0,0.0,,,,,,,,,,,,,,,,,,,,,,YRN_*,,,-1.0,,,,0.0,0.0,,
2020,YRN,CS,YRNCS1216914,7.0,0,0.0,0.0,1.28,,,,,,,,,,,,,,0.0,0.0,,,,,,,,YRN_YRNCS1216914,1216,,1.28,,0.0,,,,,
2021,YRN,CS,YRNCS1216914,7.0,0,0.0,0.0,1.94,1.28,,,,,,,,,,,,,0.0,0.0,,,,,,,,YRN_YRNCS1216914,1216,,1.94,,0.0,,0.0,1.28,0.0,0.0
2022,YRN,CS,YRNCS1216914,7.0,0,0.0,0.0,3.4,1.94,,,,,,,,,,,,,0.0,165.33,,,,,,,,YRN_YRNCS1216914,1216,,3.4,,165.33,,0.0,1.94,0.0,165.33
2023,YRN,CS,YRNCS1216914,7.0,0,0.0,0.0,3.32,3.4,,,,,,,,,,,,,0.0,0.0,,,,,,,,YRN_YRNCS1216914,1216,,3.32,,0.0,,0.0,3.4,165.33,-165.33
2024,YRN,CS,YRNCS1216914,7.0,0,0.0,0.0,0.0,3.32,,,,,,,,,,,,,0.0,0.0,,,,,,,,YRN_YRNCS1216914,1216,,0.0,,0.0,,0.0,3.32,0.0,0.0
2025,YRN,CS,YRNCS1216914,7.0,0,0.0,0.0,0.0,0.0,,,,,,,,,,,,,0.0,0.0,,,,,,,,YRN_YRNCS1216914,1216,,0.0,,0.0,,0.0,0.0,0.0,0.0
2020,YRN,CS,YRNCS12169R10,14.1,0,0.0,0.0,15.62,,,,,,,,,,,,,,0.0,0.0,,,,,,,,YRN_YRNCS12169R10,1216,,15.62,,0.0,,,,,
2021,YRN,CS,YRNCS12169R10,14.1,0,0.0,0.0,13.98,15.62,,,,,,,,,,,,,0.0,0.0,,,,,,,,YRN_YRNCS12169R10,1216,,13.98,,0.0,,0.0,15.62,0.0,0.0
2022,YRN,CS,YRNCS12169R10,14.1,0,0.0,0.0,16.06,13.98,,,,,,,,,,,,,0.0,151.33,,,,,,,,YRN_YRNCS12169R10,1216,,16.06,,151.33,,0.0,13.98,0.0,151.33
2023,YRN,CS,YRNCS12169R10,14.1,0,0.0,0.0,12.36,16.06,,,,,,,,,,,,,0.0,0.0,,,,,,,,YRN_YRNCS12169R10,1216,,12.36,,0.0,,0.0,16.06,151.33,-151.33
2024,YRN,CS,YRNCS12169R10,14.1,0,0.0,0.0,0.0,12.36,,,,,,,,,,,,,0.0,0.0,,,,,,,,YRN_YRNCS12169R10,1216,,0.0,,0.0,,0.0,12.36,0.0,0.0
2025,YRN,CS,YRNCS12169R10,14.1,0,0.0,0.0,0.0,0.0,,,,,,,,,,,,,0.0,0.0,,,,,,,,YRN_YRNCS12169R10,1216,,0.0,,0.0,,0.0,0.0,0.0,0.0
2020,YRN,CS,YRNCS12169R11,11.5,0,0.0,0.0,11.42,,,,,,,,,,,,,,0.0,0.0,,,,,,,,YRN_YRNCS12169R11,1216,,11.42,,0.0,,,,,
2021,YRN,CS,YRNCS12169R11,11.5,0,0.0,0.0,9.54,11.42,,,,,,,,,,,,,0.0,0.0,,,,,,,,YRN_YRNCS12169R11,1216,,9.54,,0.0,,0.0,11.42,0.0,0.0
2022,YRN,CS,YRNCS12169R11,11.5,0,0.0,0.0,10.68,9.54,,,,,,,,,,,,,0.0,130.67,,,,,,,,YRN_YRNCS12169R11,1216,,10.68,,130.67,,0.0,9.54,0.0,130.67
2023,YRN,CS,YRNCS12169R11,11.5,0,0.0,0.0,6.66,10.68,,,,,,,,,,,,,0.0,0.0,,,,,,,,YRN_YRNCS12169R11,1216,,6.66,,0.0,,0.0,10.68,130.67,-130.67
2024,YRN,CS,YRNCS12169R11,11.5,0,0.0,0.0,0.0,6.66,,,,,,,,,,,,,0.0,0.0,,,,,,,,YRN_YRNCS12169R11,1216,,0.0,,0.0,,0.0,6.66,0.0,0.0
2025,YRN,CS,YRNCS12169R11,8.5,0,0.0,0.0,0.0,0.0,,,,,,,,,,,,,0.0,0.0,,,,,,,,YRN_YRNCS12169R11,1216,,0.0,,0.0,,0.0,0.0,0.0,0.0
2022,YRN,CS,YRNCS12169R11_P2,0.0,0,0.0,0.0,2.8,,,,,,,,,,,,,,0.0,0.0,,,,,,,,YRN_YRNCS12169R11_P2,1216,,2.8,,0.0,,,,,
2023,YRN,CS,YRNCS12169R11_P2,0.0,0,0.0,0.0,0.0,2.8,,,,,,,,,,,,,0.0,0.0,,,,,,,,YRN_YRNCS12169R11_P2,1216,,0.0,,0.0,,0.0,2.8,0.0,0.0
2020,YRN,CS,YRNCS12169R9,6.7,0,0.0,0.0,10.16,,,,,,,,,,,,,,0.0,0.0,,,,,,,,YRN_YRNCS12169R9,1216,,10.16,,0.0,,,,,
2021,YRN,CS,YRNCS12169R9,6.7,0,0.0,0.0,6.96,10.16,,,,,,,,,,,,,0.0,0.0,,,,,,,,YRN_YRNCS12169R9,1216,,6.96,,0.0,,0.0,10.16,0.0,0.0
2022,YRN,CS,YRNCS12169R9,6.7,0,0.0,0.0,8.76,6.96,,,,,,,,,,,,,0.0,171.0,,,,,,,,YRN_YRNCS12169R9,1216,,8.76,,171.0,,0.0,6.96,0.0,171.0
2023,YRN,CS,YRNCS12169R9,6.7,0,0.0,0.0,6.82,8.76,,,,,,,,,,,,,0.0,0.0,,,,,,,,YRN_YRNCS12169R9,1216,,6.82,,0.0,,0.0,8.76,171.0,-171.0
2024,YRN,CS,YRNCS12169R9,6.7,0,0.0,0.0,0.0,6.82,,,,,,,,,,,,,0.0,0.0,,,,,,,,YRN_YRNCS12169R9,1216,,0.0,,0.0,,0.0,6.82,0.0,0.0
2025,YRN,CS,YRNCS12169R9,6.7,0,0.0,0.0,0.0,0.0,,,,,,,,,,,,,0.0,0.0,,,,,,,,YRN_YRNCS12169R9,1216,,0.0,,0.0,,0.0,0.0,0.0,0.0
2020,YRN,CS,YRNCS12338P,7.2,0,0.0,0.0,6.4,,GALIL,R110,169,3.0,1.5,222.0,2012.0,,0.0,E,0.0,R,0.0,0.0,,,,,,,,YRN_YRNCS12338P,1233,,6.4,0.0,0.0,,,,,
2021,YRN,CS,YRNCS12338P,7.2,0,0.0,0.0,6.64,6.4,GALIL,R110,169,3.0,1.5,222.0,2012.0,,0.0,E,0.0,R,0.0,0.0,,,,,,,,YRN_YRNCS12338P,1233,,6.64,0.0,0.0,,0.0,6.4,0.0,0.0
2022,YRN,CS,YRNCS12338P,7.2,0,0.0,0.0,8.06,6.64,GALIL,R110,169,3.0,1.5,222.0,2012.0,,0.0,E,0.0,R,0.0,172.67,,,,,,,,YRN_YRNCS12338P,1233,,8.06,0.0,172.67,0.0,0.0,6.64,0.0,172.67
2023,YRN,CS,YRNCS12338P,7.2,0,0.0,0.0,6.46,8.06,GALIL,R110,169,3.0,1.5,222.0,2012.0,,0.0,E,0.0,R,0.0,0.0,,,,,,,,YRN_YRNCS12338P,1233,,6.46,0.0,0.0,,0.0,8.06,172.67,-172.67
2024,YRN,CS,YRNCS12338P,7.2,0,0.0,0.0,0.0,6.46,GALIL,R110,169,3.0,1.5,222.0,2012.0,,0.0,E,0.0,R,0.0,0.0,,,,,,,,YRN_YRNCS12338P,1233,,0.0,0.0,0.0,,0.0,6.46,0.0,0.0
2025,YRN,CS,YRNCS12338P,7.2,0,0.0,0.0,0.0,0.0,GALIL,R110,169,3.0,1.5,222.0,2012.0,,0.0,E,0.0,R,0.0,0.0,,,,,,,,YRN_YRNCS12338P,1233,,0.0,0.0,0.0,,0.0,0.0,0.0,0.0
2020,YRN,CS,YRNCS128338P,7.2,0,0.0,0.0,0.0,,,,,,,,,,,,,,0.0,0.0,,,,,,,,YRN_YRNCS128338P,1283,,0.0,,0.0,,,,,
2021,YRN,CS,YRNCS128338P,7.2,0,0.0,0.0,0.0,0.0,,,,,,,,,,,,,0.0,0.0,,,,,,,,YRN_YRNCS128338P,1283,,0.0,,0.0,,0.0,0.0,0.0,0.0
2020,YRN,CS,YRNCS1316914,6.7,0,0.0,0.0,4.82,,GALIL,R110,,3.0,1.5,222.0,2013.0,YRN,0.0,E,0.0,R,0.0,123.0,,,,,,,,YRN_YRNCS1316914,1316,,4.82,0.0,123.0,0.0,,,,
2021,YRN,CS,YRNCS1316914,6.7,0,0.0,0.0,3.86,4.82,GALIL,R110,,3.0,1.5,222.0,2013.0,YRN,0.0,E,0.0,R,0.0,0.0,,,,,,,,YRN_YRNCS1316914,1316,,3.86,0.0,0.0,,0.0,4.82,123.0,-123.0
2022,YRN,CS,YRNCS1316914,6.7,0,0.0,0.0,6.06,3.86,GALIL,R110,,3.0,1.5,222.0,2013.0,YRN,0.0,E,0.0,R,0.0,194.33,,,,,,,,YRN_YRNCS1316914,1316,,6.06,0.0,194.33,0.0,0.0,3.86,0.0,194.33
2023,YRN,CS,YRNCS1316914,6.7,0,0.0,0.0,3.4,6.06,GALIL,R110,,3.0,1.5,222.0,2013.0,YRN,0.0,E,0.0,R,0.0,0.0,,,,,,,,YRN_YRNCS1316914,1316,,3.4,0.0,0.0,,0.0,6.06,194.33,-194.33
2024,YRN,CS,YRNCS1316914,6.7,0,0.0,0.0,0.0,3.4,GALIL,R110,,3.0,1.5,222.0,2013.0,YRN,0.0,E,0.0,R,0.0,0.0,,,,,,,,YRN_YRNCS1316914,1316,,0.0,0.0,0.0,,0.0,3.4,0.0,0.0
2025,YRN,CS,YRNCS1316914,6.7,0,0.0,0.0,0.0,0.0,GALIL,R110,,3.0,1.5,222.0,2013.0,YRN,0.0,E,0.0,R,0.0,0.0,,,,,,,,YRN_YRNCS1316914,1316,,0.0,0.0,0.0,,0.0,0.0,0.0,0.0
2023,YRN,CS,YRNCS2346P,10.68,0,0.0,0.0,0.0,,GALIL,PAUL1103,46,3.0,1.5,0.0,2023.0,YRN,0.0,,0.0,R,0.0,0.0,,,,,,,,YRN_YRNCS2346P,2346,,0.0,,0.0,,,,,
2024,YRN,CS,YRNCS2346P,10.68,0,0.0,0.0,0.0,0.0,GALIL,PAUL1103,46,3.0,1.5,0.0,2023.0,YRN,0.0,,0.0,R,0.0,0.0,,,,,,,,YRN_YRNCS2346P,2346,,0.0,,0.0,,0.0,0.0,0.0,0.0
2025,YRN,CS,YRNCS2346P,10.68,0,0.0,0.0,0.0,0.0,GALIL,PAUL1103,46,3.0,1.5,0.0,2023.0,YRN,0.0,,0.0,R,0.0,0.0,,,,,,,,YRN_YRNCS2346P,2346,,0.0,,0.0,,0.0,0.0,0.0,0.0
2022,ZRT,CS,ZRTCS09-1,6.2,0,0.0,0.0,0.0,,,,,,,,,,,,,,0.0,150.67,,,,,,,,ZRT_ZRTCS09-1,09,,0.0,,150.67,,,,,
2023,ZRT,CS,ZRTCS09-1,6.2,0,0.0,0.0,0.0,0.0,,,,,,,,,,,,,0.0,0.0,,,,,,,,ZRT_ZRTCS09-1,09,,0.0,,0.0,,0.0,0.0,150.67,-150.67
2022,ZRT,CS,ZRTCS09-1S,3.6,0,0.0,0.0,0.0,,,,,,,,,,,,,,0.0,134.0,,,,,,,,ZRT_ZRTCS09-1S,09,,0.0,,134.0,,,,,
2023,ZRT,CS,ZRTCS09-1S,3.6,0,0.0,0.0,0.0,0.0,,,,,,,,,,,,,0.0,0.0,,,,,,,,ZRT_ZRTCS09-1S,09,,0.0,,0.0,,0.0,0.0,134.0,-134.0
2022,ZRT,CS,ZRTCS09-2,4.8,0,0.0,0.0,0.0,,,,,,,,,,,,,,0.0,134.67,,,,,,,,ZRT_ZRTCS09-2,09,,0.0,,134.67,,,,,
2023,ZRT,CS,ZRTCS09-2,4.8,0,0.0,0.0,0.0,0.0,,,,,,,,,,,,,0.0,0.0,,,,,,,,ZRT_ZRTCS09-2,09,,0.0,,0.0,,0.0,0.0,134.67,-134.67
2022,ZRT,CS,ZRTCS09-3,10.7,0,0.0,0.0,0.0,,,,,,,,,,,,,,0.0,160.67,,,,,,,,ZRT_ZRTCS09-3,09,,0.0,,160.67,,,,,
2023,ZRT,CS,ZRTCS09-3,10.7,0,0.0,0.0,0.0,0.0,,,,,,,,,,,,,0.0,0.0,,,,,,,,ZRT_ZRTCS09-3,09,,0.0,,0.0,,0.0,0.0,160.67,-160.67
